text,label,source,health_topic,unit,label_status,origin,group,fact_checker,language
Britain to reveal trial criteria for coronavirus antibody tests.,Reliable,PUBHEALTH,Health News,claim,dataset_label,data/raw/pubhealth,8713,Alistair Smout,en
U.S. says results encouraging for healthcare delivery reforms.,Reliable,PUBHEALTH,Health News,claim,dataset_label,data/raw/pubhealth,2768,David Morgan,en
Latest trial in J&J talc litigations gets under way in California.,Reliable,PUBHEALTH,Health News,claim,dataset_label,data/raw/pubhealth,2717,Tina Bellon,en
"Opossums kill thousands of ticks each week, inhibiting the spread of Lyme Disease to humans.",Reliable,PUBHEALTH,"Critter Country, lyme disease, opossum",claim,dataset_label,data/raw/pubhealth,28215,Kim LaCapria,en
Democrats hoping to flip House not just trash-talking Trump.,Reliable,PUBHEALTH,"Access to health care, Health, Politics, North America, Donald Trump, Barack Obama",claim,dataset_label,data/raw/pubhealth,5793, Steve Leblanc,en
Sex tech from women-led startups pops up at CES gadget show.,Reliable,PUBHEALTH,"Technology, Consumer Electronics Show, General News, Business, Consumer electronics, Lifestyle, Health, Fires, Las Vegas, U.S. News",claim,dataset_label,data/raw/pubhealth,2981, Rachel Lerman,mixed
Waxed apples cause cancer.,Misinformation,PUBHEALTH,"Medical, apples, food warnings, metaspoon",claim,dataset_label,data/raw/pubhealth,29528,Kim LaCapria,en
Viral image Says BBC prematurely reported “Ghislaine Maxwell moved to intensive care as coronavirus symptoms worsen.”,Misinformation,PUBHEALTH,"Criminal Justice, Crime, Facebook Fact-checks, Coronavirus, Viral image, ",claim,dataset_label,data/raw/pubhealth,26007,Ciara O'Rourke,en
Brazil cities lurch to lockdowns amid virus crisis red flags.,Reliable,PUBHEALTH,"Brazil, Rio de Janeiro, AP Top News, Health, General News, Latin America, Caribbean, International News, Jair Bolsonaro, Virus Outbreak, Public health",claim,dataset_label,data/raw/pubhealth,7453, David Biller And Mauricio Savarese,en
The coronavirus is “simply the common cold.”,Misinformation,PUBHEALTH,"Public Health, Facebook Fact-checks, Coronavirus, Facebook posts, ",claim,dataset_label,data/raw/pubhealth,26723,Tom Kertscher,en
ALS patient behind ice bucket challenge: I will bounce back.,Reliable,PUBHEALTH,"Pete Frates, Health, Boston, Lou Gehrigs disease, North America, Boston College, Beverly",claim,dataset_label,data/raw/pubhealth,4639, Philip Marcelo,en
State Senate leader outlines agenda as lawmakers sworn in.,Reliable,PUBHEALTH,"Legislature, Mental health, Prescription drug costs, Health, Boston, Charlie Baker, Prescription drugs, Massachusetts, Education",claim,dataset_label,data/raw/pubhealth,3801, Bob Salsberg,en
Instagram posts Says no one has died from the coronavirus in the United States.,Misinformation,PUBHEALTH,"Facebook Fact-checks, Coronavirus, Instagram posts, ",claim,dataset_label,data/raw/pubhealth,26761,Ciara O'Rourke,en
'Enemy of mankind': Coronavirus deaths top SARS as China returns to work.,Reliable,PUBHEALTH,Health News,claim,dataset_label,data/raw/pubhealth,8737,"Winni Zhou, Dominique Patton",en
Holiday fitness gifts trend from high-tech to basic.,Reliable,PUBHEALTH,Health News,claim,dataset_label,data/raw/pubhealth,2572,Dorene Internicola,en
An audio message lists five ways people can prevent the novel coronavirus.,Misinformation,PUBHEALTH,"Public Health, Facebook Fact-checks, Coronavirus, Chain message, ",claim,dataset_label,data/raw/pubhealth,26595,Daniel Funke,en
Mass virus test in nursing home seeks to combat loneliness.,Reliable,PUBHEALTH,"AP Top News, Understanding the Outbreak, International News, General News, France, Lifestyle, Health, Science, Nursing homes, Virus Outbreak, Europe",claim,dataset_label,data/raw/pubhealth,7606, Lori Hinnant And Jean-François Badias,en
"No more menthol cigarettes: New ban on tobacco, vape flavors.",Reliable,PUBHEALTH,"Health, Boston, General News, Charlie Baker, Business, AP Top News, Massachusetts, Smoking, Vaping, U.S. News, Tobacco industry regulation, Laws",claim,dataset_label,data/raw/pubhealth,3775, Philip Marcelo,en
"""Medicaid expansion """"could cost the Commonwealth of Virginia over $1 billion a year...""",Misinformation,PUBHEALTH,"Medicaid, State Budget, Virginia, Steven Landes, ",claim,dataset_label,data/raw/pubhealth,14753,Sean Gorman,en
"""Some doctors say Ebola can be transmitted through the air by """"a sneeze or some cough.""",Misinformation,PUBHEALTH,"Ebola, Health Care, Public Health, PunditFact, George Will, ",claim,dataset_label,data/raw/pubhealth,16297,Jon Greenberg,en
The number of people in Atlanta dying from HIV and AIDS declined 59 percent between 2004 and 2012.,Reliable,PUBHEALTH,"Georgia, Public Health, Fulton County Health and Wellness, ",claim,dataset_label,data/raw/pubhealth,14848,April Hunt,en
Bioweapon! Zika virus is being spread by GMO mosquitos (sic),Misinformation,PUBHEALTH,"Global News Service, Animals, Public Health, Viral image, ",claim,dataset_label,data/raw/pubhealth,14624,Linda Qiu,en
"""Freedom Partners Says Bruce Braley took """"tens of thousands from his friends in the health insurance industry"""" and gave them """"special favors"""" by voting for Obamacare.""",Misinformation,PUBHEALTH,"National, Campaign Finance, Health Care, Freedom Partners, ",claim,dataset_label,data/raw/pubhealth,17148,Louis Jacobson,en
FDA Approves Roche’s Cotellic Treatment for Melanoma,Misinformation,PUBHEALTH,"drug costs,FDA",claim,dataset_label,data/raw/pubhealth,9710,"A'ndrea Elyse Messer, MS, PhD,Doug Campos-Outcalt, MD, MPA,Kevin Lomangino",en
"""FDA-approved """"synthetic marijuana"""" leads to deaths in Illinois.""",Misinformation,PUBHEALTH," drugs, false stories, ",claim,dataset_label,data/raw/pubhealth,42183,Saranac Hale Spencer,en
"This is COVID-19, not COVID-1, folks. And so you would think the people charged with the World Health Organization facts and figures would be on top of that.",Misinformation,PUBHEALTH,"National, Public Health, Coronavirus, Kellyanne Conway, ",claim,dataset_label,data/raw/pubhealth,26471,Bill McCarthy,en
"UK calls for 250,000 volunteers as virus deaths surge.",Reliable,PUBHEALTH,Health News,claim,dataset_label,data/raw/pubhealth,8247,"William James, Andy Bruce",en
Tamiflu is responsible for the increased number of deaths this flu season.,Misinformation,PUBHEALTH,"Medical, flu, influenza, insert",claim,dataset_label,data/raw/pubhealth,30597,Alex Kasprak,en
"""The Obama administration issued an """"11th-hour rule that entrenches federal family planning funding for Planned Parenthood.""",Reliable,PUBHEALTH,"Abortion, National, Federal Budget, Public Health, Joni Ernst, ",claim,dataset_label,data/raw/pubhealth,12926,Louis Jacobson,en
Facebook post Says Michigan COVID-19 order bans gardening and the sale of vegetable seeds and fruit.,Misinformation,PUBHEALTH,"Government Regulation, Public Health, Facebook Fact-checks, Coronavirus, Facebook posts, ",claim,dataset_label,data/raw/pubhealth,26473,Tom Kertscher,en
"Rules for reopening hotels, gyms, attractions taking shape.",Reliable,PUBHEALTH,"New Hampshire, Health, General News, Virus Outbreak, Public health",claim,dataset_label,data/raw/pubhealth,7454, Holly Ramer,en
"""Chain email Says """"At age 76 when you most need it, you are not eligible for cancer treatment"""" under Affordable Care Act.""",Misinformation,PUBHEALTH,"Oregon, Health Care, Medicare, Chain email, ",claim,dataset_label,data/raw/pubhealth,18292,Janie Har,mixed
New Heart Imaging Method May Predict Heart Attack,Misinformation,PUBHEALTH,"ct,heart attacks,heart disease",claim,dataset_label,data/raw/pubhealth,9491,"Joann Rodgers, MS,Christopher Labos, MD,Joy Victory",tl
"""Obamacare provision will allow """"forced home inspections"""" by government agents.""",Misinformation,PUBHEALTH,"National, Civil Rights, Health Care, Public Health, Privacy Issues, Bloggers, ",claim,dataset_label,data/raw/pubhealth,18022,Becky Bowers,en
Cruise ship passengers 'in limbo' off San Francisco awaiting coronavirus tests.,Reliable,PUBHEALTH,Health News,claim,dataset_label,data/raw/pubhealth,8920,"Steve Gorman, Cath Turner",en
The mortality rate for the flu is “right around” that of the new coronavirus: “It’s right around 2%.”,Misinformation,PUBHEALTH,"Health Check, Coronavirus, Chad Wolf, ",claim,dataset_label,data/raw/pubhealth,26777,Victoria Knight,en
"Mitch McConnell said he wanted states to go bankrupt instead of the federal government providing relief. Today, Thom Tillis agreed.",Misinformation,PUBHEALTH,"North Carolina, Coronavirus, Cal Cunningham, ",claim,dataset_label,data/raw/pubhealth,26324,Paul Specht,en
David Perdue Says his policy is that “health insurance should always cover preexisting conditions. For anyone. Period.”,Misinformation,PUBHEALTH,"Georgia, National, Health Care, David Perdue, ",claim,dataset_label,data/raw/pubhealth,25645,Jon Greenberg,en
"Amy, I looked online at your (health care) plan. It’s two paragraphs.",Misinformation,PUBHEALTH,"Health Care, Elizabeth Warren, ",claim,dataset_label,data/raw/pubhealth,26845,Louis Jacobson,mixed
"Wearing masks for the coronavirus “decreases oxygen intake, increases toxin inhalation, shuts down immune system, increases virus risk, scientifically inaccurate, effectiveness not studied.”",Misinformation,PUBHEALTH,"Public Health, Facebook Fact-checks, Coronavirus, Facebook posts, ",claim,dataset_label,data/raw/pubhealth,26131,Tom Kertscher,en
New study from KKI shows feasibility of acupuncture in young children with ASD,Misinformation,PUBHEALTH,"acupuncture,autism,Inc.,Mary Ann Liebert",claim,dataset_label,data/raw/pubhealth,9131,"Matt Shipman,Virginia A. Moyer, MD,Kathlyn Stone",en
"""George Flinn Says his """"patents in ultrasound have revolutionized modern medicine.""",Misinformation,PUBHEALTH,"Tennessee, Health Care, George Flinn, ",claim,dataset_label,data/raw/pubhealth,19716,Bartholomew Sullivan,en
The Trump administration fired the U.S. pandemic response team in 2018 to cut costs.,Reliable,PUBHEALTH,"Politics, COVID-19",claim,dataset_label,data/raw/pubhealth,35062,Bethania Palma,en
"""Some states hit hardest by opioid deaths """"have more opioid prescriptions than residents.""",Reliable,PUBHEALTH,"Drugs, New York, Eric Schneiderman, ",claim,dataset_label,data/raw/pubhealth,12046,Dan Clark,en
Only three in 10 Texas doctors are currently accepting new Medicaid patients.,Misinformation,PUBHEALTH,"Federal Budget, Health Care, Medicaid, Public Health, State Budget, Texas, Rick Perry, ",claim,dataset_label,data/raw/pubhealth,18569,W. Gardner Selby,en
Italy experts say reliable coronavirus antibody test may be ready soon.,Reliable,PUBHEALTH,Health News,claim,dataset_label,data/raw/pubhealth,8644,"Giselda Vagnoni, Angelo Amante",mixed
Brazil’s Bolsonaro eyes new body for environmental policy.,Reliable,PUBHEALTH,"Brazil, Environment, Climate, International News, Forests, Deforestation, Business, Jair Bolsonaro, Environmental policy",claim,dataset_label,data/raw/pubhealth,5621, Mauricio Savarese,en
Heart Drug Linked to Extra Years for Cancer Patients,Reliable,PUBHEALTH,"beta-blockers,ovarian cancer",claim,dataset_label,data/raw/pubhealth,9747,"Kathlyn Stone,Earle Holland,Kevin Lomangino",en
"In Madagascar, plague outbreak now threatens largest cities.",Reliable,PUBHEALTH,"Madagascar, Health, Antananarivo, Africa, Epidemics, Plague, Indian Ocean, International News",claim,dataset_label,data/raw/pubhealth,6787, Edward Carver,en
Preventive neuroradiology: Brain imaging bolsters efforts to lower Alzheimer's risk,Misinformation,PUBHEALTH,"Alzheimer's disease,Association/Society news release,Health care costs,Imaging",claim,dataset_label,data/raw/pubhealth,10986,"Euna Bodner, MS,Kevin Lomangino",en
European measles cases highest in a decade as pockets refuse vaccination.,Reliable,PUBHEALTH,Health News,claim,dataset_label,data/raw/pubhealth,7712,Kate Kelland,en
Wisconsin residents using medical cannabis amid restrictions.,Reliable,PUBHEALTH,"Madison, Wisconsin, Cancer, Medical marijuana, Skin cancer, General News, Marijuana",claim,dataset_label,data/raw/pubhealth,4248, Shayli Kipnis Of Washington Watch,en
Denver to furlough thousands of workers amid coronavirus.,Reliable,PUBHEALTH,"Virus Outbreak, Colorado, Health, General News, Denver, Business, Public health, U.S. News",claim,dataset_label,data/raw/pubhealth,7434, Thomas Peipert,en
"""Insurers delayed an Illinois man's treatment, """"and he died because of it.""",Misinformation,PUBHEALTH,"National, Health Care, Barack Obama, ",claim,dataset_label,data/raw/pubhealth,24532,Louis Jacobson,en
I personally am pro-choice. I always have been. And I made no qualms about that when I was elected governor.,Reliable,PUBHEALTH,"Abortion, Health Care, Medicaid, Illinois, Bruce Rauner, ",claim,dataset_label,data/raw/pubhealth,12017,Matt Dietrich,en
Fate of opioid litigation hinges on government 'police power'.,Reliable,PUBHEALTH,Health News,claim,dataset_label,data/raw/pubhealth,280,"Mike Spector, Nate Raymond",en
"If you can hold your breath without coughing, discomfort, stiffness, or tightness, your lungs do not suffer from fibrosis and therefore you have no COVID-19 infection.",Misinformation,PUBHEALTH,"Medical, COVID-19",claim,dataset_label,data/raw/pubhealth,35145,Alex Kasprak,en
"The fruit of the graviola tree (soursop or guyabano), or other components of the plant (A. muricata), are a viable cure for cancer.",Misinformation,PUBHEALTH,"Medical, ASP Article, cancer cure, graviola",claim,dataset_label,data/raw/pubhealth,33696,Alex Kasprak,en
Michael Bloomberg Says “black babies die at rates twice as high as white babies because of a lack of access to affordable health care.”,Reliable,PUBHEALTH,"Children, Families, Health Care, Women, Texas, Michael Bloomberg, ",claim,dataset_label,data/raw/pubhealth,26850,Madlin Mekelburg,mixed
Nordic scientists start trial on nicotine vaccine.,Reliable,PUBHEALTH,Health News,claim,dataset_label,data/raw/pubhealth,8817,Sven Norsdenstam,en
"Instagram posts Says “Bill Gates and other globalists, in collaboration with pharmaceutical companies, are reportedly working to push tracking bracelets and ‘invisible tattoos’ to monitor Americans during an impending lockdown.”",Misinformation,PUBHEALTH,"Public Health, Science, Technology, Facebook Fact-checks, Coronavirus, Instagram posts, ",claim,dataset_label,data/raw/pubhealth,26511,Samantha Putterman,en
"""Pediatricians have cut down on the number and proximity of vaccines because they recognize there have been """"too many in too short a period of time.""",Misinformation,PUBHEALTH,"Public Health, Florida, Ben Carson, ",claim,dataset_label,data/raw/pubhealth,15144,Amy Sherman,en
Joe Biden Says President Donald Trump “took more than a month to allocate Congress’ emergency funding to tribes — and only did so after tribes sued.”,Reliable,PUBHEALTH,"Economy, Health Care, Public Health, Coronavirus, Joe Biden, ",claim,dataset_label,data/raw/pubhealth,26203,Miriam Valverde,en
"Amid doc’s murder case, lawsuits reflect battle over blame.",Reliable,PUBHEALTH,"Columbus, Health, General News, Ohio, U.S. News, Lawsuits",claim,dataset_label,data/raw/pubhealth,2989, Kantele Franko,en
"""Abortion coverage is a standard insurance benefit """"in nearly 90 percent of private plans sold in the U.S.""",Misinformation,PUBHEALTH,"Abortion, Health Care, Virginia, NARAL Pro-Choice Virginia, ",claim,dataset_label,data/raw/pubhealth,18519,Sean Gorman,en
Relapses of childhood leukemia improve with high doses of common chemo drug,Reliable,PUBHEALTH,"Academic medical center news release,Cancer",claim,dataset_label,data/raw/pubhealth,11144,"Earle Holland,Dan Mayer, MD,Kathlyn Stone",en
Governments to discuss tackling tuberculosis at UN summit.,Reliable,PUBHEALTH,"Health, United Nations, Tuberculosis",claim,dataset_label,data/raw/pubhealth,4348, Frank Jordans,mixed
"The household plant Dieffenbachia, one of the most common indoor plants, is so poisonous it can kill a child in one minute and an adult in 15 minutes.",Misinformation,PUBHEALTH,"Medical, botany, dieffenbachia, dumb cane",claim,dataset_label,data/raw/pubhealth,31268,Alex Kasprak,en
“The CDC can detain anyone with a fever — indefinitely. … Vaccination (is) a way people could get out of detention.”,Misinformation,PUBHEALTH,"Health Care, Public Health, Coronavirus, Bloggers, ",claim,dataset_label,data/raw/pubhealth,26670,Louis Jacobson,en
"""No other country comes even close to"""" the """"nearly 40,000 people in this country"""" lost to gun violence.""",Misinformation,PUBHEALTH," climate change, farmers, green jobs, gun violence, health insurance, manufacturing, Tax Cuts and Jobs Act, ",claim,dataset_label,data/raw/pubhealth,41721,Eugene Kiely,en
"As America's waistline expands, costs soar.",Reliable,PUBHEALTH,Health News,claim,dataset_label,data/raw/pubhealth,1854,Sharon Begley,en
"""Under ‘Trumpcare,’"""" domestic violence and sexual assault """"could be considered pre-existing conditions.""",Misinformation,PUBHEALTH,"Health Care, Legal Issues, Crime, Public Health, Women, Wisconsin, Gwen Moore, ",claim,dataset_label,data/raw/pubhealth,12527,Tom Kertscher,en
Predicting violence in psychopaths is 'no more than chance'.,Reliable,PUBHEALTH,Health News,claim,dataset_label,data/raw/pubhealth,2441,Kate Kelland,en
"George Michael died of natural causes, British coroner says.",Reliable,PUBHEALTH,"AP Top News, International News, Entertainment, Music, George Michael, Health, Europe",claim,dataset_label,data/raw/pubhealth,5977, Jill Lawless,en
Austria bets on mass testing to manage coronavirus spread.,Reliable,PUBHEALTH,Health News,claim,dataset_label,data/raw/pubhealth,8111,Kirsti Knolle,en
Democrats unveil new policies before gubernatorial primary.,Reliable,PUBHEALTH,"Universal health care, Scholarships, Michigan, Gretchen Whitmer, Elections, Child care",claim,dataset_label,data/raw/pubhealth,7204, David Eggert,en
"Jerry Lewis, Hollywood survivor, showman, dies at 91.",Reliable,PUBHEALTH,"Muscular dystrophy, Los Angeles, Health, Entertainment, Movies, Jerry Lewis, North America, AP Top News, Celebrities, Hollywood, Dean Martin",claim,dataset_label,data/raw/pubhealth,7250, Christy Lemire,tl
Opponents of Georgia abortion ban promise court challenge.,Reliable,PUBHEALTH,"U.S. News, Georgia, Supreme courts, Planned Parenthood, Health, Abortion, U.S. Supreme Court, Courts, Womens health, U.S. News, Laws",claim,dataset_label,data/raw/pubhealth,7300, Ben Nadler,en
China readies stimulus measures as local virus cases dwindle.,Reliable,PUBHEALTH,Health News,claim,dataset_label,data/raw/pubhealth,8034,"Andrew Galbraith, Luoyan Liu",en
"""Newt Gingrich Says Hillary Clinton's health care plan from the 1990s """"had a broader provision in favor of corporate right to back out"""" of providing contraceptive coverage than the one created by the Hobby Lobby Supreme Court decision.""",Misinformation,PUBHEALTH,"Abortion, Congress, Corporations, Health Care, Religion, Sexuality, Supreme Court, PunditFact, Newt Gingrich, ",claim,dataset_label,data/raw/pubhealth,16807,Lauren Carroll,en
"“Infection rates in Allegany, Cattaraugus and Chautauqua counties have consistently been among the lowest in the state.”",Reliable,PUBHEALTH,"Public Health, New York, Coronavirus, George Borrello, ",claim,dataset_label,data/raw/pubhealth,26134,Michael Hogan,en
Groups sow doubt about COVID vaccine before one even exists.,Reliable,PUBHEALTH,"Bill Gates, Anthony Fauci, AP Top News, Immunizations, Understanding the Outbreak, Health, General News, AP Fact Check, Latin America, Africa, Asia Pacific, Infectious diseases, Virus Outbreak, Europe, U.S. News",claim,dataset_label,data/raw/pubhealth,7419, David Klepper And Beatrice Dupuy,en
Europe grapples with 'socio-economic tsunami' of coronavirus crisis.,Reliable,PUBHEALTH,Health News,claim,dataset_label,data/raw/pubhealth,7898,"Gabriela Baczynska, John Chalmers",en
"""John Morgan Says Cathy Jordan was """"arrested"""" and dragged out of her home by """"a SWAT team of hooligans"""" for using medical marijuana.""",Misinformation,PUBHEALTH,"Drugs, Health Care, Crime, Florida, Marijuana, John Morgan, ",claim,dataset_label,data/raw/pubhealth,17269,Joshua Gillin,en
"""Rhode Island gives undocumented pregnant women health insurance, plus a cash card """"with $400 a month on it"""" and """"$250 a month or $275 a month to spend on food.""",Misinformation,PUBHEALTH,"Immigration, Rhode Island, Health Care, Poverty, Peter Palumbo, ",claim,dataset_label,data/raw/pubhealth,23373,Cynthia Needham,en
Pfizer lung cancer drug fails in two large studies.,Reliable,PUBHEALTH,Health News,claim,dataset_label,data/raw/pubhealth,2798,Ransdell Pierson,en
“Putin has stated: Russian citizens (have) 2 options: Stay home for 15 days or in jail for 5 years.”,Misinformation,PUBHEALTH,"Foreign Policy, Public Health, Coronavirus, Instagram posts, ",claim,dataset_label,data/raw/pubhealth,26607,Louis Jacobson,en
There's no rationing in any of these bills.,Misinformation,PUBHEALTH,"National, Health Care, This Week - ABC News, Howard Dean, ",claim,dataset_label,data/raw/pubhealth,24575,Robert Farley,en
"""A photograph shows a genuine crop circle resembling a logo for Microsoft Windows and the """"crown"""" shape associated with coronaviruses.""",Misinformation,PUBHEALTH,"Fauxtography, COVID-19",claim,dataset_label,data/raw/pubhealth,35339,Dan Evon,en
Study raises fresh dementia concerns from playing pro soccer.,Reliable,PUBHEALTH,"Heart disease, Soccer, England, Health, Scotland, General News, Sports - Europe, Dementia",claim,dataset_label,data/raw/pubhealth,5205, Rob Harris,en
Unilever says new milkshake helps control appetite.,Reliable,PUBHEALTH,Health News,claim,dataset_label,data/raw/pubhealth,8802,Michael Kahn,en
Drinking “water a lot and gargling with warm water & salt or vinegar eliminates” the coronavirus.,Misinformation,PUBHEALTH,"Public Health, Facebook Fact-checks, Coronavirus, Viral image, ",claim,dataset_label,data/raw/pubhealth,26673,Tom Kertscher,en
Florida's top court puts medical marijuana initiative on November ballot.,Reliable,PUBHEALTH,Health News,claim,dataset_label,data/raw/pubhealth,2793,Bill Cotterell,en
Burundi defies COVID-19 for election ending a bloody rule.,Reliable,PUBHEALTH,"Pierre Nkurunziza, Health, General News, Elections, East Africa, Africa, International News, Pandemics, Uganda, Burundi, Virus Outbreak",claim,dataset_label,data/raw/pubhealth,7335, Rodney Muhumuza And Ignatius Ssuuna,en
"""H.R. 4919, passed on 8 December 2016, allows the microchipping of """"mentally disabled"""" citizens such as patients with autism and Alzheimer's disease.""",Misinformation,PUBHEALTH,"Politics Conspiracy Theories, alzheimer's, autism, microchips",claim,dataset_label,data/raw/pubhealth,31904,David Emery,en
US urges transparency in Ebola-like death in Tanzania.,Reliable,PUBHEALTH,"Alex Azar, Health, General News, East Africa, Africa, International News, Tanzania, Uganda, Ebola virus",claim,dataset_label,data/raw/pubhealth,5153,Associated Press,en
Bitter taste receptors may hold the key to managing preterm labor,Misinformation,PUBHEALTH,"bitter taste receptors,Federation of American Societies for Experimental Biology (FASEB),preterm labor",claim,dataset_label,data/raw/pubhealth,9137,"A'ndrea Elyse Messer, MS, PhD,Doug Campos-Outcalt, MD, MPA,Kathlyn Stone",mixed
Growth hormone reduces risk of osteoporosis fractures in older women,Misinformation,PUBHEALTH,"Association/Society news release,Women's health",claim,dataset_label,data/raw/pubhealth,11083,"Matt Shipman,Karen Carlson, MD,Kevin Lomangino",en
"Vegetarian diets almost twice as effective in reducing body weight, study finds",Misinformation,PUBHEALTH,"Taylor & Francis Group,vegetarian diet,weight loss",claim,dataset_label,data/raw/pubhealth,9135,"Chioma Ihekweazu, PhD, MPH,Dan Mayer, MD,Kathlyn Stone",en
Bangladesh grapples with country’s worst dengue outbreak.,Reliable,PUBHEALTH,"Dhaka, Dengue fever, Bangladesh, International News, General News, Health, Asia Pacific",claim,dataset_label,data/raw/pubhealth,4560, Abdur Rahman Jahangir,en
Shaheen announces broad legislation to address addiction.,Reliable,PUBHEALTH,"New Hampshire, Opioids, Epidemics, General News, Legislation, Health, Jeanne Shaheen",claim,dataset_label,data/raw/pubhealth,5007,Holly Ramer,en
Ranks of people reaching age 90 tripled since 1980: report.,Reliable,PUBHEALTH,Health News,claim,dataset_label,data/raw/pubhealth,1908,Lauren Keiper,en
"Former Bush, Reagan EPA heads warn on Trump rollbacks.",Reliable,PUBHEALTH,"Ronald Reagan, George H.W. Bush, Health, General News, Politics, William K. Reilly, Environment, Christine Todd Whitman, George W. Bush, Gina McCarthy, Public health",claim,dataset_label,data/raw/pubhealth,4614, Ellen Knickmeyer,en
Cathay to let crew wear masks on all flights due to new coronavirus.,Reliable,PUBHEALTH,Health News,claim,dataset_label,data/raw/pubhealth,8917,Jamie Freed,en
Large Europe majorities for assisted suicide: survey.,Reliable,PUBHEALTH,Health News,claim,dataset_label,data/raw/pubhealth,2576,"Tom Heneghan, Religion Editor",en
Our African-American communities are absolutely in the worst shape they've ever been in before. Ever. Ever. Ever.,Misinformation,PUBHEALTH,"National, Economy, Education, History, Race and Ethnicity, Public Health, Donald Trump, ",claim,dataset_label,data/raw/pubhealth,13475,Louis Jacobson,en
Blogger Says George Soros and Bill Gates are funding a bioweapons lab in Sierra Leone that caused the Ebola outbreak.,Misinformation,PUBHEALTH,"Ebola, Public Health, PunditFact, Bloggers, ",claim,dataset_label,data/raw/pubhealth,16628,Katie Sanders,en
"""Recently Rick Scott """"closed 30 women’s health care centers across the state.""",Misinformation,PUBHEALTH,"Health Care, State Budget, Women, Florida, Lois Frankel, ",claim,dataset_label,data/raw/pubhealth,16461,Amy Sherman,en
Fruits and vegetables from other countries are being contaminated with blood containing either AIDS or HIV.,Misinformation,PUBHEALTH,"Disinformation, Fact Checks, Health / Medical, Politics, Viral Content",claim,dataset_label,data/raw/pubhealth,37083,  Rich Buhler & Staff  ,en
Ultra-personal therapy: Gene tumor boards guide cancer care.,Reliable,PUBHEALTH,"AP Top News, San Diego, International News, Tumors, Genetic Frontiers, North America, Health, Business, California, Cancer, U.S. News, Science",claim,dataset_label,data/raw/pubhealth,7404, Marilynn Marchione,en
"With rare candor, Lovato chronicled her recovery and relapse.",Reliable,PUBHEALTH,"Mental health, Health, Entertainment, North America, Demi Lovato, Depression",claim,dataset_label,data/raw/pubhealth,7015, Mesfin Fekadu,en
Florida latest place to declare emergency over hepatitis A.,Reliable,PUBHEALTH,"Health, General News, Florida, Philadelphia, Hepatitis, Miami, Liver disease, Public health",claim,dataset_label,data/raw/pubhealth,6368, Marcus Lim,en
A video showing people who appear to be impaired by drugs is labeled as being from California.,Misinformation,PUBHEALTH," drugs, viral videos, ",claim,dataset_label,data/raw/pubhealth,41983,Saranac Hale Spencer,en
EU drug agency sees no U.S.-like cannabis legalization moves.,Reliable,PUBHEALTH,Health News,claim,dataset_label,data/raw/pubhealth,1656,Andrei Khalip,en
Housing options help autistic adults find independence.,Reliable,PUBHEALTH,"AP Top News, Dallas, Pittsburgh, Pennsylvania, AP Weekend Reads, Health, U.S. News",claim,dataset_label,data/raw/pubhealth,6490, Jamie Stengle,en
"Mesothelioma Surgery Improves Quality of Life, Study Finds",Misinformation,PUBHEALTH,"Academic medical center news release,Cancer",claim,dataset_label,data/raw/pubhealth,11100,"Euna Bodner, MS,Harold J. DeMonaco, MS,Kathlyn Stone",en
"Portugal suspends water, electricity shutoffs and releases some prisoners amid coronavirus outbreak.",Reliable,PUBHEALTH,Health News,claim,dataset_label,data/raw/pubhealth,8331,"Catarina Demony, Victoria Waldersee",en
"Republican Party of Florida Says Charlie Crist supports ""cuts to the Medicare Advantage program.""",Misinformation,PUBHEALTH,"Health Care, Medicare, Florida, Republican Party of Florida, ",claim,dataset_label,data/raw/pubhealth,17159,Amy Sherman,en
French panel: Seize guns to reduce domestic violence.,Reliable,PUBHEALTH,"International News, General News, Violence, France, Lifestyle, Health, Domestic violence, Edouard Philippe, Europe",claim,dataset_label,data/raw/pubhealth,3432, Claire Parker,en
Opioid crisis brings unwanted attention to wealthy family.,Reliable,PUBHEALTH,"Health, AP Top News, Museums, Harvard, Massachusetts, U.S. News",claim,dataset_label,data/raw/pubhealth,5261, Alanna Durkin Richer,en
Asia prepares for coronavirus boomerang wave as residents return home.,Reliable,PUBHEALTH,Health News,claim,dataset_label,data/raw/pubhealth,8190,"Donny Kwok, Ryan Woo",en
"Italy coronavirus deaths jump to 52, cases climb above 2,000.",Reliable,PUBHEALTH,Health News,claim,dataset_label,data/raw/pubhealth,8696,"Gavin Jones, Angelo Amante",en
Sanders says he’ll enact national drinking water standards .,Reliable,PUBHEALTH,"New Hampshire, Health, General News, Environment, Business, Bernie Sanders, U.S. News, Lawsuits",claim,dataset_label,data/raw/pubhealth,3065, Holly Ramer,en
"""Judging by a recent vote, Rep. Debbie Wasserman Schultz """"thinks it's okay for medical marijuana patients to go to federal prison.""",Misinformation,PUBHEALTH,"Criminal Justice, Drugs, Crime, Florida, Marijuana, Americans for Safe Access, ",claim,dataset_label,data/raw/pubhealth,16922,Amy Sherman,en
The American Psychiatric Association condones pedophilia and says it is normal to be sexually attracted to children.,Misinformation,PUBHEALTH,"Medical, american psychiatric association, dsm-5, misleading",claim,dataset_label,data/raw/pubhealth,32743,Kim LaCapria,en
Peachtree and Pine is one of the leading sites for tuberculosis in the nation.,Reliable,PUBHEALTH,"Georgia, Public Health, Kasim Reed, ",claim,dataset_label,data/raw/pubhealth,15243,Nancy Badertscher,en
Sydney's city council reviews use of Bayer's Roundup weed killer amid cancer fears.,Reliable,PUBHEALTH,Health News,claim,dataset_label,data/raw/pubhealth,944,Ron Kaye,en
A study “showed that over 1 million people in North Carolina have now been exposed to the virus.”,Misinformation,PUBHEALTH,"North Carolina, Coronavirus, Greg Murphy, ",claim,dataset_label,data/raw/pubhealth,26008,Paul Specht,en
Snacks marketed to children are heavily laden with ingredients that cause cancer.,Misinformation,PUBHEALTH,"Food, cancer, carcinogens, david avocado wolfe",claim,dataset_label,data/raw/pubhealth,29454,Alex Kasprak,en
California sees high rate of flu deaths in unusually severe season.,Reliable,PUBHEALTH,Health News,claim,dataset_label,data/raw/pubhealth,2755,Sharon Bernstein,en
Georgia’s Kemp submits bid to remake health insurance market.,Reliable,PUBHEALTH,"Georgia, Health, Government subsidies, Barack Obama, Donald Trump",claim,dataset_label,data/raw/pubhealth,3400, Jeff Amy,en
Pigs fly: China pork producers surge as swine disease cuts supply.,Reliable,PUBHEALTH,Health News,claim,dataset_label,data/raw/pubhealth,378,Dominique Patton,en
WellPoint says health exchange applicants hit expectations.,Reliable,PUBHEALTH,Health News,claim,dataset_label,data/raw/pubhealth,2781,Caroline Humer,en
"""The GOP health care plan """"would allow health insurance companies to continue engaging in unfair and discriminatory practices like denying coverage to people because of a pre-existing medical condition.""",Reliable,PUBHEALTH,"National, Health Care, Debbie Wasserman Schultz, ",claim,dataset_label,data/raw/pubhealth,24444,Robert Farley,en
Israelis put on coronavirus lockdown for Passover holiday celebration.,Reliable,PUBHEALTH,Health News,claim,dataset_label,data/raw/pubhealth,8604,Ari Rabinovitch,en
"""A newspaper clipping from 1918 documents a """"public notice"""" from the city of Kelowna, British Columbia, announcing that schools, movie theaters, and other public places would be closed to prevent the spread of """"Spanish Influenza."""" """,Reliable,PUBHEALTH,"Medical, COVID-19",claim,dataset_label,data/raw/pubhealth,35215,Dan Evon,en
Georgia aims to ease virus spread among Hispanic residents.,Reliable,PUBHEALTH,"Georgia, Health, General News, Gainesville, Hispanics, Virus Outbreak",claim,dataset_label,data/raw/pubhealth,7360, Jeff Amy,en
"""San Francisco has spent $72.5 million this fiscal year cleaning up human waste and drug paraphernalia"""" and """"there are more drug users on their public needle program than high school graduates.""",Misinformation,PUBHEALTH,"City Budget, Drugs, Facebook Fact-checks, Turning Point USA, ",claim,dataset_label,data/raw/pubhealth,27007,Daniel Funke,en
"Chinese communities rattled by virus, cancel new year events.",Reliable,PUBHEALTH,"Los Angeles, Health, General News, Asia, Holidays, China, Coronavirus, California, Virus Outbreak, U.S. News",claim,dataset_label,data/raw/pubhealth,7315, John Rogers,en
Furiex irritable bowel syndrome drug succeeds in large trials.,Reliable,PUBHEALTH,Health News,claim,dataset_label,data/raw/pubhealth,2742,Bill Berkrot,en
Nearly 60 percent of women who use birth control do so for more than just family planning.,Reliable,PUBHEALTH,"Health Care, Supreme Court, Women, Florida, Debbie Wasserman Schultz, ",claim,dataset_label,data/raw/pubhealth,16828,Amy Sherman,en
Drinking boiled garlic water will cure COVID-19.,Misinformation,PUBHEALTH,"Medical, COVID-19",claim,dataset_label,data/raw/pubhealth,35147,David Mikkelson,en
"Faced with a shortage of face masks, some U.S. doctors make their own.",Reliable,PUBHEALTH,Health News,claim,dataset_label,data/raw/pubhealth,8169,Deborah Bloom,en
Windsor doctor joining direct primary care movement.,Reliable,PUBHEALTH,"Health, Greeley, Elder care",claim,dataset_label,data/raw/pubhealth,7621, Luanne Kadlub,en
From parade to pandemic: Museum looks at 1918′s deadly flu.,Reliable,PUBHEALTH,"Health, General News, Flu, Philadelphia, Museums, Pandemics, U.S. News, World War I",claim,dataset_label,data/raw/pubhealth,5276, Kristen De Groot,mixed
Teen baseball player finds alternative to Tommy John surgery.,Reliable,PUBHEALTH,"Baseball, Roger Clemens, Sports medicine, MLB baseball, Michael Jordan, Chris Sale, John Cena, Sports",claim,dataset_label,data/raw/pubhealth,7042,Stan Grossfeld,en
Anti-inflammatory diet could reduce risk of bone loss in women,Reliable,PUBHEALTH,"Anti-inflammatory diets,bone fractures,Ohio State University",claim,dataset_label,data/raw/pubhealth,9199,"William Heisel,Allison Dostal, PhD, RD,Kathlyn Stone",en
Colleges’ message to ease student stress: Failure is normal.,Reliable,PUBHEALTH,"Health, Stress, North America, AP Top News, Waltham, U.S. News",claim,dataset_label,data/raw/pubhealth,5253, Collin Binkley,en
Massachusetts collecting data on possible vaping illnesses.,Reliable,PUBHEALTH,"Health, General News, Lung disease, Massachusetts, Public health",claim,dataset_label,data/raw/pubhealth,4077, Steve Leblanc,en
PCSK9-Inhibitor Drug Class That Grew Out of UT Southwestern Research Becomes a Game-Changer for Patient with Extremely High Cholesterol,Misinformation,PUBHEALTH,"Academic medical center news release,cardiovascular disease",claim,dataset_label,data/raw/pubhealth,11151,"Matt Shipman,Dan Mayer, MD,Kathlyn Stone",en
Producers grapple with UW Health’s shift from local food.,Reliable,PUBHEALTH,"Madison, Wisconsin, Local food, University of Wisconsin, Financial markets, Health, Business",claim,dataset_label,data/raw/pubhealth,5144, Lindsay Christians,en
Device treatment may silence ringing in the ears.,Reliable,PUBHEALTH,Health News,claim,dataset_label,data/raw/pubhealth,2035,Julie Steenhuysen,mixed
"Education, climate change, health care on lawmakers’ agenda.",Reliable,PUBHEALTH,"Legislature, Climate, Climate change, Health, Access to health care, Oregon, Salem, Portland",claim,dataset_label,data/raw/pubhealth,5787, Andrew Selsky,en
“People Of Color May Be Immune To The Coronavirus Because Of Melanin.”,Misinformation,PUBHEALTH,"Public Health, Facebook Fact-checks, Coronavirus, Facebook posts, ",claim,dataset_label,data/raw/pubhealth,26718,Tom Kertscher,mixed
Federal lawsuit targets West Virginia foster care system.,Reliable,PUBHEALTH,"U.S. News, Opioids, Health, General News, Child welfare, Foster care, West Virginia, Charleston, U.S. News, Lawsuits",claim,dataset_label,data/raw/pubhealth,4787, John Ra,en
Marijuana contains 50 to 70 percent more carcinogenic hydrocarbons than tobacco.,Misinformation,PUBHEALTH,"Rhode Island, Drugs, Michael Cerullo, ",claim,dataset_label,data/raw/pubhealth,17294,C. Eugene Emery Jr.,en
"""The folks in Washington"""" are """"already forcing you to buy government health care.""",Misinformation,PUBHEALTH,"Health Care, Florida, Carlos Beruff, ",claim,dataset_label,data/raw/pubhealth,13901,Allison Graves,en
"Promising 'better days,' Macron extends France's lockdown until May 11.",Reliable,PUBHEALTH,Health News,claim,dataset_label,data/raw/pubhealth,8308,"Michel Rose, Matthias Blamont, Sudip Kar-Gupta",tl
"Viral image says John F. Kennedy ""smoked cannabis in the White House, while president, because he suffered from severe back pain and Addison's disease.""",Misinformation,PUBHEALTH,"Drugs, History, Viral image, ",claim,dataset_label,data/raw/pubhealth,26931,Tom Kertscher,en
"Vulnerable people disappeared, regulators didn’t know.",Reliable,PUBHEALTH,"Health, Anderson, Assisted living, South Carolina",claim,dataset_label,data/raw/pubhealth,6760, Nikie Mayo,en
Free lung-cancer screening in the Augusta area finds more than double the cancer rate of previous screenings,Reliable,PUBHEALTH,"lung cancer screening,Medical College of Georgia at Augusta University",claim,dataset_label,data/raw/pubhealth,9176,"Matt Shipman,Saurabh Jha, MBBS,Kathlyn Stone",en
Doctor at Missouri abortion clinic defends patient care.,Reliable,PUBHEALTH,"Michael Brown, St. Louis, General News, Abortion, Health, U.S. News",claim,dataset_label,data/raw/pubhealth,5592, Jim Salter,tl
Ted Cruz Says the Democrats told the Catholic Church that they’ll use federal powers to shut down church charities and hospitals if the church doesn’t change its beliefs.,Misinformation,PUBHEALTH,"Health Care, Religion, Sexuality, Texas, Ted Cruz, ",claim,dataset_label,data/raw/pubhealth,18585,Sue Owen,en
Prolonged use of COVID-19-related face masks cause health problems due to breathing in too much exhaled carbon dioxide.,Misinformation,PUBHEALTH,"Medical, COVID-19",claim,dataset_label,data/raw/pubhealth,35328,Nur Ibrahim,en
"In July 2017, it was announced that Finnish researchers would begin human trials of a Type 1 diabetes vaccine in 2018.",Reliable,PUBHEALTH,"Medical, diabates, finland, medical research",claim,dataset_label,data/raw/pubhealth,27516,Dan MacGuill,en
"""DeAnna Lorraine Says of COVID-19 that Dr. Anthony Fauci """"was telling people on February 29th that there was nothing to worry about and it posed no threat to the US public at large.""",Misinformation,PUBHEALTH,"Public Health, California, Coronavirus, DeAnna Lorraine, ",claim,dataset_label,data/raw/pubhealth,26498,Louis Jacobson,mixed
Debate over who needs a thyroid check in pregnancy,Reliable,PUBHEALTH,Pregnancy,claim,dataset_label,data/raw/pubhealth,9826,"Euna Bodner, MS,Karen Carlson, MD,Gary Schwitzer",en
Studies have proved that having an abortion increases a woman's risk of developing breast cancer.,Misinformation,PUBHEALTH,"Medical, abortion, breast cancer, cancer",claim,dataset_label,data/raw/pubhealth,31736,Alex Kasprak,en
Paracetamol use may raise asthma risk in children.,Reliable,PUBHEALTH,Health News,claim,dataset_label,data/raw/pubhealth,8743,Tan Ee Lyn,mixed
"China virus outbreak may wallop economy, financial markets.",Reliable,PUBHEALTH,"AP Top News, Health, Ebola virus, Asia, Wuhan, Business, China, Travel, Asia Pacific, General News, Economy",claim,dataset_label,data/raw/pubhealth,7515, Elaine Kurtenbach,tl
Three million Europeans catch infections in hospital annually.,Reliable,PUBHEALTH,Health News,claim,dataset_label,data/raw/pubhealth,2486,Kate Kelland,en
Gene therapy for rare bleeding disorder achieves proof-of-concept,Reliable,PUBHEALTH,"Animal research,Hospital news release",claim,dataset_label,data/raw/pubhealth,10181,"Sally James,Susan Wei, PhD,Kathlyn Stone",en
People from black and minority ethnic populations are most affected by detentions under the Mental Health Act.,Reliable,PUBHEALTH,mental-health,claim,dataset_label,data/raw/pubhealth,40832,Claire Milne,en
"Another gene-edited baby may be on the way, scientist says.",Reliable,PUBHEALTH,"AP Top News, Genetics, International News, Hong Kong, Genetic Frontiers, North America, Health, Science, Asia Pacific",claim,dataset_label,data/raw/pubhealth,4464, Marilynn Marchione,mixed
Federal lawsuit filed to block Alabama’s new abortion ban.,Reliable,PUBHEALTH,"American Civil Liberties Union, AP Top News, Planned Parenthood, Health, Lawsuits, Abortion, North America, U.S. Supreme Court, Laws, Courts, Alabama, Montgomery, U.S. News",claim,dataset_label,data/raw/pubhealth,7294, Kim Chandler,en
"""Weeks after accepting a quarter-million-dollar campaign contribution"""" from a hospital board chairman, Greg Abbott went to court against victims of a drug-taking neurosurgeon.""",Reliable,PUBHEALTH,"Campaign Finance, Health Care, Legal Issues, Texas, Wendy Davis, ",claim,dataset_label,data/raw/pubhealth,16317,W. Gardner Selby,en
U.S. FDA approves Medtronic heart valve system early.,Reliable,PUBHEALTH,Health News,claim,dataset_label,data/raw/pubhealth,2837,Bill Berkrot,en
"More vaping illnesses reported, many involving marijuana.",Reliable,PUBHEALTH,"AP Top News, Alex Azar, Health, General News, Marijuana, U.S. News",claim,dataset_label,data/raw/pubhealth,6675, Matthew Perrone,en
Inside drugmakers' strategy to boost cancer medicines with 'Lazarus effect'.,Reliable,PUBHEALTH,Health News,claim,dataset_label,data/raw/pubhealth,199,"Julie Steenhuysen, Ludwig Burger",en
"Hampton Beach guidelines passed, back-to-school talk starts.",Reliable,PUBHEALTH,"New Hampshire, General News, Virus Outbreak, Public health",claim,dataset_label,data/raw/pubhealth,7436, Kathy Mccormack And Michael Casey,en
"States like New York, Illinois and California have been vocal in their demands for funding to bail out their pension systems, which were failing long before the COVID-19 outbreak, and other programs that aren’t related to this crisis.",Misinformation,PUBHEALTH,"Arizona, State Budget, New York, Coronavirus, Andy Biggs, ",claim,dataset_label,data/raw/pubhealth,26284,Jill Terreri Ramos,en
UK scientists to make a million potential COVID-19 vaccines before proof.,Reliable,PUBHEALTH,Health News,claim,dataset_label,data/raw/pubhealth,8703,Kate Kelland,en
Adherence to social distancing spurs dip in projected U.S. coronavirus deaths.,Reliable,PUBHEALTH,Health News,claim,dataset_label,data/raw/pubhealth,8392,Peter Szekely,en
US report: Prescription drug prices down slightly last year.,Reliable,PUBHEALTH,"Medication, Health, General News, Legislation, Politics, Prescription drug costs, Prescription drugs, Prices",claim,dataset_label,data/raw/pubhealth,3780, Ricardo Alonso-Zaldivar,en
Legionnaires’ cases may be linked to Chicago-area hospital.,Reliable,PUBHEALTH,"Chicago, Health, General News, Legionnaires disease, Illinois, Public health",claim,dataset_label,data/raw/pubhealth,3381,Associated Press,mixed
"""Under the """"COVID Act,"""" school officials in the U.S. can quarantine children with COVID-19 symptoms outside their family home without their parents' or guardians' consent.""",Misinformation,PUBHEALTH,"Politics Legal, COVID-19",claim,dataset_label,data/raw/pubhealth,35814,Dan MacGuill,en
"Obama, instead of nominating a health professional, he nominated someone who is an anti-gun activist (for surgeon general).",Misinformation,PUBHEALTH,"National, Congress, Corrections and Updates, Ebola, Guns, Health Care, Public Health, Ted Cruz, ",claim,dataset_label,data/raw/pubhealth,16270,Lauren Carroll,en
Lowest US birth rate in 3 decades could pose risk to economy.,Reliable,PUBHEALTH,"United States, Health, Health statistics, Birth rates, North America, Business, Economic growth, U.S. News, Generations, Economy",claim,dataset_label,data/raw/pubhealth,5964, Christopher Rugaber,en
Davenport gym offers workouts for people with Down syndrome.,Reliable,PUBHEALTH,"Iowa, Down syndrome, Health, Lifestyle, Davenport",claim,dataset_label,data/raw/pubhealth,7227, Jack Cullen,en
"Rattled world 'at war' with coronavirus as deaths surge in Italy, France.",Reliable,PUBHEALTH,Health News,claim,dataset_label,data/raw/pubhealth,7897,"Sonya Dowsett, Ryan Woo",en
Using a hair dryer to breathe in hot air can cure COVID-19 and stop its spread.,Misinformation,PUBHEALTH,"Junk News, COVID-19",claim,dataset_label,data/raw/pubhealth,35132,Bethania Palma,en
More people now die in Wisconsin from drug overdoses than car crashes.,Reliable,PUBHEALTH,"Drugs, Wisconsin, Brad Schimel, ",claim,dataset_label,data/raw/pubhealth,13916,Cara Lombardo,en
The face of the CPR training mannequin was modeled after the deceased daughter of the doctor who invented it.,Misinformation,PUBHEALTH,"Medical, Emergency Room",claim,dataset_label,data/raw/pubhealth,33762,Snopes Staff,en
“The coronavirus was invented and patented in the USA and then planted in China.”,Misinformation,PUBHEALTH,"China, Public Health, Facebook Fact-checks, Coronavirus, YouTube videos, ",claim,dataset_label,data/raw/pubhealth,26717,Tom Kertscher,en
"France pledges debt relief for hospitals, unions call another strike.",Reliable,PUBHEALTH,Health News,claim,dataset_label,data/raw/pubhealth,57,Caroline Pailliez,en
Michelle Obama urges Africa to advance women's rights.,Reliable,PUBHEALTH,Health News,claim,dataset_label,data/raw/pubhealth,1973,Jeff Mason,en
Facebook post Says wearing face masks is more harmful to your health than going without one.,Misinformation,PUBHEALTH,"Public Health, Facebook Fact-checks, Coronavirus, Facebook posts, ",claim,dataset_label,data/raw/pubhealth,26283,Samantha Putterman,en
"Fast-food companies in China step up ‘contactless’ pickup, delivery as coronavirus rages.",Reliable,PUBHEALTH,Health News,claim,dataset_label,data/raw/pubhealth,8736,"Hilary Russ, Sophie Yu",en
Ivory Coast is latest to crack down on alcohol sachets.,Reliable,PUBHEALTH,"Che Guevara, International News, Abidjan, Africa, Health, Ivory Coast",claim,dataset_label,data/raw/pubhealth,5970, Robbie Corey-Boulet,en
"""A bag of Cheetos costs less to buy than an apple,"""" and in some Milwaukee neighborhoods """"good luck trying to find an apple or a banana or some sort of healthy option""",Reliable,PUBHEALTH,"Public Health, Welfare, Wisconsin, Mike Tate, ",claim,dataset_label,data/raw/pubhealth,18316,Dave Umhoefer,en
The American Dental Association said semen cuts plaque and tartar by 77%.,Misinformation,PUBHEALTH,"Medical, dental, home remedies, semen",claim,dataset_label,data/raw/pubhealth,31844,Alex Kasprak,en
"This governor has cut funding repeatedly for people who have AIDS, who need drugs to save their life.",Reliable,PUBHEALTH,"New Jersey, Health Care, State Budget, Herb Conaway Jr., ",claim,dataset_label,data/raw/pubhealth,21789,Bill Wichert,en
3 companies pay California $70 million for delaying drugs.,Reliable,PUBHEALTH,"Health, Xavier Becerra, General News, California",claim,dataset_label,data/raw/pubhealth,5040, Don Thompson,en
New study finds that proton therapy has fewer side effects in esophageal cancer patients,Misinformation,PUBHEALTH,"esophageal cancer,proton therapy,University of Maryland",claim,dataset_label,data/raw/pubhealth,9288,"Matt Shipman,Harold J. DeMonaco, MS,Kevin Lomangino",en
South Korea reports recovered coronavirus patients testing positive again.,Reliable,PUBHEALTH,Health News,claim,dataset_label,data/raw/pubhealth,8532,"Josh Smith, Sangmi Cha",en
Organic food and farm groups ask Obama to require GMO food labels.,Reliable,PUBHEALTH,Health News,claim,dataset_label,data/raw/pubhealth,2851,Carey Gillam,en
"If we had been on 'Obamacare' and a bureaucrat was trying to tell me when I could get that CAT scan, that would have delayed my treatment.",Misinformation,PUBHEALTH,"National, Health Care, Herman Cain, ",claim,dataset_label,data/raw/pubhealth,21365,Angie Drobnic Holan,en
Blood test could identify people who will respond to antidepressants,Misinformation,PUBHEALTH,"depression,mental health,screening tests",claim,dataset_label,data/raw/pubhealth,9621,"Mary Chris Jaklevic,Susan Molchan, MD, MA,Joy Victory",en
“When using a medical mask you’re supposed to use… white side out (this is the filter part) for when you’re not sick.”,Misinformation,PUBHEALTH,"Facebook Fact-checks, Coronavirus, Facebook posts, ",claim,dataset_label,data/raw/pubhealth,26892,Emily Venezky,en
Creative Medical Technology Holdings Announces Commercialization of patented Stem Cell Procedure for Erectile Dysfunction,Misinformation,PUBHEALTH,"Creative Medical Technology Holdings,erectile dysfunction,stem cells",claim,dataset_label,data/raw/pubhealth,9076,"Leah Rosenbaum,Steven J. Atlas, MD, MPH,Kathlyn Stone",en
This (Ebola) is not as bad as SARS was in 2003.,Misinformation,PUBHEALTH,"Ebola, Health Care, Public Health, PunditFact, Tavis Smiley, ",claim,dataset_label,data/raw/pubhealth,16296,Lauren Carroll,en
Soap star Benard says quarantine hard on his mental health.,Reliable,PUBHEALTH,"Anxiety, Mental health, Health, General News, Entertainment, Bipolar disorder, Virus Outbreak",claim,dataset_label,data/raw/pubhealth,7577, Alicia Rancilio,en
"""Doctors are now warning parents to never use baby wipes because they contain a """"chemical"""" called methylisothiazolinone.""",Misinformation,PUBHEALTH,"Medical, baby wipes, healtheternally, methylisothiazolinone",claim,dataset_label,data/raw/pubhealth,29434,Kim LaCapria,en
Cardiac hybrid imaging an effective tool for predicting heart attacks,Misinformation,PUBHEALTH,"coronary artery disease,imaging studies,Radiological Society of North America",claim,dataset_label,data/raw/pubhealth,8985,"Kevin Lomangino,Christopher Labos, MD,Kathlyn Stone",en
Three-pronged distancing most effective at controlling COVID-19: study.,Reliable,PUBHEALTH,Health News,claim,dataset_label,data/raw/pubhealth,8116,Kate Kelland,tl
Florida commission says mental health system needs overhaul.,Reliable,PUBHEALTH,"Shootings, Mental health, Health, General News, Florida, Parkland, Florida, school shooting, U.S. News, Fort Lauderdale",claim,dataset_label,data/raw/pubhealth,3550, Terry Spencer,en
Doctors: Warmer world is unhealthier place for children.,Reliable,PUBHEALTH,"Climate, Dengue fever, Climate change, Health, Middle East, Latin America, Public health, Africa, International News, Science, Asia Pacific, Air pollution, U.S. News, Europe, General News, Pollution",claim,dataset_label,data/raw/pubhealth,4313, Seth Borenstein,en
Potential COVID-19 vaccine shows promise in mouse study.,Reliable,PUBHEALTH,Health News,claim,dataset_label,data/raw/pubhealth,7967,Kate Kelland,en
Novartis' Zolgensma study halted by FDA amid safety questions.,Reliable,PUBHEALTH,Health News,claim,dataset_label,data/raw/pubhealth,94,John Miller,en
"Researchers have found a simple cure for cancer, but major pharmaceutical companies are not interested because it isn't patentable.",Misinformation,PUBHEALTH,"Medical, cancer cures",claim,dataset_label,data/raw/pubhealth,29466,David Mikkelson,en
The benefits of chocolate during pregnancy,Misinformation,PUBHEALTH,"Association/Society news release,Women's health",claim,dataset_label,data/raw/pubhealth,10606,"Susan Wei, PhD,Susan Molchan, MD, MA,Kathlyn Stone",en
Here’s how one woman used an implant to get some relief from chronic back pain,Misinformation,PUBHEALTH,"back pain,medical devices",claim,dataset_label,data/raw/pubhealth,9334,"Mary Chris Jaklevic,Steven J. Atlas, MD, MPH,Joy Victory",en
Eli Lilly drops inhaled insulin program.,Reliable,PUBHEALTH,Health News,claim,dataset_label,data/raw/pubhealth,8882,Ransdell Pierson,en
Donald Trump is “announcing tomorrow that the US is going into quarantine for the next 14 days.”,Misinformation,PUBHEALTH,"Public Health, Facebook Fact-checks, Coronavirus, Chain message, ",claim,dataset_label,data/raw/pubhealth,26662,Daniel Funke,en
Want fruit with your burger? McDonald's expands anti-obesity push.,Reliable,PUBHEALTH,Health News,claim,dataset_label,data/raw/pubhealth,2444,Lisa Baertlein,en
"""Dr. Anthony Fauci """"has known for 15 years that chloroquine and … hydroxychloroquine will not only treat a current case of coronavirus but prevent future cases.”""",Misinformation,PUBHEALTH,"Public Health, Facebook Fact-checks, PunditFact, Coronavirus, Bloggers, ",claim,dataset_label,data/raw/pubhealth,26360,Daniel Funke,en
A British man named David Hibbitt was given 18 months to live before he cured cancer with cannabis oil.,Misinformation,PUBHEALTH,Health / Medical,claim,dataset_label,data/raw/pubhealth,38080,  Rich Buhler & Staff  ,en
Online tool helps beachgoers avoid dirty waters.,Reliable,PUBHEALTH,Health News,claim,dataset_label,data/raw/pubhealth,7843,Salimah Ebrahim,en
"""The CDC """"quietly updated"""" its COVID-19 mortality statistics in summer 2020 to show only 6% of previously reported deaths were actually due to the coronavirus, while the remaining 94% died from preexisting health conditions. """,Misinformation,PUBHEALTH,"Politics, COVID-19",claim,dataset_label,data/raw/pubhealth,35791,Jessica Lee,en
"Polis seeks to boost child vaccinations, respect exemptions.",Reliable,PUBHEALTH,"Immunizations, Colorado, Measles, General News, Jared Polis, Denver, Public health",claim,dataset_label,data/raw/pubhealth,5746, James Anderson,en
Indians light lamps to heed Modi's call for coronavirus comradeship.,Reliable,PUBHEALTH,Health News,claim,dataset_label,data/raw/pubhealth,8626,"Rajendra Jadhav, Ruma Paul",en
Juul Labs facing scrutiny from federal and state officials.,Reliable,PUBHEALTH,"District of Columbia, Health, General News, Politics, Illinois, Epidemics, Business, AP Top News, Marijuana, Public health",claim,dataset_label,data/raw/pubhealth,3127, Richard Lardner And Matthew Perrone,en
French nursing home learns costly lessons on containing coronavirus.,Reliable,PUBHEALTH,Health News,claim,dataset_label,data/raw/pubhealth,8401,"Caroline Pailliez, Matthias Galante",en
Case stirs question of school liability for student suicides.,Reliable,PUBHEALTH,"U.S. News, Mental health, Health, Massachusetts, U.S. News, Massachusetts Institute of Technology",claim,dataset_label,data/raw/pubhealth,6614, Alanna Durkin Richer,en
Measles saps kids’ ability to fight other germs.,Reliable,PUBHEALTH,"Netherlands, Health, Measles, Public health, Michael Mina, Science, U.S. News, General News",claim,dataset_label,data/raw/pubhealth,4008, Lauran Neergaard,en
"Each year, 18,000 people die in America because they don't have health care.",Reliable,PUBHEALTH,"National, Health Care, Hillary Clinton, ",claim,dataset_label,data/raw/pubhealth,25554,Angie Drobnic Holan,en
Study identifies best tests to predict Alzheimer's.,Reliable,PUBHEALTH,Health News,claim,dataset_label,data/raw/pubhealth,2099,Julie Steenhuysen,en
Surf's up in the fitness studio.,Reliable,PUBHEALTH,Health News,claim,dataset_label,data/raw/pubhealth,1850,Dorene Internicola,en
Facebook post Says a pandemic occurs exactly every 100 years.,Misinformation,PUBHEALTH,"Public Health, Facebook Fact-checks, Coronavirus, Facebook posts, ",claim,dataset_label,data/raw/pubhealth,26510,Tom Kertscher,en
"""There are a """"multitude"""" of vaccines that do not prevent deadly and crippling diseases.""",Misinformation,PUBHEALTH,"Georgia, Public Health, Ben Carson, ",claim,dataset_label,data/raw/pubhealth,15125,April Hunt,en
Viral image Says Tom Hanks has a volleyball to keep him company while he’s quarantined.,Misinformation,PUBHEALTH,"Pop Culture, Facebook Fact-checks, Coronavirus, Viral image, ",claim,dataset_label,data/raw/pubhealth,26694,Ciara O'Rourke,en
"Clinic helps veterans, first responders with free care.",Reliable,PUBHEALTH,"Post-traumatic stress disorder, Mental health, Health, Trauma, Veterans, Veterans affairs",claim,dataset_label,data/raw/pubhealth,6437, Sarah Nolan,en
New FAU study suggests benefits of regular mammography extend to the elderly,Misinformation,PUBHEALTH,"Breast cancer,Diagnostic tests,Women's health",claim,dataset_label,data/raw/pubhealth,10067,"Kathlyn Stone,Christine K. Norton, MA,Kevin Lomangino",en
A new study suggests it’s possible to get people off opioids and improve their pain,Reliable,PUBHEALTH,"opioids,painkiller addiction",claim,dataset_label,data/raw/pubhealth,9488,"Dave Mosher,Susan Molchan, MD, MA,Joy Victory",en
Study: Most Texas school districts have scant sex education.,Reliable,PUBHEALTH,"Birth control, Health, Birth rates, Sex education, Education, Austin, Texas",claim,dataset_label,data/raw/pubhealth,6138, Will Weissert,en
"When you throw 23 million people off of health insurance -- people with cancer, people with heart disease, people with diabetes -- thousands of people will die. … This is study after study making this point.",Reliable,PUBHEALTH,"National, Health Care, Bernie Sanders, ",claim,dataset_label,data/raw/pubhealth,12364,Louis Jacobson,en
Coronavirus test ramp-up to help Abbott weather 'toughest quarter'.,Reliable,PUBHEALTH,Health News,claim,dataset_label,data/raw/pubhealth,8306,Saumya Joseph,en
New osteoporosis treatment uses traditional Chinese herb to prevent bone loss,Misinformation,PUBHEALTH,"osteoporosis,traditional Chinese medicine,University of British Columbia",claim,dataset_label,data/raw/pubhealth,9097,"Mary Chris Jaklevic,Karen Carlson, MD,Kathlyn Stone",en
"""New Virginia regulations on abortion clinics """"provide the same sanitary environment we expect of dental offices.""",Misinformation,PUBHEALTH,"Abortion, Public Health, Regulation, Virginia, Susan B. Anthony List, ",claim,dataset_label,data/raw/pubhealth,18457,Sean Gorman,en
Ex-Colorado Gov. Hickenlooper supports universal health care.,Reliable,PUBHEALTH,"John Kasich, New Hampshire, Colorado, Health, Universal health care, Denver, North America, Medicare, John Hickenlooper, Politics",claim,dataset_label,data/raw/pubhealth,5335, Michael Casey,en
"""CNSNews Says """"under Oregon law, girls from 15 years of age and up are given complete control over whether to be sterilized or not.""",Misinformation,PUBHEALTH,"Oregon, Health Care, Public Health, CNSNews, ",claim,dataset_label,data/raw/pubhealth,19455,Ian K. Kullgren,en
"For every forwarded copy of an e-mail received, the American Cancer Society will donate three cents to cancer research.",Misinformation,PUBHEALTH,"Inboxer Rebellion, american cancer society, Medical Appeals",claim,dataset_label,data/raw/pubhealth,33656,David Mikkelson,en
"A doctor in Italy shared numerous details about how hospitals in the country are dealing with COVID-19, a disease caused by the new coronavirus.",Reliable,PUBHEALTH,"Medical, COVID-19",claim,dataset_label,data/raw/pubhealth,35187,Dan Evon,en
Facebook post Says Gov. Tony Evers is “pushing firearm confiscation orders”,Misinformation,PUBHEALTH,"Guns, Wisconsin, Coronavirus, Facebook posts, ",claim,dataset_label,data/raw/pubhealth,26601,Eric Litke,en
Jakarta coffin maker faces gruelling days as coronavirus death toll climbs.,Reliable,PUBHEALTH,Health News,claim,dataset_label,data/raw/pubhealth,8577,"Heru Asprihanto, Willy Kurniawan",en
Florida is ranked 50th in the nation for mental health care funding.,Reliable,PUBHEALTH,"Health Care, Florida, Guns, Carlos Guillermo Smith, ",claim,dataset_label,data/raw/pubhealth,12976,Amy Sherman,en
Jeanne Shaheen Says Scott Brown co-sponsored legislation to let employers deny women coverage for mammograms.,Misinformation,PUBHEALTH,"New Hampshire, Health Care, Legal Issues, Women, Jeanne Shaheen, ",claim,dataset_label,data/raw/pubhealth,16344,Louis Jacobson,en
Trump directs government to revamp care for kidney disease.,Reliable,PUBHEALTH,"AP Top News, Government regulations, Dialysis, Health, General News, Politics, Kidney disease, Donald Trump",claim,dataset_label,data/raw/pubhealth,6630, Lauran Neergaard,en
Arkansas gets donation of Trump-promoted anti-malarial drug.,Reliable,PUBHEALTH,"Malaria, Health, General News, Tim Griffin, Arkansas, Science, Virus Outbreak, Donald Trump",claim,dataset_label,data/raw/pubhealth,7488, Andrew Demillo,en
Happiness study draws frowns from critics.,Reliable,PUBHEALTH,Health News,claim,dataset_label,data/raw/pubhealth,1799,Sharon Begley,en
"Clinical trial examines safety, effectiveness of drug to treat binge eating disorder",Reliable,PUBHEALTH,"binge-eating disorder,JAMA,Monica Seles,Shire Pharmaceuticals,Vyvnase",claim,dataset_label,data/raw/pubhealth,9287,"Sharon Dunwoody, PhD,Susan Molchan, MD, MA,Kevin Lomangino",en
President Trump last month proposed a $6 billion cut in funding to the National Institutes of Health. And thank God our congressmen made a deal last night to not go along with that. They actually increased funding by $2 billion.,Reliable,PUBHEALTH,"Federal Budget, Health Care, Science, PunditFact, Jimmy Kimmel, ",claim,dataset_label,data/raw/pubhealth,12546,Louis Jacobson,en
"As Ebola threatens mega-cities, vaccine stockpile needs grow.",Reliable,PUBHEALTH,Health News,claim,dataset_label,data/raw/pubhealth,7783,Kate Kelland,en
Radio personality Michael Savage was fired because he talked about Hillary Clinton's health on the air.,Misinformation,PUBHEALTH,"Politics Conspiracy Theories, clinton health, conspiracy theories, curtis sliwa",claim,dataset_label,data/raw/pubhealth,29462,Kim LaCapria,en
High anxiety: Proposed US hemp rules worry industry .,Reliable,PUBHEALTH,"Plants, Health, General News, Marijuana, Business, Science, U.S. News, Agriculture",claim,dataset_label,data/raw/pubhealth,2986, Gillian Flaccus,en
Georgia to reopen some businesses as early as Friday.,Reliable,PUBHEALTH,"AP Top News, Health, Anthony Fauci, General News, Restaurants, Tennessee, Georgia, Atlanta, Virus Outbreak, U.S. News",claim,dataset_label,data/raw/pubhealth,7539, Jeff Amy,en
Vaccine panel gives nod to HPV shots for men up to age 26.,Reliable,PUBHEALTH,"Immunizations, Cancer, Health, General News, Atlanta",claim,dataset_label,data/raw/pubhealth,5740, Mike Stobbe,en
Facebook post Says Gov. Tony Evers “removed the American flag from the Capitol building”,Misinformation,PUBHEALTH,"States, Wisconsin, Coronavirus, Facebook posts, ",claim,dataset_label,data/raw/pubhealth,26039,Eric Litke,en
New York called to include menthol in flavored tobacco ban.,Reliable,PUBHEALTH,"Albany, Health, General News, New York, Vaping, Bills, Tobacco industry regulation",claim,dataset_label,data/raw/pubhealth,3004, Marina Villeneuve,en
"And this would be the first year, if everything holds true, we will spend over $10 billion of our state budget on Medicaid out of the $28 billion budget.",Reliable,PUBHEALTH,"Health Care, Medicaid, Public Health, Missouri, Caleb Rowden, ",claim,dataset_label,data/raw/pubhealth,12767,Austin Hough,en
Evers vows to ‘fight like hell’ for Medicaid expansion.,Reliable,PUBHEALTH,"Wisconsin, Public opinion, Health, Scott Walker, Medicaid",claim,dataset_label,data/raw/pubhealth,5025, Scott Bauer,en
"If I have affordable coverage in my workplace, I'm not eligible to go into the marketplace. ... It’s illegal.",Misinformation,PUBHEALTH,"National, Health Care, Kathleen Sebelius, ",claim,dataset_label,data/raw/pubhealth,17756,Steve Contorno,en
"Plague in Madagascar hits urban areas, kills 2 dozen people.",Reliable,PUBHEALTH,"Madagascar, Health, Antananarivo, Africa, Plague, Basketball",claim,dataset_label,data/raw/pubhealth,6789, Christopher Torchia,en
A new study claims prostate cancer screenings significantly reduce deaths. Not everyone agrees,Reliable,PUBHEALTH,prostate cancer,claim,dataset_label,data/raw/pubhealth,9467,"Alan Cassels,Virginia A. Moyer, MD,Joy Victory",en
Fresh grounds for coffee: Study shows it may boost longevity.,Reliable,PUBHEALTH,"Coffee, AP Top News, Genetics, Chicago, Health, U.S. News",claim,dataset_label,data/raw/pubhealth,6495, Lindsey Tanner,mixed
Obesity surgery may lower heart attack danger in diabetics.,Reliable,PUBHEALTH,"Weight loss surgery, Health, North America, Diabetes, Stroke, AP Top News, Heart attack, Obesity, Seattle, U.S. News",claim,dataset_label,data/raw/pubhealth,4979, Carla K. Johnson,mixed
"""Being exposed to the sun for two hours"""" kills the 2019 coronavirus.""",Misinformation,PUBHEALTH,"Facebook Fact-checks, Coronavirus, Facebook posts, ",claim,dataset_label,data/raw/pubhealth,26706,Daniel Funke,en
"You can't give a child an aspirin in school without permission. You can't do any kind of medication, but we can secretly take the child off and have an abortion.",Reliable,PUBHEALTH,"Abortion, Health Care, Florida, Steve Oelrich, ",claim,dataset_label,data/raw/pubhealth,22087,Katie Sanders,en
"India shuts down flights, big cities as coronavirus toll rises in region.",Reliable,PUBHEALTH,Health News,claim,dataset_label,data/raw/pubhealth,8129,"Sanjeev Miglani, Aditi Shah",en
“COVID19 PCR tests are scientifically meaningless.”,Misinformation,PUBHEALTH,"Public Health, Facebook Fact-checks, Coronavirus, Bloggers, ",claim,dataset_label,data/raw/pubhealth,26001,Daniel Funke,en
U.S. group bombards doctors with coronavirus petition to cut 'red tape'.,Reliable,PUBHEALTH,Health News,claim,dataset_label,data/raw/pubhealth,8036,"Christopher Bing, Raphael Satter",en
A viral photograph showing a canine coronavirus vaccine demonstrates that there should already exist a human vaccine for COVID-19.,Misinformation,PUBHEALTH,"Medical, COVID-19",claim,dataset_label,data/raw/pubhealth,35346,Jessica Lee,en
A photograph shows protesters displaying an anti-Semitic sign during a COVID-19 lockdown protest.,Reliable,PUBHEALTH,"Fauxtography, COVID-19",claim,dataset_label,data/raw/pubhealth,35270,David Mikkelson,en
"“Sweden has zero lockdown” and “is in no worse shape than Denmark or Norway,” which are in lockdown.",Misinformation,PUBHEALTH,"Public Health, Facebook Fact-checks, Coronavirus, Facebook posts, ",claim,dataset_label,data/raw/pubhealth,26401,Tom Kertscher,en
The Centers for Disease Control and Prevention's guidelines for listing COVID-19 on death certificates in the absence of a test are resulting in a case overcount.,Misinformation,PUBHEALTH,"Politics, COVID-19",claim,dataset_label,data/raw/pubhealth,35277,Bethania Palma,en
Flu shots contain toxins and ingredients that can destroy your brain and cause Alzheimer’s disease.,Misinformation,PUBHEALTH,Health / Medical,claim,dataset_label,data/raw/pubhealth,38439,  Rich Buhler & Staff  ,en
"Every time a particular message is shared, a company will donate money towards the medical care of a 14-year-old boy who was shot by his stepfather while he was defending his 2-year-old sister from rape.",Misinformation,PUBHEALTH,"Inboxer Rebellion, Medical Appeals",claim,dataset_label,data/raw/pubhealth,30907,Snopes Staff,en
Most US states fall short of recommended testing levels.,Reliable,PUBHEALTH,"AP Top News, Religion, Understanding the Outbreak, Health, General News, Latin America, Business, U.S. News, Asia Pacific, Virus Outbreak, Europe, Public health, Texas, International News",claim,dataset_label,data/raw/pubhealth,7338," Matthew Perrone, Brian Witte And Nicky Forster",en
British-Iranian woman held in Iran moved to psychiatric ward.,Reliable,PUBHEALTH,"Iman, Iran, Mental health, Prisons, Health, Middle East, Europe, General News",claim,dataset_label,data/raw/pubhealth,5420, Gregory Katz,en
Former U.S. Rep. Trey Gowdy penned a text suggesting that COVID-19 was part of a conspiracy against U.S. President Donald Trump.,Misinformation,PUBHEALTH,"Politics, COVID-19",claim,dataset_label,data/raw/pubhealth,35297,David Mikkelson,en
U.S. warns citizens in China about pneumonia outbreak.,Reliable,PUBHEALTH,Health News,claim,dataset_label,data/raw/pubhealth,7658,Se Young Lee,en
Drug overdose deaths up slightly in New Mexico.,Reliable,PUBHEALTH,"Health, Heroin addiction, Death rates, New Mexico, United States",claim,dataset_label,data/raw/pubhealth,5614, Morgan Lee,en
Facebook post Says Robin Vos wore protective gear that “election workers he forced to work … do not have.”,Misinformation,PUBHEALTH,"Elections, Wisconsin, Coronavirus, Facebook posts, ",claim,dataset_label,data/raw/pubhealth,26504,Haley BeMiller,en
Embryo screening helps couples avoid genetic diseases,Misinformation,PUBHEALTH,"embryo screening,infertility,IVF,Pregnancy",claim,dataset_label,data/raw/pubhealth,9628,"Matt Shipman,Karen Carlson, MD,Joy Victory",en
‘Heartbreaking’ report shows virus ravaging NY nursing homes.,Reliable,PUBHEALTH,"AP Top News, New York, Health, Brooklyn, Nursing homes, Virus Outbreak, General News, U.S. News",claim,dataset_label,data/raw/pubhealth,7607, Marina Villeneuve And Jim Mustian,en
Watchdog: Staff issues affect care at reservation hospitals.,Reliable,PUBHEALTH,"Health care services, SD State Wire, U.S. Department of Health and Human Services, Health, U.S. News, Native Americans",claim,dataset_label,data/raw/pubhealth,3886, Regina Garcia Cano,tl
"India bets on mobiles in battle on maternal, child deaths.",Reliable,PUBHEALTH,Health News,claim,dataset_label,data/raw/pubhealth,1702,Aditya Kalra,en
"Bristol, Pfizer to delay clot drug after setback.",Reliable,PUBHEALTH,Health News,claim,dataset_label,data/raw/pubhealth,8767,Ransdell Pierson,en
Pesticide ban cuts South Korea's high suicide rate - a bit.,Reliable,PUBHEALTH,Health News,claim,dataset_label,data/raw/pubhealth,2442,Ju-Min Park,en
"""The administration has issued rules for """"$1 abortions in ObamaCare"""" and """"requires all persons enrolled in insurance plans that include elective abortion coverage to pay"""" an abortion premium.""",Misinformation,PUBHEALTH,"Abortion, National, Health Care, Bloggers, ",claim,dataset_label,data/raw/pubhealth,20436,Louis Jacobson,en
School nurses serve many needs.,Reliable,PUBHEALTH,"Medication, Health, Financial markets, Janesville, Education",claim,dataset_label,data/raw/pubhealth,3930, Catherine W. Idzerda,en
"There’s new hope for blood cancers, and it comes from umbilical cords",Misinformation,PUBHEALTH,cancer treatments,claim,dataset_label,data/raw/pubhealth,9571,"William Heisel,Harold J. DeMonaco, MS,Joy Victory",en
UK-EU deadlocked in Brexit talks as clock ticks down.,Reliable,PUBHEALTH,"Global trade, United Kingdom, Health, General News, Brexit, David Frost, Michel Barnier, International News, Business, Virus Outbreak, Europe",claim,dataset_label,data/raw/pubhealth,7373, Raf Casert And Jill Lawless,en
Feds: Seattle barrel company used hidden drain to pollute.,Reliable,PUBHEALTH,"Seattle, Health, General News, Indictments, Business, U.S. News, Wastewater, Pollution",claim,dataset_label,data/raw/pubhealth,4330, Gene Johnson,en
"Study finds UK sugar tax could save thousands from obesity, diabetes.",Reliable,PUBHEALTH,Health News,claim,dataset_label,data/raw/pubhealth,1395,Kate Kelland,en
Industry scrambles to stop fatal bird flu in South Carolina.,Reliable,PUBHEALTH,"Animals, Tennessee, Health, General News, United States, Flu, Bird flu, South Carolina, Iowa, Virus Outbreak, Agriculture, U.S. News",claim,dataset_label,data/raw/pubhealth,7520, David Pitt,en
Guidelines say more women may need breast cancer gene test.,Reliable,PUBHEALTH,"Cancer, Health, General News, Ovarian cancer, Breast cancer, Angelina Jolie, U.S. News",claim,dataset_label,data/raw/pubhealth,4250, Lauran Neergaard,tl
Startup wants to bring back Vioxx for hemophilia joint pain.,Reliable,PUBHEALTH,"Chronic pain, Hemophilia, Health, Arthritis, North America, Business, AP Top News, U.S. News, Heart attack",claim,dataset_label,data/raw/pubhealth,6535, Linda A. Johnson,en
"Russia slams New York Times, Financial Times on virus deaths.",Reliable,PUBHEALTH,"Understanding the Outbreak, Health, Newspapers, International News, General News, Virus Outbreak, Europe, Russia",claim,dataset_label,data/raw/pubhealth,7381, Daria Litvinova,en
Vegetarians are unaffected by COVID-19 because the virus is passed on through eating meat.,Misinformation,PUBHEALTH,"Politics, COVID-19",claim,dataset_label,data/raw/pubhealth,35677,Nur Ibrahim,en
Women more likely to die after heart attack: study.,Reliable,PUBHEALTH,Health News,claim,dataset_label,data/raw/pubhealth,2146,"Debra Sherman, Bill Berkrot",en
A medical alert says to stop the use of anti-inflammatories for pain or high temperatures.,Misinformation,PUBHEALTH,health,claim,dataset_label,data/raw/pubhealth,41635,Kate Lewis,en
Murphy: State doubling coronavirus ‘contact tracers’.,Reliable,PUBHEALTH,"New Jersey, Health, General News, Virus Outbreak, Public health, Economy",claim,dataset_label,data/raw/pubhealth,7455, Mike Catalini,en
"Mike Villarreal Says Gov. Rick Perry's administration has proposed ending immunizations for 113,000 kids.",Misinformation,PUBHEALTH,"Children, Health Care, State Budget, Texas, Mike Villarreal, ",claim,dataset_label,data/raw/pubhealth,22955,Meghan Ashford-Grooms,en
Aspirin alone a good clot buster after knee surgery,Reliable,PUBHEALTH,"aspirin,clot buster drugs,knee surgery,Michigan Medicine",claim,dataset_label,data/raw/pubhealth,8948,"Andrew Holtz, MPH,Harold J. DeMonaco, MS,Kathlyn Stone",en
New York in 'race against time' as Trump stresses face masks are voluntary.,Reliable,PUBHEALTH,Health News,claim,dataset_label,data/raw/pubhealth,8641,"Maria Caspani, Nathan Layne",en
New Mexico looks for paths to universal health insurance.,Reliable,PUBHEALTH,"Legislature, Access to health care, General News, Universal health care, Medicaid, New Mexico",claim,dataset_label,data/raw/pubhealth,5774, Morgan Lee,en
Working up a sweat may protect men from lethal prostate cancer,Reliable,PUBHEALTH,"Academic medical center news release,Exercise,Prostate cancer",claim,dataset_label,data/raw/pubhealth,11278,"Matt Shipman,Dan Mayer, MD,Kathlyn Stone",mixed
"""Charles Schumer Says Donald Trump campaigned on not cutting Medicare and Social Security, but his nominee for the Secretary of Health and Human Services, Tom Price, """"made his career on cutting Medicare and Medicaid.""",Reliable,PUBHEALTH,"National, Candidate Biography, Medicaid, Medicare, Social Security, Charles Schumer, ",claim,dataset_label,data/raw/pubhealth,13001,Linda Qiu,en
"Acupuncture Reduces Hot Flashes for Half of Women, Study Finds",Misinformation,PUBHEALTH,Women's health,claim,dataset_label,data/raw/pubhealth,10801,"Matt Shipman,Dan Mayer, MD,Kathlyn Stone",en
Japan state of emergency mutes nightlife but cities still open as infections rise.,Reliable,PUBHEALTH,Health News,claim,dataset_label,data/raw/pubhealth,8554,Leika Kihara,en
"""Florida Democratic Party Says Rick Scott """"oversaw the largest Medicare fraud in the nation’s history.""",Reliable,PUBHEALTH,"Candidate Biography, Medicaid, Medicare, Florida, Florida Democratic Party, ",claim,dataset_label,data/raw/pubhealth,17308,Amy Sherman,en
"U.N. to create global coronavirus fund, Norway says.",Reliable,PUBHEALTH,Health News,claim,dataset_label,data/raw/pubhealth,7915,Gwladys Fouche,en
"Food, beverage companies slash calories in obesity fight.",Reliable,PUBHEALTH,Health News,claim,dataset_label,data/raw/pubhealth,2394,Sharon Begley,en
Britain tells Canada and France to pull their weight on Ebola.,Reliable,PUBHEALTH,Health News,claim,dataset_label,data/raw/pubhealth,2215,Tom Miles,en
No-spray zones divide French farmers from anxious neighbors.,Reliable,PUBHEALTH,"Paris, General News, France, Health, Emmanuel Macron, Europe, Wine",claim,dataset_label,data/raw/pubhealth,4705, John Leicester,en
GSK's two-drug HIV treatment proves itself in key tests.,Reliable,PUBHEALTH,Health News,claim,dataset_label,data/raw/pubhealth,7629,Ben Hirschler,en
Blood pressure drug Micardis cuts heart risk: study.,Reliable,PUBHEALTH,Health News,claim,dataset_label,data/raw/pubhealth,8839,Julie Steenhuysen,en
"New Jersey may be first state to ban smoking on beaches, in parks.",Reliable,PUBHEALTH,Health News,claim,dataset_label,data/raw/pubhealth,1840,Victoria Cavaliere,mixed
"Africa, Latin America fragile targets for coronavirus spread.",Reliable,PUBHEALTH,"AP Top News, Health, Ebola virus, Latin America, Africa, International News, Senegal, West Africa, Virus Outbreak, General News",claim,dataset_label,data/raw/pubhealth,7497, Carley Petesch,en
"Britain reports two cases of coronavirus, evacuation flight from China lands.",Reliable,PUBHEALTH,Health News,claim,dataset_label,data/raw/pubhealth,8272,Dylan Martinez,en
Alex Jones Says police officers smoke marijuana once a year as part of their jobs.,Misinformation,PUBHEALTH,"Drugs, PunditFact, Marijuana, Alex Jones, ",claim,dataset_label,data/raw/pubhealth,12537,Joshua Gillin,en
"""Liquid biopsy"""" test improves health outcomes and can save over $500 million annually for the U.S. healthcare system""",Misinformation,PUBHEALTH,"liquid biopsy,MDxHealth,prostate cancer",claim,dataset_label,data/raw/pubhealth,8975,"Sharon Dunwoody, PhD,Richard Hoffman, MD,Kathlyn Stone",en
London HIV patient becomes world's second AIDS cure hope.,Reliable,PUBHEALTH,Health News,claim,dataset_label,data/raw/pubhealth,1270,"Kate Kelland (Health, Science Correspondent)",en
"Donald Trump Says N.Y. Gov. Andrew Cuomo “rejected buying recommended 16,000 ventilators in 2015 for the pandemic, for a pandemic, established death panels and lotteries instead. So, he had a chance to buy, in 2015, 16,000 ventilators at a very low price, and he turned it down.”",Misinformation,PUBHEALTH,"New York, Coronavirus, Donald Trump, ",claim,dataset_label,data/raw/pubhealth,26600,Miriam Valverde,mixed
"""If women seeking an abortion see their ultrasound, """"the odds are pretty high they're going to keep the baby.""",Misinformation,PUBHEALTH,"Abortion, Children, Health Care, Public Health, Technology, Women, Wisconsin, Scott Walker, ",claim,dataset_label,data/raw/pubhealth,15347,Tom Kertscher,en
"Confusion, concern as locked-down Philippines starts coronavirus quarantine.",Reliable,PUBHEALTH,Health News,claim,dataset_label,data/raw/pubhealth,8192,"Neil Jerome Morales, Martin Petty",en
Dan Crenshaw Says longstanding Food and Drug Administration regulations “created barriers to the private industry creating a test quickly” for the coronavirus.,Reliable,PUBHEALTH,"Government Regulation, Texas, Coronavirus, Dan Crenshaw, ",claim,dataset_label,data/raw/pubhealth,26621,Madlin Mekelburg,en
Kentucky’s Medicaid enrollment dips ahead of new rules.,Reliable,PUBHEALTH,"Economic policy, Health, Kentucky, Medicaid, Economy",claim,dataset_label,data/raw/pubhealth,5486, Adam Beam,en
WHO weighs science and politics in global virus emergency decision.,Reliable,PUBHEALTH,Health News,claim,dataset_label,data/raw/pubhealth,8908,"Stephanie Nebehay, Kate Kelland",en
President Trump rolled back rules protecting residents of nursing homes.,Reliable,PUBHEALTH,"Medical, elderly, nursing homes, obama administration",claim,dataset_label,data/raw/pubhealth,27428,Bethania Palma,en
“It has been estimated that only 12% of workers in businesses that are likely to stay open during this crisis are receiving paid sick leave benefits as a result of the second coronavirus relief package.,Reliable,PUBHEALTH,"Health Check, Coronavirus, Bernie Sanders, ",claim,dataset_label,data/raw/pubhealth,26500,Shefali Luthra,en
Actress Glenn Close aims to reduce mental health stigma.,Reliable,PUBHEALTH,"Mental health, Health, Michigan, Entertainment, Glenn Close, North America, Celebrities, Ann Arbor",claim,dataset_label,data/raw/pubhealth,5325, Mike Householder,en
"Nip, tuck, click: Demand for U.S. plastic surgery rises in selfie era.",Reliable,PUBHEALTH,Health News,claim,dataset_label,data/raw/pubhealth,1748,Patricia Reaney,en
A video clip shows former President Barack Obama stressing the need for U.S. pandemic preparedness in 2014.,Reliable,PUBHEALTH,"Politics, COVID-19",claim,dataset_label,data/raw/pubhealth,35241,David Mikkelson,en
"""In altered photo, says Barack Obama wants """"more of Texans’ private data"""" via health care.""",Reliable,PUBHEALTH,"Health Care, Homeland Security, Medicaid, Welfare, Taxes, Texas, Privacy Issues, David Dewhurst, ",claim,dataset_label,data/raw/pubhealth,17547,Sue Owen,en
The White House Gift Shop is selling coronavirus commemorative coins.,Misinformation,PUBHEALTH,"Politics, COVID-19",claim,dataset_label,data/raw/pubhealth,35302,Dan Evon,en
Long lines at San Francisco area cannabis stores exempt from coronavirus lockdown.,Reliable,PUBHEALTH,Health News,claim,dataset_label,data/raw/pubhealth,8187,Rich Mckay,mixed
The No. 1 job vacancy in Florida every month for seven years has been nursing.,Reliable,PUBHEALTH,"Public Health, Florida, Adam Putnam, ",claim,dataset_label,data/raw/pubhealth,11908,Allison Graves,en
ADHD drugs do not increase heart problems in kids.,Reliable,PUBHEALTH,Health News,claim,dataset_label,data/raw/pubhealth,1919,Julie Steenhuysen,en
Some Kansas City-area patients ditch fee-for-service doctors.,Reliable,PUBHEALTH,"Kansas City, Insurance industry, Health, Kansas, Health care services",claim,dataset_label,data/raw/pubhealth,3863, Elizabeth Ruiz,en
Therapy in the office: banks take mental health fight in-house.,Reliable,PUBHEALTH,Health News,claim,dataset_label,data/raw/pubhealth,311,Sinead Cruise,en
"U.S. Sen. John McCain (R-AZ), while undergoing taxpayer-funded cancer treatments, voted to end cancer treatments for Medicare beneficiaries.",Misinformation,PUBHEALTH,"Government, Health / Medical",claim,dataset_label,data/raw/pubhealth,38099,  Rich Buhler & Staff  ,en
Dem senator: Trump VA pick vows not to privatize vets care.,Reliable,PUBHEALTH,"Confirmation hearings, Health, Privatizations, Politics, North America, Ronny Jackson, David Shulkin, Jon Tester, Veterans, Veterans affairs, Donald Trump",claim,dataset_label,data/raw/pubhealth,6732, Hope Yen,en
The government gave the police much more use of Tasers to help deal with street crime.,Reliable,PUBHEALTH,health,claim,dataset_label,data/raw/pubhealth,41718,Claire Milne,en
Things went wrong with the Medicare prescription D plan that George Bush rolled out.,Reliable,PUBHEALTH,"National, Health Care, Medicare, Retirement, Technology, Steve Israel, ",claim,dataset_label,data/raw/pubhealth,17702,Steve Contorno,en
"Marijuana fans pack 4/20 events in Colorado, Washington state.",Reliable,PUBHEALTH,Health News,claim,dataset_label,data/raw/pubhealth,2354,"Keith Coffman, Bryan Cohen",en
UK lawmakers criticize govt's stockpiling of Roche drug Tamiflu.,Reliable,PUBHEALTH,Health News,claim,dataset_label,data/raw/pubhealth,2938,Kate Kelland,en
Gene-edited food quietly arrives in restaurant cooking oil.,Reliable,PUBHEALTH,"Genetics, Health, North America, Genetically modified organisms, Science, Trans fats, Technology",claim,dataset_label,data/raw/pubhealth,4458, Candice Choi,en
Multiple Studies Show Freespira® Eliminates Panic Attacks in 80% of Patients,Misinformation,PUBHEALTH,"Freespira,Palo Alto Health Sciences",claim,dataset_label,data/raw/pubhealth,9012,"Sally James,Elizabeth Russo, MD,Kathlyn Stone",en
"""If an individual is determined """"to commit suicide, the availability of a gun is not a factor"""" because they will find a way.""",Misinformation,PUBHEALTH,"Rhode Island, Public Health, Guns, Michael Chippendale, ",claim,dataset_label,data/raw/pubhealth,18488,C. Eugene Emery Jr.,en
Woman who went to hospital twice tests positive for virus.,Reliable,PUBHEALTH,"Georgia, Health, General News, Flu, Atlanta, Virus Outbreak, Public health",claim,dataset_label,data/raw/pubhealth,7526, Jeff Martin,en
"""Donna Garner Says Joe Straus """"was co-author of a bill that would have allowed Planned Parenthood to control public school sex education.""",Misinformation,PUBHEALTH,"Education, Health Care, Texas, Donna Garner, ",claim,dataset_label,data/raw/pubhealth,22859,Ciara O'Rourke,en
A patient discharge document proves that “The WHO and CDC do NOT recommend that healthy people wear masks.”,Misinformation,PUBHEALTH,"Texas, Facebook Fact-checks, Coronavirus, Viral image, ",claim,dataset_label,data/raw/pubhealth,25983,Ciara O'Rourke,en
Antiviral Treatment During Pregnancy Reduces Mother-to-Child Transmission of Hepatitis B,Reliable,PUBHEALTH,Academic medical center news release,claim,dataset_label,data/raw/pubhealth,10270,"Earle Holland,Doug Campos-Outcalt, MD, MPA,Kathlyn Stone",en
China convicts 3 researchers involved in gene-edited babies.,Reliable,PUBHEALTH,"AP Top News, Genetics, He Jiankui, Health, General News, International News, China, Asia Pacific, Scientific research",claim,dataset_label,data/raw/pubhealth,4442, Ken Moritsugu,en
New drug clears psoriasis in clinical trials,Reliable,PUBHEALTH,Academic medical center news release,claim,dataset_label,data/raw/pubhealth,11348,"Sally James,Kathleen Fairfield, MD, DrPH,Kathlyn Stone",en
An email is making the rounds that talks about a woman in Texas whose family has experienced a variety of health problems which she says are due to the lead content of some candles. The email warns that burning candles in the home can lead to health problems.,Reliable,PUBHEALTH,"Health / Medical, Household, Warnings",claim,dataset_label,data/raw/pubhealth,39072,  Rich Buhler & Staff  ,en
More than half of Planned Parenthood facilities are in rural or medically underserved areas.,Reliable,PUBHEALTH,"Abortion, National, Health Care, Public Health, Women, Carolyn Maloney, ",claim,dataset_label,data/raw/pubhealth,12712,Sarah Waychoff,en
"The claim ... that we plan to set up panels of bureaucrats with the power to kill off senior citizens ... is a lie, plain and simple.",Reliable,PUBHEALTH,"National, Health Care, Barack Obama, ",claim,dataset_label,data/raw/pubhealth,24549,Angie Drobnic Holan,en
Magnesium-rich diet may lower stroke risk: study,Reliable,PUBHEALTH,"Reuters Health,Stroke,Supplements",claim,dataset_label,data/raw/pubhealth,9815,"Gary Schwitzer,Kathleen Fairfield, MD, DrPH",tl
"Fitness studios keep clients on track with photos, social media.",Reliable,PUBHEALTH,Health News,claim,dataset_label,data/raw/pubhealth,1676,Dorene Internicola,en
Dispute over reopening California Tesla factory may be over .,Reliable,PUBHEALTH,"U.S. News, San Francisco, Health, General News, Detroit, Business, California, Elon Musk, Virus Outbreak, Public health",claim,dataset_label,data/raw/pubhealth,7447, Tom Krisher,mixed
"If you have a windmill anywhere near your house, congratulations, your house just went down 75 percent in value. And they say the noise causes cancer.",Misinformation,PUBHEALTH," cancer, wind energy, ",claim,dataset_label,data/raw/pubhealth,41761,Jessica McDonald,en
FDA approves lower-cost alternative to biotech drug Humira.,Reliable,PUBHEALTH,"CA State Wire, AP Health, Arthritis, IL State Wire, Health, Rheumatoid arthritis, Amgen Inc",claim,dataset_label,data/raw/pubhealth,6537, Matthew Perrone,en
"Tai chi: getting there more slowly, but gracefully and intact.",Reliable,PUBHEALTH,Health News,claim,dataset_label,data/raw/pubhealth,2498,Dorene Internicola,en
Donald Trump Says Nancy Pelosi’s coronavirus bill includes “tax credits for solar and wind energy … retirement plans for community newspaper employees … $300 million for PBS … climate change studies” and more.,Reliable,PUBHEALTH,"Environment, Energy, Federal Budget, Pensions, Transportation, Taxes, Coronavirus, Donald Trump, ",claim,dataset_label,data/raw/pubhealth,26602,Louis Jacobson,en
Arkansas orders venue not to defy restrictions with concert.,Reliable,PUBHEALTH,"Fort Smith, General News, Entertainment, Arkansas, Asa Hutchinson, Virus Outbreak, Public health",claim,dataset_label,data/raw/pubhealth,7458, Andrew Demillo,en
South Africa risks spreading totally drug-resistant TB: study.,Reliable,PUBHEALTH,Health News,claim,dataset_label,data/raw/pubhealth,2843,Kate Kelland,en
"""It is the decision of the President,"""" not governors, to """"open up the states.""",Misinformation,PUBHEALTH,"States, Coronavirus, Donald Trump, ",claim,dataset_label,data/raw/pubhealth,26493,Amy Sherman,en
"Canada coronavirus deaths jump by 35%, Quebec says equipment running low.",Reliable,PUBHEALTH,Health News,claim,dataset_label,data/raw/pubhealth,7988,"David Ljunggren, Allison Lampert",en
"LED lights safer, more effective in producing Vitamin D3 than sunlight",Misinformation,PUBHEALTH,"Boston University School of Medicine,LED lights,vitamin D",claim,dataset_label,data/raw/pubhealth,9090,"Euna Bodner, MS,Doug Campos-Outcalt, MD, MPA,Kathlyn Stone",en
South Korea declares new 'special care zone' as coronavirus spreads.,Reliable,PUBHEALTH,Health News,claim,dataset_label,data/raw/pubhealth,8350,"Hyonhee Shin, Josh Smith",en
Coronavirus supplies donated by Alibaba's Ma arrive in Africa.,Reliable,PUBHEALTH,Health News,claim,dataset_label,data/raw/pubhealth,8144,"Dawit Endeshaw, Giulia Paravicini",en
"Facebook post Says a man opted out of Obamacare after the marketplace launched on Oct. 1, 2013, and was informed he owed a $4,000 fine.",Misinformation,PUBHEALTH,"National, Health Care, Facebook posts, ",claim,dataset_label,data/raw/pubhealth,17860,Lilly Maier,en
Georgia has the second-highest rate of childhood obesity in the United States.,Reliable,PUBHEALTH,"Georgia, Children, Children's Healthcare of Atlanta, ",claim,dataset_label,data/raw/pubhealth,23027,Willoughby Mariano,en
HPV testing is better than the Pap test at detecting cervical cancer,Reliable,PUBHEALTH,"Cervical cancer,HPV testing,Oxford University Press USA",claim,dataset_label,data/raw/pubhealth,9067,"Sally James,Steven J. Atlas, MD, MPH,Kathlyn Stone",mixed
Explainer: What are coronavirus antibody tests?.,Reliable,PUBHEALTH,Health News,claim,dataset_label,data/raw/pubhealth,8446,Lisa Rapaport,en
"""One person, Kathleen Sebelius, was going to determine whether or not"""" 10-year-old lung patient Sarah Murnaghan would live or die.""",Misinformation,PUBHEALTH,"National, Children, Health Care, Public Health, Pundits, Rush Limbaugh, ",claim,dataset_label,data/raw/pubhealth,18281,Louis Jacobson,en
“Coronavirus Hoax: Fake Virus Pandemic Fabricated to Cover-Up Global Outbreak of 5G Syndrome.”,Misinformation,PUBHEALTH,"Public Health, Technology, Facebook Fact-checks, Coronavirus, Facebook posts, ",claim,dataset_label,data/raw/pubhealth,26726,Tom Kertscher,en
Purdue's Sackler family fights 'inflammatory' Massachusetts opioid case.,Reliable,PUBHEALTH,Health News,claim,dataset_label,data/raw/pubhealth,354,Nate Raymond,en
"Slash sugar intake to fight obesity, tooth decay: WHO.",Reliable,PUBHEALTH,Health News,claim,dataset_label,data/raw/pubhealth,1709,Stephanie Nebehay,en
Australia begins pre-clinical testing for coronavirus vaccine.,Reliable,PUBHEALTH,Health News,claim,dataset_label,data/raw/pubhealth,7971,"Jill Gralow, Swati Pandey",en
“The CDC has recommended mail in voting. That’s what this whole pandemic is about: the election!”,Misinformation,PUBHEALTH,"Facebook Fact-checks, Coronavirus, Facebook posts, ",claim,dataset_label,data/raw/pubhealth,26326,Amy Sherman,en
Happiness makes for a healthy heart.,Reliable,PUBHEALTH,Health News,claim,dataset_label,data/raw/pubhealth,2151,Kate Kelland,en
New emerging research suggests Montmorency tart cherries may help enhance gut health,Misinformation,PUBHEALTH,"cherries,Cherry Marketing Institute,gut health",claim,dataset_label,data/raw/pubhealth,8974,"Michael Joyce, MD,Kathleen Fairfield, MD, DrPH,Kathlyn Stone",tl
Medicare has spent $172 million on penis pumps in the last five years at $360 a pop.,Reliable,PUBHEALTH,"Medicare, Sexuality, PunditFact, Ilyse Hogue, ",claim,dataset_label,data/raw/pubhealth,17227,Katie Sanders,mixed
"According to the Centers for Disease Control and Prevention (CDC), about 120 Americans on average die from a drug overdose every day. Overall, drug overdose deaths now outnumber deaths from firearms.",Reliable,PUBHEALTH,"National, Drugs, Health Care, Public Health, Guns, Joe Pitts, ",claim,dataset_label,data/raw/pubhealth,14421,Louis Jacobson,en
"“We’re down near the low end of per capita deaths ... Most places are at 60 deaths per 100,000. We're at 29.”",Misinformation,PUBHEALTH,"Public Health, Pundits, PunditFact, Coronavirus, Joe Kernen, ",claim,dataset_label,data/raw/pubhealth,26219,Bill McCarthy,mixed
"In lockdown Britain, 'Mancunian Motivator' brings fun and fitness to neighbours.",Reliable,PUBHEALTH,Health News,claim,dataset_label,data/raw/pubhealth,8702,Will Russell,en
We are giving almost $2 billion of taxpayer money to the junk food and fast food industries every year to make the (childhood obesity) epidemic worse.,Misinformation,PUBHEALTH,"Ohio, Consumer Safety, Food Safety, Health Care, Taxes, Dennis Kucinich, ",claim,dataset_label,data/raw/pubhealth,22898,Tom Feran,en
Increasing the Odds of Prostate Cancer Detection,Misinformation,PUBHEALTH,"Hospital news release,Prostate cancer",claim,dataset_label,data/raw/pubhealth,10310,"Mary Chris Jaklevic,Steven J. Atlas, MD, MPH,Kathlyn Stone",en
Baby Orajel can cause infants to stop breathing and turn blue.,Reliable,PUBHEALTH,"Medical, drugs, orajel, true",claim,dataset_label,data/raw/pubhealth,27918,David Mikkelson,en
A Centers for Disease Control and Prevention doctor said the flu vaccine is causing the deadly flu epidemic.,Misinformation,PUBHEALTH,"Medical, anti-vaccine, big pharma, flu",claim,dataset_label,data/raw/pubhealth,30695,Bethania Palma,en
Facebook post Says the coronavirus can be slowed or stopped with the “immediate widespread use of high doses of vitamin C.”,Misinformation,PUBHEALTH,"Public Health, Facebook Fact-checks, Coronavirus, Facebook posts, ",claim,dataset_label,data/raw/pubhealth,26784,Samantha Putterman,en
Jacobs Ladder climbers reap tough fitness rewards.,Reliable,PUBHEALTH,Health News,claim,dataset_label,data/raw/pubhealth,2602,Dorene Internicola,en
Reviving Memory With An Electrical Current,Misinformation,PUBHEALTH,"alzheimer's disease,deep brain stimulation,dementia",claim,dataset_label,data/raw/pubhealth,9636,"Mary Chris Jaklevic,Susan Molchan, MD, MA,Joy Victory",en
Investigation: Lead in some Canadian water worse than Flint.,Reliable,PUBHEALTH,"Science, Michigan, Flint, Weekend Reads, General News, Health, Canada, Montreal, AP Top News, International News, U.S. News",claim,dataset_label,data/raw/pubhealth,6277, Martha Mendoza,en
Rules call for swing to healthier snacks in schools.,Reliable,PUBHEALTH,Health News,claim,dataset_label,data/raw/pubhealth,2547,"Susan Heavey, Charles Abbott",en
“Hair weave and lace fronts manufactured in China may contain the coronavirus.”,Misinformation,PUBHEALTH,"Facebook Fact-checks, Coronavirus, Bloggers, ",claim,dataset_label,data/raw/pubhealth,26783,Daniel Funke,mixed
"Forcing Americans off of their current health coverage and onto a government-run plan isn't the answer, but that's exactly what the Democrats' plan would do.",Misinformation,PUBHEALTH,"National, Health Care, John Boehner, ",claim,dataset_label,data/raw/pubhealth,24459,Angie Drobnic Holan,en
"Dr. Abdu Sharkawy, an infectious diseases specialist, penned a viral Facebook post warning about the loss of reason in the face of panic over the new coronavirus in 2020.",Reliable,PUBHEALTH,"Medical, COVID-19",claim,dataset_label,data/raw/pubhealth,35189,Alex Kasprak,en
China's Wuhan to keep testing residents as coronavirus lockdown eases.,Reliable,PUBHEALTH,Health News,claim,dataset_label,data/raw/pubhealth,8312,Brenda Goh,en
Anti-perspirants have been identified as the leading cause of breast cancer.,Misinformation,PUBHEALTH,"Medical, Toxin Du Jour",claim,dataset_label,data/raw/pubhealth,33832,David Mikkelson,en
"When ingested orally or applied topically to an open wound, cayenne pepper can stop serious bleeding.",Misinformation,PUBHEALTH,Medical,claim,dataset_label,data/raw/pubhealth,29969,Alex Kasprak,en
Trump plan to stop HIV epidemic targets high-infection areas.,Reliable,PUBHEALTH,"Alex Azar, Health, Anthony Fauci, Politics, North America, Campaigns, Epidemics, Infectious diseases, United States, Public health, Donald Trump",claim,dataset_label,data/raw/pubhealth,6686, Ricardo Alonso-Zaldivar,en
Lung ultrasound may be a safe substitute for chest X-ray when diagnosing pneumonia in children,Reliable,PUBHEALTH,"Hospital news release,Imaging,Screening tests",claim,dataset_label,data/raw/pubhealth,10743,"Earle Holland,Dan Mayer, MD,Kathlyn Stone",mixed
"As the number of vaccines administered to children has increased in the United States, so has the autism rate.",Misinformation,PUBHEALTH,"Autism, Ohio, Viral image, ",claim,dataset_label,data/raw/pubhealth,13593,Nadia Pflaum,en
Extending dosing intervals reduces deadly side effect risk from multiple sclerosis drug,Misinformation,PUBHEALTH,"multiple sclerosis,natalizumab,NYU Langone Health / NYU School of Medicine",claim,dataset_label,data/raw/pubhealth,9038,"Michael Joyce, MD,Susan Molchan, MD, MA,Kathlyn Stone",en
An email is received alleged to be from a seven year old girl who has lung cancer from second hand smoke and a large brain tumor from beatings. The email says she will die without help but that her family can’t pay. Recipients of the message are asked to forward it to others and that the Make-A-Wish Foundation has agreed to donate 7 cents for each name on the list for Amy’s medical treatment.,Misinformation,PUBHEALTH,"Computers, Medical, Pleas",claim,dataset_label,data/raw/pubhealth,39122,  Rich Buhler & Staff  ,en
TV product placements termed junk food ad loophole.,Reliable,PUBHEALTH,Health News,claim,dataset_label,data/raw/pubhealth,1963,Lauren Keiper,en
High levels of sulfur dioxide in Wuhan “may be a sign of mass cremations of victims of the coronavirus.,Misinformation,PUBHEALTH,"Public Health, Facebook Fact-checks, Coronavirus, Facebook posts, ",claim,dataset_label,data/raw/pubhealth,26815,Daniel Funke,mixed
Chicago teachers’ strike highlights support staff shortages.,Reliable,PUBHEALTH,"AP Top News, Health, General News, Strikes, Chicago Schools, Poverty, Ohio, U.S. News",claim,dataset_label,data/raw/pubhealth,4894, Kantele Franko,en
"In clamor to reopen, many black people feel overlooked.",Reliable,PUBHEALTH,"AP Top News, Race and ethnicity, Health, General News, Politics, Lifestyle, Business, Science, U.S. News, Virus Outbreak, Weekend Reads, Pandemics",claim,dataset_label,data/raw/pubhealth,7559, Jay Reeves,en
Researchers identify two coronavirus strains as China cases dwindle.,Reliable,PUBHEALTH,Health News,claim,dataset_label,data/raw/pubhealth,8378,"Andrew Galbraith, David Stanway",en
Laparoscopic anti-reflux operation for GERD linked to fewer postoperative complications,Reliable,PUBHEALTH,"GERD,laparoscopic surgery",claim,dataset_label,data/raw/pubhealth,9195,"Sally James,A'ndrea Elyse Messer, MS, PhD,Kathlyn Stone",en
A photograph shows one petri dish that was coughed on by a person not wearing a mask and another petri dish coughed on by the same person wearing a mask.,Reliable,PUBHEALTH,"Science, COVID-19",claim,dataset_label,data/raw/pubhealth,35433,Dan Evon,en
Stricter liquor rules give Lithuanians a severe hangover.,Reliable,PUBHEALTH,"AP Top News, Health, Legislation, Lithuania, Europe, Vilnius",claim,dataset_label,data/raw/pubhealth,4617, Liudas Dapkus,en
"""The government will """"go out and buy my breast pump for my babies.""",Misinformation,PUBHEALTH,"National, Health Care, Women, Taxes, Michele Bachmann, ",claim,dataset_label,data/raw/pubhealth,22573,Angie Drobnic Holan,en
Faith Hoemspine is a 5-year-old who is fighting a losing battle with cancer. She’s in the Shriner’s hospital in Cincinnati and wants to receive the most get well cards anyone has ever received.,Misinformation,PUBHEALTH,"Medical, Pleas",claim,dataset_label,data/raw/pubhealth,40244,  Rich Buhler & Staff  ,en
Ingredient in magic mushrooms is shown to ease anxiety and depression in cancer patients in one dose,Reliable,PUBHEALTH,"hallucinogens,mental health,psilocybin",claim,dataset_label,data/raw/pubhealth,9531,"Matt Shipman,Michael Bierer MD, MPH,Joy Victory",en
"“For the World Health Organization, the international entity whose sole responsibility it is to alert the world of global pandemics like this, to miss this, is a huge problem.”",Misinformation,PUBHEALTH,"National, Coronavirus, Pennsylvania, Brian Fitzpatrick, ",claim,dataset_label,data/raw/pubhealth,26209,Jessica Calefati,en
Aviation experts puzzled after airliner dumps fuel over city.,Reliable,PUBHEALTH,"Los Angeles, Health, General News, Business, AP Top News, Travel, U.S. News",claim,dataset_label,data/raw/pubhealth,2988, John Antczak And Bernard Condon,en
"In taking on high drug prices, Trump faces a complex nemesis.",Reliable,PUBHEALTH,"AP Top News, Health, Politics, North America, Prescription drug costs, Prescription drugs, Prices, Donald Trump",claim,dataset_label,data/raw/pubhealth,3808, Matthew Perrone,en
Seoul: North Korea confirms African swine fever outbreak.,Reliable,PUBHEALTH,"Seoul, Health, South Korea, General News, North Korea, Animal health, China, Asia, Asia Pacific, Agriculture",claim,dataset_label,data/raw/pubhealth,3970, Kim Tong-Hyung,en
Coronavirus pandemic disrupts Appalachian Trail dreams.,Reliable,PUBHEALTH,"AP Top News, Hiking, Health, Outdoor recreation, Lifestyle, Pandemics, Travel, General News, Virus Outbreak, U.S. News",claim,dataset_label,data/raw/pubhealth,7331, Sarah Blake Morgan,en
“Of course I will always protect those with preexisting conditions. Always.”,Misinformation,PUBHEALTH,"Arizona, Health Check, Martha McSally, ",claim,dataset_label,data/raw/pubhealth,26057,Shefali Luthra,en
"In a very real sense, (Oklahoma has) flattened the curve. ... The number of cases in Oklahoma — it's declined precipitously.",Misinformation,PUBHEALTH,"Public Health, Coronavirus, Mike Pence, ",claim,dataset_label,data/raw/pubhealth,26117,Louis Jacobson,en
Caregiver of Indian girl found dead in Texas wants answers.,Reliable,PUBHEALTH,"Mother Teresa, Dallas, Health, Orphans, India, North America, Asia Pacific, U.S. News, Texas",claim,dataset_label,data/raw/pubhealth,6485, Muneeza Naqvi,en
Maker of Four Loko flavored malt liquor accepts marketing limits.,Reliable,PUBHEALTH,Health News,claim,dataset_label,data/raw/pubhealth,2372,Jonathan Stempel,en
"Jimmy Carter: To beat Trump, Dems cannot scare off moderates.",Reliable,PUBHEALTH,"Health care reform, Universal health care, North America, Environment, Immigration, Elections, Politics, Atlanta, Donald Trump, Jimmy Carter, Presidential elections",claim,dataset_label,data/raw/pubhealth,7200, Bill Barrow,en
"With this reform, every insured American gets valuable consumer protections, and every uninsured American can become insured.",Reliable,PUBHEALTH,"Health Care, Texas, Lloyd Doggett, ",claim,dataset_label,data/raw/pubhealth,24102,Ciara O'Rourke,en
"Facing shortages, India bets on China for swift ramp-up of protective health gear: sources.",Reliable,PUBHEALTH,Health News,claim,dataset_label,data/raw/pubhealth,8003,"Neha Dasgupta, Aditya Kalra",en
Roche sues U.S. executives in fight over diabetes test strips.,Reliable,PUBHEALTH,Health News,claim,dataset_label,data/raw/pubhealth,361,John Miller,en
Doctors warn of demand for 'vaginal seeding' despite thin evidence.,Reliable,PUBHEALTH,Health News,claim,dataset_label,data/raw/pubhealth,7797,Kate Kelland,en
Mammograms Can Save Lives of Women in Their 40s: Study,Reliable,PUBHEALTH,"breast cancer,mammography",claim,dataset_label,data/raw/pubhealth,9795,"Mandy Stahre, PhD,Gary Schwitzer",en
"Fad diets can work, but experts find no magic slimming bullet.",Reliable,PUBHEALTH,Health News,claim,dataset_label,data/raw/pubhealth,2895,"Kate Kelland, Health, Science Correspondent",en
Britain’s young royals promote conversation on mental health.,Reliable,PUBHEALTH,"Tony Blair, Mental health, Health, Alastair Campbell, Prince Harry, Celebrities, Prince William, Europe",claim,dataset_label,data/raw/pubhealth,5538, Siobhan Starrs,en
Metaphorical Washington ‘swamp’ overrun by actual vermin.,Reliable,PUBHEALTH,"AP Top News, Rats, Health, Politics, North America, U.S. News",claim,dataset_label,data/raw/pubhealth,6668, Ashraf Khalil,en
“Queen Elizabeth tests positive for COVID-19.”,Misinformation,PUBHEALTH,"Facebook Fact-checks, Coronavirus, Bloggers, ",claim,dataset_label,data/raw/pubhealth,26561,Ciara O'Rourke,en
"New Study Shows Ketamine May Regenerate Brain Cells, Relieving Depression with Lasting Benefit",Misinformation,PUBHEALTH,"Independent research center news release,mental health",claim,dataset_label,data/raw/pubhealth,11545,"Susan Molchan, MD, MA,Kathlyn Stone",mixed
It's all about the roll when choosing running shoes.,Reliable,PUBHEALTH,Health News,claim,dataset_label,data/raw/pubhealth,2484,Dorene Internicola,en
Ex-day care worker charged in death of 6-month-old.,Reliable,PUBHEALTH,"Vermont, Arrests, Health, Vermont State Police, Antihistamines, Rutland",claim,dataset_label,data/raw/pubhealth,6438, Lisa Rathke,en
“The spot where they are ‘getting a sample’ for the COVID-19 test is called your Blood-Brain Barrier.”,Misinformation,PUBHEALTH,"Health Care, Public Health, Facebook Fact-checks, Facebook posts, ",claim,dataset_label,data/raw/pubhealth,25988,Madison Czopek,en
"""U.S. President Donald Trump said """"hundreds"""" of governors are calling him amid the COVID-19 coronavorus pandemic.""",Misinformation,PUBHEALTH,"Politics, COVID-19",claim,dataset_label,data/raw/pubhealth,35295,Jessica Lee,en
“Corona virus: Florida man arrested for robbery using cough as a weapon.”,Misinformation,PUBHEALTH,"Florida, Facebook Fact-checks, Coronavirus, Facebook posts, ",claim,dataset_label,data/raw/pubhealth,26801,Emily Venezky,en
Vegetarians gaining ground in carnivorous Argentina.,Reliable,PUBHEALTH,"AP Top News, Animals, International News, South America, General News, Buenos Aires, Latin America, Caribbean, Health, Vegetarianism, Argentina",claim,dataset_label,data/raw/pubhealth,4563, Debora Rey,en
EU: Possible virus drug approval ‘before the summer’.,Reliable,PUBHEALTH,"Understanding the Outbreak, International News, Clinical trials, Health, Business, Racing for a Remedy, Virus Outbreak, Europe, General News",claim,dataset_label,data/raw/pubhealth,7384, Maria Cheng,en
"Crowded, stretched world awaits 7 billionth baby.",Reliable,PUBHEALTH,Health News,claim,dataset_label,data/raw/pubhealth,2659,Nita Bhalla,en
"French coronavirus death toll tops 1,000, lockdown likely to be extended.",Reliable,PUBHEALTH,Health News,claim,dataset_label,data/raw/pubhealth,8107,Benoit Van Overstraeten,en
"""Young people """"have a greater chance of being killed by the HPV vaccine than COVID-19.”""",Misinformation,PUBHEALTH,"Health Care, Public Health, Iowa, Coronavirus, Jeff Shipley, ",claim,dataset_label,data/raw/pubhealth,26323,Rylee Wilson,en
"""Congress will begin its recess """"without having allocated one penny"""" to fight Zika.""",Reliable,PUBHEALTH,"Global News Service, Public Health, Hillary Clinton, ",claim,dataset_label,data/raw/pubhealth,14396,Jon Greenberg,en
Weight loss among fat-acceptance influencers a fraught topic.,Reliable,PUBHEALTH,"Fashion, Health, Media, General News, Entertainment, Social media, Lifestyle, New York, Weight loss surgery",claim,dataset_label,data/raw/pubhealth,3237, Leanne Italie,en
"""I helped write"""" the Affordable Care Act.""",Misinformation,PUBHEALTH,"National, Corrections and Updates, Health Care, Bernie Sanders, ",claim,dataset_label,data/raw/pubhealth,14722,Louis Jacobson,en
"After bridge collapse, flashbacks, anxiety for one survivor.",Reliable,PUBHEALTH,"Anxiety, Mental health, Florida International University, Miami, Florida, North America, Health, Bridge collapses, U.S. News",claim,dataset_label,data/raw/pubhealth,7591, Adriana Gomez Licon,en
"In rise of U.S. vape shops, owners eye new marijuana market.",Reliable,PUBHEALTH,Health News,claim,dataset_label,data/raw/pubhealth,1643,Jilian Mincer,en
Ventilator receives first approval in UK's coronavirus battle.,Reliable,PUBHEALTH,Health News,claim,dataset_label,data/raw/pubhealth,8706,Costas Pitas,en
Colorado OKs electric car requirement to fight air pollution.,Reliable,PUBHEALTH,"U.S. News, Transportation technology, Colorado, Health, General News, Air pollution, Automobiles, Business, Denver, Technology, Air quality, Electric vehicles, Pollution",claim,dataset_label,data/raw/pubhealth,6575, Dan Elliott,en
Drinking cold water after meals causes unpleasant and lasting side effects.,Misinformation,PUBHEALTH,"Medical, cancer, heart attack, Medical Myths",claim,dataset_label,data/raw/pubhealth,33344,Snopes Staff,en
Eating pecans had significant effect on biomarkers of heart disease and type 2 diabetes,Misinformation,PUBHEALTH,"cardiovascular disease,National Pecan Shellers Association,pecans",claim,dataset_label,data/raw/pubhealth,9021,"Sally James,Harold J. DeMonaco, MS,Kathlyn Stone",en
US report indicates broad risk of COVID-19 at wildfire camps.,Reliable,PUBHEALTH,"Wildfires, Virus Outbreak, Understanding the Outbreak, General News, Forests, Health, Fires, Idaho, U.S. News",claim,dataset_label,data/raw/pubhealth,7470, Rebecca Boone,mixed
"Facebook post Says COVID-19 testing could be done with mouth swabs, so maybe deeper swabbing is “implanting something.”",Misinformation,PUBHEALTH,"Public Health, Facebook Fact-checks, Coronavirus, Facebook posts, ",claim,dataset_label,data/raw/pubhealth,25969,Tom Kertscher,en
'Like wartime' - Philippine doctors overwhelmed by coronavirus deluge.,Reliable,PUBHEALTH,Health News,claim,dataset_label,data/raw/pubhealth,8051,Karen Lema,en
The U.S. Department of Justice issued a card that exempts holders from wearing face masks on the grounds that it poses a health risk to them due to medical conditions they aren't required to disclose by authority of the Americans with Disabilities Act (ADA).,Misinformation,PUBHEALTH,"Medical, COVID-19",claim,dataset_label,data/raw/pubhealth,35529,Nur Ibrahim,en
Talc verdict winner: Money can’t make up for lost health.,Reliable,PUBHEALTH,"AP Top News, Cancer, St. Louis, Lawsuits, Ovarian cancer, Health, Business, Modesto, California, U.S. News, U.S. News",claim,dataset_label,data/raw/pubhealth,4258, Jim Salter,en
French women demand action amid high domestic violence rate.,Reliable,PUBHEALTH,"AP Top News, Emmanuel Macron, General News, Violence, France, International News, Domestic violence, Health, Europe, Weekend Reads",claim,dataset_label,data/raw/pubhealth,4794, Claire Parker,en
A 12-year-old Wisconsin girl in died as a result of receiving the Gardasil HPV vaccine.,Misinformation,PUBHEALTH,"Medical, gardasil, HPV vaccine, vaccine misinformation",claim,dataset_label,data/raw/pubhealth,32429,David Emery,en
Some symptoms of a heart attack are subtle and can be mistaken for indigestion.,Reliable,PUBHEALTH,"Medical, american heart association, ASP Article, Disease",claim,dataset_label,data/raw/pubhealth,27942,David Mikkelson,en
Biotech is going to the dogs - and big profits await.,Reliable,PUBHEALTH,Health News,claim,dataset_label,data/raw/pubhealth,180,Ludwig Burger,en
Fauci warns of ‘suffering and death’ if US reopens too soon.,Reliable,PUBHEALTH,"AP Top News, Understanding the Outbreak, Health, Anthony Fauci, General News, Politics, Infectious diseases, Pandemics, Donald Trump, Virus Outbreak, Economy",claim,dataset_label,data/raw/pubhealth,7538, Ricardo Alonso-Zaldivar And Lauran Neergaard,en
Health officials: At least 2 Idaho kids have died from flu.,Reliable,PUBHEALTH,"General News, Flu, Public health, Idaho",claim,dataset_label,data/raw/pubhealth,3366, Rebecca Boone,mixed
Herd immunity is probably why California has far fewer COVID-19 deaths than New York.,Misinformation,PUBHEALTH,"Public Health, Facebook Fact-checks, California, New York, Coronavirus, Facebook posts, ",claim,dataset_label,data/raw/pubhealth,26441,Tom Kertscher,en
Things to Know: Face covering rules vary by jurisdiction.,Reliable,PUBHEALTH,"Los Angeles, Health, General News, Virus Outbreak, Eric Garcetti",claim,dataset_label,data/raw/pubhealth,7359, John Antczak,en
Continued protection sought for medical-marijuana states.,Reliable,PUBHEALTH,"Earl Blumenauer, Medical marijuana, Oregon, Dana Rohrabacher",claim,dataset_label,data/raw/pubhealth,6475, Andrew Selsky,en
"According to recent reports, a group of death panels organized under Obamacare ordered their first execution.",Misinformation,PUBHEALTH,"National, Health Care, AmericanNews.com, ",claim,dataset_label,data/raw/pubhealth,16194,Lauren Burns,en
Legionnaires’ disease found in adjacent California prisons.,Reliable,PUBHEALTH,"Stockton, Prisons, Health, Legionnaires disease, North America, California",claim,dataset_label,data/raw/pubhealth,6080, Don Thompson,en
Australian wildfire smoke stokes health fears in cities.,Reliable,PUBHEALTH,"Climate, Australia, Climate change, Canberra, International News, General News, Wildfires, Melbourne, Health, Fires, AP Top News, Science, Sydney, Asia Pacific",claim,dataset_label,data/raw/pubhealth,2990, Rod Mcguirk,en
"""Gilberto Hinojosa Says if Texas abortion measure passes, """"someone living in El Paso would have to drive 550 miles each way to San Antonio for something as simple as cervical cancer screening.""",Misinformation,PUBHEALTH,"Abortion, Health Care, Texas, Gilberto Hinojosa, ",claim,dataset_label,data/raw/pubhealth,18159,Sue Owen,en
Judge won’t compel health system to fund doctor’s defense.,Reliable,PUBHEALTH,"Columbus, Michigan, Health, General News, Ohio, Lawsuits",claim,dataset_label,data/raw/pubhealth,3497, Kantele Franko,en
Record $417M award in lawsuit linking baby powder to cancer.,Reliable,PUBHEALTH,"Los Angeles, Cancer, Health, Lawsuits, North America, Business, California, Ovarian cancer, U.S. News",claim,dataset_label,data/raw/pubhealth,4254, Michael Balsamo,en
A man using bath salts reported that raccoons had set fire inside his home and stolen his cell phone.,Reliable,PUBHEALTH,"Ohio, Criminal Justice, Drugs, Crime, Mike DeWine, ",claim,dataset_label,data/raw/pubhealth,18990,Joe Guillen,en
Moroccan journalist denies charges of illegal abortion.,Reliable,PUBHEALTH,"Journalists, Health, Middle East, Rabat, Africa, Morocco, General News, International News",claim,dataset_label,data/raw/pubhealth,3455, Amira El Masaiti,en
"EXPERIMENTAL DRUG VISTUSERTIB COULD SHRINKS TUMORS IN 50% OF OVARIAN CANCER PATIENTS, STUDY SUGGESTS",Misinformation,PUBHEALTH,ovarian cancer,claim,dataset_label,data/raw/pubhealth,9340,"Mary Chris Jaklevic,Mandy Stahre, PhD,Joy Victory",en
“Donald Trump would receive $17 million for three hotels closed for four days under Republican bill! How in the hell is this right?!”,Misinformation,PUBHEALTH,"Corporations, Facebook Fact-checks, Coronavirus, Facebook posts, ",claim,dataset_label,data/raw/pubhealth,26591,Tom Kertscher,en
Brazil’s health minister resigns after one month on the job.,Reliable,PUBHEALTH,"Brazil, AP Top News, Health, General News, Latin America, Caribbean, Sao Paulo, Pandemics, Donald Trump, Virus Outbreak, Economy",claim,dataset_label,data/raw/pubhealth,7341, Mauricio Savarese,en
"The gun epidemic is the leading cause of death of young African-American men, more than the next nine causes put together.",Reliable,PUBHEALTH,"National, Race and Ethnicity, Public Health, Guns, Hillary Clinton, ",claim,dataset_label,data/raw/pubhealth,13455,Louis Jacobson,en
Britain plans world's first go-ahead for '3-parent' IVF babies.,Reliable,PUBHEALTH,Health News,claim,dataset_label,data/raw/pubhealth,2490,"Kate Kelland, Health, Science Correspondent",en
The discovery of a vaccine for the autoimmune disease diabetes has been announced.,Misinformation,PUBHEALTH,"Junk News, diabetes, Health Care, scams",claim,dataset_label,data/raw/pubhealth,32257,Bethania Palma,en
"“We were slow with the testing, but very quick with the travel ban. And that's been much more critical in saving lives.”",Misinformation,PUBHEALTH,"Immigration, National, Public Health, Health Check, PunditFact, Coronavirus, Jesse Watters, ",claim,dataset_label,data/raw/pubhealth,26554,Shefali Luthra,en
JB Pritzker Says it was “unquestionably” not within his “legal authority” to postpone Illinois’ primary election by changing the date or shifting to vote-by-mail.,Reliable,PUBHEALTH,"Elections, Illinois, Coronavirus, JB Pritzker, ",claim,dataset_label,data/raw/pubhealth,26606,Kiannah Sepeda-Miller,en
"There is a proven natural cure for cancer called sour honey, but pharmaceutical companies and politicians are trying to keep it under wraps for financial gain.",Misinformation,PUBHEALTH,"Politics Conspiracy Theories, cancer, cancer cures, propolis",claim,dataset_label,data/raw/pubhealth,29348,Alex Kasprak,en
"Viral image Says if you donate blood, “they HAVE to test you” for coronavirus.",Misinformation,PUBHEALTH,"Facebook Fact-checks, Coronavirus, Viral image, ",claim,dataset_label,data/raw/pubhealth,26685,Ciara O'Rourke,en
Michigan halts sale of marijuana e-cigs unless re-tested.,Reliable,PUBHEALTH,"Medical marijuana, General News, Marijuana, Vaping, Michigan",claim,dataset_label,data/raw/pubhealth,4673, David Eggert,en
Will Europe's clampdown on faulty medical devices hurt patients?.,Reliable,PUBHEALTH,Health News,claim,dataset_label,data/raw/pubhealth,308,Caroline Copley,en
Blood test predicts spastic cerebral palsy,Misinformation,PUBHEALTH,"blood test,cerebral palsy,Nemours Children's Health System",claim,dataset_label,data/raw/pubhealth,8987,"Earle Holland,Alan Schroeder, MD,Kathlyn Stone",en
"""After 44 years, we just got it passed ... veteran's choice. ... I said, I have the greatest idea. We're going to do this."""" """,Misinformation,PUBHEALTH," health care, veterans, veterans choice program, ",claim,dataset_label,data/raw/pubhealth,41834,Lori Robertson,en
“Ultraviolet Radiation is administered into the body as a disinfectant to kill bacteria and viruses and this has been used for a while now.”,Misinformation,PUBHEALTH,"Public Health, Facebook Fact-checks, Coronavirus, Facebook posts, ",claim,dataset_label,data/raw/pubhealth,26400,Daniel Funke,en
"The deadly Klebsiella plague from China is coming to the United States, and citizens have been warned to take action.",Misinformation,PUBHEALTH,Health / Medical,claim,dataset_label,data/raw/pubhealth,38055,  Rich Buhler & Staff  ,en
"Malawi fights tsetse flies, disease after wildlife relocated.",Reliable,PUBHEALTH,"Wildlife, Elephants, Southern Africa, General News, Africa, Health, Malawi",claim,dataset_label,data/raw/pubhealth,4287, Kenneth Jali,en
"""Scientists """"are shocked to discover that weed kills corona virus”""",Misinformation,PUBHEALTH,"Facebook Fact-checks, Coronavirus, Instagram posts, ",claim,dataset_label,data/raw/pubhealth,26889,Emily Venezky,en
Elevated opioid risks found at Native American hospitals.,Reliable,PUBHEALTH,"Opioids, Health, General News, Native Americans, Epidemics, Business, AP Top News, U.S. News, Protocols",claim,dataset_label,data/raw/pubhealth,5978, Felicia Fonseca,tl
"""COVID-19"""" is named so because it is the 19th """"Chinese-Originated Viral Infectious Disease.""",Misinformation,PUBHEALTH,"Junk News, COVID-19",claim,dataset_label,data/raw/pubhealth,35123,David Mikkelson,en
"Global coronavirus death toll hits 100,000, cases over 1.6 million.",Reliable,PUBHEALTH,Health News,claim,dataset_label,data/raw/pubhealth,8530,Cate Cadell,en
Just about half of rural hospitals operate in the red in Virginia. They operate at a loss.,Reliable,PUBHEALTH,"Health Care, Virginia, Mary Mannix, ",claim,dataset_label,data/raw/pubhealth,15128,Sean Gorman,mixed
IKEA released a magazine ad which includes a pregnancy test.,Reliable,PUBHEALTH,"Business, Akestam Holst, ikea, Pregnancy tests",claim,dataset_label,data/raw/pubhealth,27416,Arturo Garcia,en
CVS Health Research Institute Study Shows that Home Infusion Care Improves Patient Outcomes and Quality of Life While Reducing Overall Costs,Reliable,PUBHEALTH,"Health care costs,industry/commercial news releases",claim,dataset_label,data/raw/pubhealth,10116,"Sally James,Susan Molchan, MD, MA,Kathlyn Stone",en
Know what to say when postpartum depression hits a loved one.,Reliable,PUBHEALTH,"AP Top News, Mental health, New York, Gwyneth Paltrow, North America, Lifestyle, Health, Sports, California, Serena Williams, Chrissy Teigen, Postpartum depression, Depression",claim,dataset_label,data/raw/pubhealth,3519, Leanne Italie,en
Amendments end California governor’s unease on vaccine bill.,Reliable,PUBHEALTH,"Immunizations, Health, General News, Legislation, California, Gavin Newsom",claim,dataset_label,data/raw/pubhealth,5742, The Associated Press,en
Viral image Says Queen Elizabeth said Philippine President Rodrigo Duterte “is the kind of leader who knows the way .... Filipinos are very lucky to have him.”,Misinformation,PUBHEALTH,"Facebook Fact-checks, Coronavirus, Viral image, ",claim,dataset_label,data/raw/pubhealth,26531,Ciara O'Rourke,en
"Fauci warns: More death, econ damage if US reopens too fast.",Reliable,PUBHEALTH,"AP Top News, International News, Anthony Fauci, General News, Politics, Health, Infectious diseases, Travel, Donald Trump, Asia Pacific, Virus Outbreak, Europe, Economy",claim,dataset_label,data/raw/pubhealth,7537, Lauran Neergaard And Ricardo Alonso-Zaldivar,en
"""Claims that former Sen. Tom Daschle said, """"Seniors should be more accepting of the conditions that come with age instead of treating them.""",Misinformation,PUBHEALTH,"National, Health Care, Chain email, ",claim,dataset_label,data/raw/pubhealth,24735,Robert Farley,en
Diet shown to reduce stroke risk may also reduce risk of depression,Misinformation,PUBHEALTH,"American Academy of Neurology,DASH diet",claim,dataset_label,data/raw/pubhealth,9031,"Matt Shipman,Yoni Freedhoff, MD,Kathlyn Stone",mixed
There are more pain clinics in Broward County than there are McDonald's in Broward County.,Reliable,PUBHEALTH,"Drugs, Florida, Dave Aronberg, ",claim,dataset_label,data/raw/pubhealth,23644,Amy Sherman,en
Early results boost hopes for historic gene editing attempt.,Reliable,PUBHEALTH,"AP Top News, Genetics, Phoenix, Health, Genetic Frontiers, North America, Business, Science, U.S. News",claim,dataset_label,data/raw/pubhealth,7395, Marilynn Marchione,en
"Girls are dying after receiving Gardasil and Cervarix vaccines for human papillomavirus (HPV), and the vaccines were not tested by the FDA.",Misinformation,PUBHEALTH,Medical,claim,dataset_label,data/raw/pubhealth,39813,  Rich Buhler & Staff  ,en
Ebola case reported not far from South Sudan border.,Reliable,PUBHEALTH,"South Sudan, Health, General News, Africa, Sudan, Senegal",claim,dataset_label,data/raw/pubhealth,3192, Sam Mednick And Krista Larson,en
Weighing the benefits of balance training.,Reliable,PUBHEALTH,Health News,claim,dataset_label,data/raw/pubhealth,2651,Dorene Internicola,en
Vixen workouts fuse foxy cardio fitness with girls’ night out.,Reliable,PUBHEALTH,Health News,claim,dataset_label,data/raw/pubhealth,1827,Dorene Internicola,en
New Peer-Reviewed Clinical Study Successfully Validates The Use Of Proove Opioid Risk® To Predict Prescription Opioid Abuse,Misinformation,PUBHEALTH,"opioid abuse,Proove Biosciences",claim,dataset_label,data/raw/pubhealth,9149,"Kim Walsh-Childers, PhD,Michael Bierer MD, MPH,Kathlyn Stone",en
President Obama has broken his pledge to the American people to be transparent throughout (health care reform negotiations).,Reliable,PUBHEALTH,"Health Care, Florida, Charlie Crist, ",claim,dataset_label,data/raw/pubhealth,24372,Aaron Sharockman,en
"""A """"hidden"""" provision in the health care law taxes sporting goods as medical devices.""",Misinformation,PUBHEALTH,"Georgia, Health Care, Chain email, ",claim,dataset_label,data/raw/pubhealth,18130,Eric Stirgus,en
Teens and tweens transmit SARS-CoV-2 quicker and more efficiently than adults.,Reliable,PUBHEALTH,"Medical, COVID-19",claim,dataset_label,data/raw/pubhealth,35451,Madison Dapcevich,en
Could your Valentine's kiss give you lead poisoning?.,Reliable,PUBHEALTH,Health News,claim,dataset_label,data/raw/pubhealth,1878,Mitch Lipka,en
Drug epidemic: 1 small-town mayor takes on pill distributors.,Reliable,PUBHEALTH,"Epidemics, Health, West Virginia, AP Weekend Reads, U.S. News",claim,dataset_label,data/raw/pubhealth,6492, Michael Virtanen,en
"Alzheimer's disease reversed in mice, offering hope for humans, new research shows",Misinformation,PUBHEALTH,alzheimer's disease,claim,dataset_label,data/raw/pubhealth,9405,"Sue Rochman,Dan Mayer, MD,Mary Chris Jaklevic",en
Mental problems of soldiers' kids tied to wars.,Reliable,PUBHEALTH,Health News,claim,dataset_label,data/raw/pubhealth,1970,Alina Selyukh,en
"Big spending bill wins Senate OK, has victories all around.",Reliable,PUBHEALTH,"Global trade, AP Top News, Government spending, Mexico, Health, General News, Legislation, Immigration, Politics, Health care reform, Business, Bills, Tobacco industry regulation, Donald Trump",claim,dataset_label,data/raw/pubhealth,3081, Andrew Taylor,en
Scientifically-designed fasting diet lowers risks for major diseases,Misinformation,PUBHEALTH,"Academic medical center news release,Food",claim,dataset_label,data/raw/pubhealth,9187,"Sally James,Allison Dostal, PhD, RD,Kathlyn Stone",en
"Italy coronavirus deaths pass 7,500 amid fears of spread to south.",Reliable,PUBHEALTH,Health News,claim,dataset_label,data/raw/pubhealth,8080,"Gavin Jones, Giuseppe Fonte",en
Mediterranean diet plus olive oil associated with reduced breast cancer risk,Reliable,PUBHEALTH,"Breast cancer,Cancer,Journal news release",claim,dataset_label,data/raw/pubhealth,10902,"Earle Holland,Deanna Attai, MD, FACS,Kevin Lomangino",en
"Bills fall to Pats, and lose QB Josh Allen to head injury.",Reliable,PUBHEALTH,"New England Patriots, Health, NFL, Josh Allen, Buffalo Bills, Sean McDermott, Jonathan Jones, Football",claim,dataset_label,data/raw/pubhealth,4649, John Wawrow,en
Health insurance costs for Floridians are up 30 percent or more.,Misinformation,PUBHEALTH,"Health Care, Florida, Republican Party of Florida, ",claim,dataset_label,data/raw/pubhealth,16411,Amy Sherman,en
Supreme Court: Ginsburg treated for tumor on pancreas.,Reliable,PUBHEALTH,"AP Top News, Supreme courts, Cancer, Health, Tumors, Politics, U.S. Supreme Court, Radiation therapy, Ruth Bader Ginsburg, Courts, Bill Clinton, General News",claim,dataset_label,data/raw/pubhealth,5553, Jessica Gresko And Marilynn Marchione,en
It’s Comical. It’s Critical. It Might Even Help You Lose Weight.,Reliable,PUBHEALTH,"Bloomberg,Diet studies",claim,dataset_label,data/raw/pubhealth,9607,"Matt Shipman,Yoni Freedhoff, MD,Joy Victory",en
The fact is 90-percent of Down Syndrome children were aborted in this country.,Misinformation,PUBHEALTH,"Abortion, Ohio, Health Care, Mike DeWine, ",claim,dataset_label,data/raw/pubhealth,20496,Reginald Fields,en
"Many smartphone health apps don’t flag danger, says review.",Reliable,PUBHEALTH,"Technology, Health, Smartphones, Mobile phones",claim,dataset_label,data/raw/pubhealth,6415, Mike Stobbe,en
Samoa’s capital deserted as teams battle measles epidemic.,Reliable,PUBHEALTH,"Samoa, Health, Measles, General News, New Zealand, Epidemics, Asia Pacific",claim,dataset_label,data/raw/pubhealth,3701, Nick Perry,en
"AOL is donating 15¢ for every 12 forwards of a plea from Debbie Shwartz, a single mother of four.",Misinformation,PUBHEALTH,"Inboxer Rebellion, Medical Appeals",claim,dataset_label,data/raw/pubhealth,33580,David Mikkelson,en
"On drug costs, modest steps follow Trump’s big promises.",Reliable,PUBHEALTH,"Medicare, AP Top News, Health, Politics, North America, Prescription drug costs, Business, Medicaid, Council of Economic Advisers, Prices, Prescription drugs, Donald Trump",claim,dataset_label,data/raw/pubhealth,3811, Ricardo Alonso-Zaldivar And Matthew Perrone,en
Philippines defies church to push family planning.,Reliable,PUBHEALTH,Health News,claim,dataset_label,data/raw/pubhealth,2605,Karen Lema,en
'It's just impossible': tracing contacts takes backseat as virus spreads.,Reliable,PUBHEALTH,Health News,claim,dataset_label,data/raw/pubhealth,7989,Nathan Layne,en
"CORONAVIRUS: Reports of 10,000 DEAD in Wuhan, China.",Misinformation,PUBHEALTH,"China, Public Health, Facebook Fact-checks, Coronavirus, Facebook posts, ",claim,dataset_label,data/raw/pubhealth,26981,Tom Kertscher,en
Niece: Family won’t take in Elizabeth Smart’s kidnapper.,Reliable,PUBHEALTH,"AP Top News, Prisons, Health, Utah, Crime, Elizabeth Smart, Kidnapping, Salt Lake City, North America, U.S. News",claim,dataset_label,data/raw/pubhealth,6883, Lindsay Whitehurst,en
Obamacare will question your sex life.,Misinformation,PUBHEALTH,"National, Health Care, Privacy Issues, Betsy McCaughey, ",claim,dataset_label,data/raw/pubhealth,17920,Becky Bowers,en
Blocking enzyme could help in rare blood cancer.,Reliable,PUBHEALTH,Health News,claim,dataset_label,data/raw/pubhealth,8745,Julie Steenhuysen,en
"Murphy reverses Christie, approves $7.5M for women’s health.",Reliable,PUBHEALTH,"Trenton, Planned Parenthood, New Jersey, Health, Cecile Richards, Legislation, North America, Womens health, Bills, Chris Christie",claim,dataset_label,data/raw/pubhealth,7066, Michael Catalini,en
Groundskeeper in Bayer in U.S. weed-killer case accepts reduced award.,Reliable,PUBHEALTH,Health News,claim,dataset_label,data/raw/pubhealth,1438,Tina Bellon,en
President Obama campaigned on a promise to put reproductive health care at the center of his reform plan.,Reliable,PUBHEALTH,"Abortion, National, Health Care, Planned Parenthood, ",claim,dataset_label,data/raw/pubhealth,24435,Louis Jacobson,mixed
Non-Fried Fish Might Help Ward Off Alzheimer’s: Study,Misinformation,PUBHEALTH,"Alzheimer's,health food claims,HealthDay",claim,dataset_label,data/raw/pubhealth,9842,"Gary Schwitzer,Euna Bodner, MS",en
Attorneys: Charges expected in Florida nursing home deaths.,Reliable,PUBHEALTH,"Health, Florida, General News, Hurricane Irma, Storms, Hurricanes, U.S. News, Fort Lauderdale",claim,dataset_label,data/raw/pubhealth,3335, Kelli Kennedy,en
"Coronavirus spreads fear, isolation, death to elderly worldwide.",Reliable,PUBHEALTH,Health News,claim,dataset_label,data/raw/pubhealth,8165,"Linda So, Joseph Tanfani, Tim Cocks, Tim Kelly",en
Bayer Roundup cancer trial postponed to continue settlement talks.,Reliable,PUBHEALTH,Health News,claim,dataset_label,data/raw/pubhealth,8914,Tina Bellon,en
“Small trials” to test convalescent plasma therapy for coronavirus patients “seem to have had some degree of success.”,Reliable,PUBHEALTH,"Health Care, Public Health, New York, Coronavirus, Jamie Nadler, ",claim,dataset_label,data/raw/pubhealth,26397,Jaren English,en
Latest battle to wipe out polio begins with vast vaccine switch.,Reliable,PUBHEALTH,Health News,claim,dataset_label,data/raw/pubhealth,1419,Kate Kelland,en
"As novice runners hit the open road, experts say take it slow.",Reliable,PUBHEALTH,Health News,claim,dataset_label,data/raw/pubhealth,7810,Dorene Internicola,en
"“(A recent study) said ‘Medicare for All’ will lower health care costs in this country by $450 billion a year and save the lives of 68,000 people who would otherwise have died.”",Misinformation,PUBHEALTH,"Corrections and Updates, Health Check, Bernie Sanders, ",claim,dataset_label,data/raw/pubhealth,26826,Shefali Luthra,en
‘Second disaster’ warned in Mozambique as cholera a concern.,Reliable,PUBHEALTH,"World Health Organization, Health, Cholera, Storms, Zimbabwe, Antonio Guterres, Africa, International News, Weather, Mozambique, United Nations, Malawi",claim,dataset_label,data/raw/pubhealth,4291, Nqobile Ntshangase,en
"“Now, as it stands, our health care system has adequate ventilators, ICU beds, medical professionals.”",Misinformation,PUBHEALTH,"Health Care, Public Health, Pundits, PunditFact, Coronavirus, Sean Hannity, ",claim,dataset_label,data/raw/pubhealth,26651,Bill McCarthy,en
Claims that Senator Mitch McConnell had polio as a child and free government healthcare saved his life began making the rounds as McConnell led Senate Republicans’ efforts to repeal and replace Obamacare in June 2017.,Misinformation,PUBHEALTH,"Government, Health / Medical",claim,dataset_label,data/raw/pubhealth,38253,  Rich Buhler & Staff  ,en
Looking for answers to rural Wisconsin OB-GYN shortage.,Reliable,PUBHEALTH,"Health, Wisconsin, Eau Claire",claim,dataset_label,data/raw/pubhealth,6295, Sarah Seifert,en
California man's research leads him to Beaumont's Proton Therapy Center in Michigan,Misinformation,PUBHEALTH,"Beaumont Hospital,proton beam therapy,Royal Oak",claim,dataset_label,data/raw/pubhealth,8988,"Matt Shipman,Andrae Vandross, MD,Kathlyn Stone",en
Modern Etiquette: No gluten? No fat? Deal gracefully with that.,Reliable,PUBHEALTH,Health News,claim,dataset_label,data/raw/pubhealth,1909,Anna Post,en
"""McCain """"has opposed stem cell research.""",Misinformation,PUBHEALTH,"National, Health Care, Barack Obama, ",claim,dataset_label,data/raw/pubhealth,24919,Robert Farley,en
Everyone in this country has access to health care.,Misinformation,PUBHEALTH,"Health Care, Texas, Rick Perry, ",claim,dataset_label,data/raw/pubhealth,24029,Ciara O'Rourke,en
Senior citizen wave coming to Garfield County.,Reliable,PUBHEALTH,"Seniors, Aging, Glenwood Springs, Colorado, Health, Local governments, Medicare",claim,dataset_label,data/raw/pubhealth,4847, Tatiana Flowers,en
"""In the last 24 months, 10 rural Texas hospitals have been forced to shut their doors because state leaders"""" chose not to expand Medicaid.""",Misinformation,PUBHEALTH,"Corrections and Updates, Health Care, Public Health, State Budget, Texas, Children's Defense Fund-Texas, ",claim,dataset_label,data/raw/pubhealth,15593,W. Gardner Selby,en
Cell therapy in protective bubble offers hope for diabetes fix,Reliable,PUBHEALTH,"stem cell therapy,stem cells,type 1 diabetes",claim,dataset_label,data/raw/pubhealth,9685,"William Heisel,Ishani Ganguli, MD, MPH,Kevin Lomangino",en
CDC officials issued a formal apology after it was discovered that the 2014 flu vaccine proved ineffective against a common strain of the flu virus.,Misinformation,PUBHEALTH,Health / Medical,claim,dataset_label,data/raw/pubhealth,39283,  Rich Buhler & Staff  ,en
Oregon votes to outlaw sale of suicide kits.,Reliable,PUBHEALTH,Health News,claim,dataset_label,data/raw/pubhealth,1977,Teresa Carson,en
"Alabama Senate bans nearly all abortions, including rape cases.",Reliable,PUBHEALTH,Health News,claim,dataset_label,data/raw/pubhealth,1062,Daniel Trotta,en
Israel's Oramed a step closer in race for first insulin pill.,Reliable,PUBHEALTH,Health News,claim,dataset_label,data/raw/pubhealth,2772,Steven Scheer,en
Drug combination reduces colon cancer risk.,Reliable,PUBHEALTH,Health News,claim,dataset_label,data/raw/pubhealth,8830,Deena Beasley,en
"Before World War II, very few people actually had health insurance.",Reliable,PUBHEALTH,"Health Care, Public Health, Virginia, James Carr, ",claim,dataset_label,data/raw/pubhealth,16234,Sean Gorman,en
China's Xi offers Trump help in coronavirus fight as Wuhan reopens to traffic.,Reliable,PUBHEALTH,Health News,claim,dataset_label,data/raw/pubhealth,8035,Brenda Goh,en
New breath and urine tests detect early breast cancer more accurately,Misinformation,PUBHEALTH,"Ben-Gurion University of the Negev,breast cancer screening,breath test",claim,dataset_label,data/raw/pubhealth,9006,"Sally James,Mandy Stahre, PhD,Kathlyn Stone",en
"As of June 23, the COVID-19 death rate is “way down.”",Reliable,PUBHEALTH,"Public Health, Coronavirus, Donald Trump, ",claim,dataset_label,data/raw/pubhealth,26063,Louis Jacobson,en
Handles of shopping carts are laden with germs.,Reliable,PUBHEALTH,"Medical, Disease",claim,dataset_label,data/raw/pubhealth,34829,Snopes Staff,en
France reopens euthanasia debate with right-to-die ruling.,Reliable,PUBHEALTH,Health News,claim,dataset_label,data/raw/pubhealth,2305,"Chine Labbé, Brian Love",en
"In February 2020 the Vatican said that Pope Francis and two aides had tested positive for COVID-19, a disease caused by a new coronavirus.",Misinformation,PUBHEALTH,"Junk News, COVID-19",claim,dataset_label,data/raw/pubhealth,35154,Dan MacGuill,en
Survey shows boom in marijuana vaping among school kids.,Reliable,PUBHEALTH,"Health, Vaping, General News, Marijuana",claim,dataset_label,data/raw/pubhealth,3762, Mike Stobbe,en
"As coronavirus takes emotional toll, mental health professionals brace for spike in demand.",Reliable,PUBHEALTH,Health News,claim,dataset_label,data/raw/pubhealth,8164,Nick Brown,en
Gargling with salt water or Vinegar 'eliminate' the COVID-19 coronavirus from the throat of an infected person's system.,Misinformation,PUBHEALTH,"Medical, COVID-19",claim,dataset_label,data/raw/pubhealth,35137,David Mikkelson,en
Nigeria confirms 1st case of new virus in sub-Saharan Africa.,Reliable,PUBHEALTH,"Health, General News, Airlines, Africa, International News, Business, Lagos, Milan, Nigeria, Virus Outbreak, Ebola virus",claim,dataset_label,data/raw/pubhealth,7502, Bashir Adigun And Cara Anna,en
Doctor’s death highlights dangers on front lines of outbreak.,Reliable,PUBHEALTH,"AP Top News, Epidemics, General News, Health, China, United Nations, Asia Pacific, Virus Outbreak, Ebola virus",claim,dataset_label,data/raw/pubhealth,7508, Maria Cheng,en
Brain-dead California girl arrives at extended care facility.,Reliable,PUBHEALTH,Health News,claim,dataset_label,data/raw/pubhealth,2926,Laila Kearney,tl
One in three people who’s receiving treatment for (opioid) drug problems gets some help from Medicaid to pay for that.,Reliable,PUBHEALTH,"National, Health Care, Medicaid, Elizabeth Warren, ",claim,dataset_label,data/raw/pubhealth,12299,Manuela Tobias,en
Majority Forward Says Sen. Thom Tillis “doesn’t think restaurant workers should have to wash their hands.”,Misinformation,PUBHEALTH,"Public Health, North Carolina, Coronavirus, Majority Forward, ",claim,dataset_label,data/raw/pubhealth,25896,Paul Specht,en
"A lot of the ideas in terms of the (health insurance) exchange, just being able to pool and improve the purchasing power of individuals in the insurance market, that originated from the Heritage Foundation.",Reliable,PUBHEALTH,"National, Health Care, Barack Obama, ",claim,dataset_label,data/raw/pubhealth,24107,Louis Jacobson,en
"Beaches, parks off limits to New York smokers.",Reliable,PUBHEALTH,Health News,claim,dataset_label,data/raw/pubhealth,1984,Basil Katz,en
Trump says ‘life and death’ at stake in following guidelines.,Reliable,PUBHEALTH,"AP Top News, Understanding the Outbreak, Health, General News, Politics, Pandemics, Virus Outbreak, Public health, Donald Trump",claim,dataset_label,data/raw/pubhealth,7424," Aamer Madhani, Kevin Freking And Ricardo Alonso-Zaldivar",mixed
"Churches are required by the local government to record and register lists of attendees for tracking purposes in Kansas City, Missouri.",Misinformation,PUBHEALTH,"Politics, COVID-19",claim,dataset_label,data/raw/pubhealth,35343,Bethania Palma,en
Journal of Surgical Oncology Publishes Study Showing Oncotype DX® DCIS Score™ Result Changes Treatment Recommendations in 30 Percent of DCIS Breast Cancer Patients Physicians Ranked Oncotype DX DCIS Score Most Important Factor in Treatment Planning,Misinformation,PUBHEALTH,"Breast cancer,Diagnostic tests,industry/commercial news releases",claim,dataset_label,data/raw/pubhealth,11553,"Mandy Stahre, PhD,Deanna Attai, MD, FACS,Kevin Lomangino",en
Number of U.S. coronavirus cases of unknown origin climbs to four.,Reliable,PUBHEALTH,Health News,claim,dataset_label,data/raw/pubhealth,8730,"Steve Holland, Richard Cowan",en
Soccer clubs contemplating options for season ticket holders.,Reliable,PUBHEALTH,"Soccer, Health, Madrid, Sports - Europe, Europe, La Liga, Virus Outbreak, Sports - General, Spain",claim,dataset_label,data/raw/pubhealth,7372, Tales Azzoni,en
Schumer calls on VA to explain use of unproven drug on vets.,Reliable,PUBHEALTH,"AP Top News, Malaria, Understanding the Outbreak, Health, General News, Politics, Charles Schumer, Virus Outbreak, Veterans, Veterans affairs, Donald Trump",claim,dataset_label,data/raw/pubhealth,7478, Hope Yen And Michael Balsamo,en
"""Of the roughly 15 percent of Americans who don’t have health insurance, """"half of them made more than $50,000 a year.""",Misinformation,PUBHEALTH,"National, Health Care, Income, Rand Paul, ",claim,dataset_label,data/raw/pubhealth,18042,Louis Jacobson,en
France bans super-skinny models in anorexia clampdown.,Reliable,PUBHEALTH,Health News,claim,dataset_label,data/raw/pubhealth,1694,Emile Picy,en
California Assembly committee backs vaccine exemption law.,Reliable,PUBHEALTH,"Bills, Immunizations, Health, Measles, General News, Legislation, California, Science, Sacramento, U.S. News",claim,dataset_label,data/raw/pubhealth,5741, Andrew Oxford And Don Thompson,en
U.S. to start antibody testing of sailors on coronavirus-hit aircraft carrier.,Reliable,PUBHEALTH,Health News,claim,dataset_label,data/raw/pubhealth,8292,"Phil Stewart, Idrees Ali",en
Plan to use malaria drug in Mumbai slums temporarily shelved.,Reliable,PUBHEALTH,"Understanding the Outbreak, Malaria, Mumbai, Health, General News, India, Asia, International News, Asia Pacific, Virus Outbreak",claim,dataset_label,data/raw/pubhealth,7480, Aniruddha Ghosal,en
"States, military clash on cleanup of toxic chemicals.",Reliable,PUBHEALTH,"Financial markets, U.S. Department of Defense, Health, Environment, Aquifers",claim,dataset_label,data/raw/pubhealth,6833," Kyle Bagenstose And Jenny Wagner, Bucks County Courier Times",en
"""Harry Reid """"voted to use taxpayer dollars to pay for Viagra for convicted child molesters and sex offenders.""",Misinformation,PUBHEALTH,"National, Federal Budget, Health Care, Crime, Message Machine 2010, Sharron Angle, ",claim,dataset_label,data/raw/pubhealth,23242,Louis Jacobson,en
"Intercept liver drug meets main goal in study, shares quadruple.",Reliable,PUBHEALTH,Health News,claim,dataset_label,data/raw/pubhealth,2909,Vrinda Manocha,en
Johnson & Johnson has removed formaldehyde from baby products like No More Tears shampoo.,Reliable,PUBHEALTH,"Business, Health / Medical",claim,dataset_label,data/raw/pubhealth,38836,  Rich Buhler & Staff  ,en
Swiss urge public to stick to anti-virus measures over Easter.,Reliable,PUBHEALTH,Health News,claim,dataset_label,data/raw/pubhealth,8594,"John Revill, Emma Farge",en
"In crackdown, U.S. FDA seeks details on new electronic cigarettes.",Reliable,PUBHEALTH,Health News,claim,dataset_label,data/raw/pubhealth,7654,Chris Kirkham,en
"Congo, weary from Ebola, must also battle the coronavirus.",Reliable,PUBHEALTH,"AP Top News, International News, Ebola virus, Africa, Health, Pandemics, Virus Outbreak, General News",claim,dataset_label,data/raw/pubhealth,7494, Carley Petesch And Al-Hadji Kudra Maliro,en
"""Bernie Sanders Says an array of statistics show that conditions in some parts of Baltimore rival that of """"the West Bank in Palestine,"""" """"North Korea,"""" and """"distressed cities in Nigeria, India, China and South Africa.""",Reliable,PUBHEALTH,"Global News Service, Poverty, Public Health, Bernie Sanders, ",claim,dataset_label,data/raw/pubhealth,14225,Linda Qiu,en
Argentine women see legal abortion closer than ever.,Reliable,PUBHEALTH,"Public opinion, Mauricio Macri, International News, Buenos Aires, Abortion, Latin America, Health, Pope Francis, Argentina, Bills",claim,dataset_label,data/raw/pubhealth,5026, Debora Rey,en
UK jury convicts doctor of performing unnecessary surgeries.,Reliable,PUBHEALTH,"Health, Nottingham, AP Top News, Europe, Courts",claim,dataset_label,data/raw/pubhealth,6602, Danica Kirka,en
Malaysia steps up coronavirus tests as it braces for 'worst scenario'.,Reliable,PUBHEALTH,Health News,claim,dataset_label,data/raw/pubhealth,8112,A. Ananthalakshmi,en
"Chinese masks, or 'blue gold', arrive for Swiss hospitals.",Reliable,PUBHEALTH,Health News,claim,dataset_label,data/raw/pubhealth,8613,Cecile Mantovani,en
The World Health Organization has declared that medical marijuana has no health risks.,Misinformation,PUBHEALTH,"Medical, cannabidiol, cannabis, CBD",claim,dataset_label,data/raw/pubhealth,29244,Alex Kasprak,en
"Harris, Gillibrand offer plans to bolster maternal care.",Reliable,PUBHEALTH,"Health, Kirsten Gillibrand, Race and ethnicity, Kamala Harris",claim,dataset_label,data/raw/pubhealth,5211, Juana Summers And Will Weissert,en
“If you have the Flu… get these two items… Sambucol (and) Oscillococcinum… in 48 hours you will feel better. In 72 hours you will be almost symptom-free.”,Misinformation,PUBHEALTH,"Drugs, Health Care, Public Health, Facebook Fact-checks, Health Check, Coronavirus, Facebook posts, ",claim,dataset_label,data/raw/pubhealth,26811,Emily Venezky,en
"Of the 25 wealthiest nations, we're the only one that doesn't provide basic health coverage.",Reliable,PUBHEALTH,"Health Care, Virginia, Dan Gecker, ",claim,dataset_label,data/raw/pubhealth,15200,Sean Gorman,en
South Dakota continues malaria drug trial despite FDA alert.,Reliable,PUBHEALTH,"Sioux Falls, Drug trials, Malaria, Health, General News, South Dakota, Kristi Noem, Virus Outbreak, Clinical trials, Donald Trump",claim,dataset_label,data/raw/pubhealth,7483, Stephen Groves,en
Appeals court hears Johns Hopkins black lung lawsuit.,Reliable,PUBHEALTH,"Health, Lawsuits, Lung disease, Courts, U.S. News, U.S. News",claim,dataset_label,data/raw/pubhealth,4094, Denise Lavoie,en
Expanding Medicaid will worsen health care options for the most vulnerable among us in Texas.,Misinformation,PUBHEALTH,"National, Health Care, Medicaid, Poverty, Ted Cruz, ",claim,dataset_label,data/raw/pubhealth,18545,Louis Jacobson,en
"Right now, China controls 80% of all ingredients and raw materials going into our generic prescription drugs.",Misinformation,PUBHEALTH,"Health Care, Foreign Policy, Missouri, Vicky Hartzler, ",claim,dataset_label,data/raw/pubhealth,26226,Anna Peterson,en
Youth e-cigarette data prompts new calls to speed regulation.,Reliable,PUBHEALTH,Health News,claim,dataset_label,data/raw/pubhealth,1687,Toni Clarke,en
"""The health bill's plan for comparative effectiveness research """"would be used by the government to ration care.""",Misinformation,PUBHEALTH,"National, Health Care, John Boehner, ",claim,dataset_label,data/raw/pubhealth,24576,Robert Farley,en
Northam proposes $22M to improve maternal health outcomes.,Reliable,PUBHEALTH,"Ralph Northam, Race and ethnicity, Health, General News, Virginia, Richmond, Medicaid",claim,dataset_label,data/raw/pubhealth,5697, Sarah Rankin,en
‘Unbelievable’: Heart Stents Fail to Ease Chest Pain,Reliable,PUBHEALTH,"angina,heart disease,stent",claim,dataset_label,data/raw/pubhealth,9442,"Jill U. Adams,Christopher Labos, MD,Joy Victory",en
Elizabeth Smart says kidnapper being released still a threat.,Reliable,PUBHEALTH,"Health, Utah, North America, Elizabeth Smart, Salt Lake City, U.S. News",claim,dataset_label,data/raw/pubhealth,6884, Lindsay Whitehurst,en
Bayer asks U.S. appeals court to reverse $25 million Roundup verdict.,Reliable,PUBHEALTH,Health News,claim,dataset_label,data/raw/pubhealth,29,Tina Bellon,en
"New, old drugs may offer fresh ways to fight heart disease.",Reliable,PUBHEALTH,"Heart disease, AP Top News, Health, Gene therapy, General News, Philadelphia, Business, Heart attack, Cholesterol, U.S. News",claim,dataset_label,data/raw/pubhealth,4967, Marilynn Marchione,mixed
Officials list pot vape brands reported in US outbreak.,Reliable,PUBHEALTH,"AP Top News, Health, General News, Marijuana, Business, Vaping, U.S. News",claim,dataset_label,data/raw/pubhealth,3772, Mike Stobbe,en
Britain becomes first nation to legalize three-parent babies.,Reliable,PUBHEALTH,Health News,claim,dataset_label,data/raw/pubhealth,2294,Kate Kelland,en
French court finds Bayer's Monsanto liable for farmer's sickness.,Reliable,PUBHEALTH,Health News,claim,dataset_label,data/raw/pubhealth,349,"Simon Carraud, Catherine Lagrange",en
President Trump gave a talk during the COVID-19 pandemic in which he remonstrated about showers and dishwashers not functioning properly due to low-flow standards.,Reliable,PUBHEALTH,"Politics, COVID-19",claim,dataset_label,data/raw/pubhealth,35379,David Mikkelson,en
"Dell Hospital will donate 15 cents towards the care of Maria, a raped child, every time a particular text message is forwarded.",Misinformation,PUBHEALTH,"Inboxer Rebellion, Medical Appeals",claim,dataset_label,data/raw/pubhealth,33653,Snopes Staff,en
Use of sleeping pills highest among older Americans: CDC.,Reliable,PUBHEALTH,Health News,claim,dataset_label,data/raw/pubhealth,2454,Susan Heavey,en
"""Twelve judges have thrown out legal challenges to the health care law because they rejected """"the notion that the health care law was unconstitutional.""",Misinformation,PUBHEALTH,"National, Health Care, Supreme Court, Barack Obama, ",claim,dataset_label,data/raw/pubhealth,22639,Robert Farley,en
"Secretly, unbeknownst to members of Congress, over $105 billion was hidden in the Obamacare legislation.",Misinformation,PUBHEALTH,"National, Federal Budget, Health Care, Michele Bachmann, ",claim,dataset_label,data/raw/pubhealth,22460,Angie Drobnic Holan,en
Image shows an x-ray of a man with a fork in his urethra.,Reliable,PUBHEALTH,Medical,claim,dataset_label,data/raw/pubhealth,34091,David Mikkelson,en
Ebola responders on ‘lockdown’ after Congo city’s unrest.,Reliable,PUBHEALTH,"AP Top News, Health, General News, Africa, International News, United Nations, Ebola virus",claim,dataset_label,data/raw/pubhealth,5664, Al-Hadji Kudra Maliro,en
"Kasich, Gee group to push opioid settlement toward hospitals.",Reliable,PUBHEALTH,"John Kasich, AP Top News, State governments, Opioids, Gordon Gee, Health, General News, Politics, Epidemics, West Virginia, Ohio, Education, U.S. News",claim,dataset_label,data/raw/pubhealth,5333, Julie Carr Smyth,en
U.S. nurses who can't get tested fear they are spreading COVID-19.,Reliable,PUBHEALTH,Health News,claim,dataset_label,data/raw/pubhealth,8566,Gabriella Borter,en
Turkey adopts 'voluntary' stay-at-home quarantine.,Reliable,PUBHEALTH,Health News,claim,dataset_label,data/raw/pubhealth,8041,"Ece Toksabay, Tuvan Gumrukcu",tl
"""Bipartisan Medicare drug bill gets makeover to lower copays.""",Reliable,PUBHEALTH,"Seniors, Ron Wyden, Health, General News, Legislation, Politics, Prescription drug benefits, Impeachments, Prescription drug costs, Business, Prescription drugs, Chuck Grassley, Medicare, Bills, Nancy Pelosi, Donald Trump",claim,dataset_label,data/raw/pubhealth,3779, Ricardo Alonso-Zaldivar,en
"Africa may see millions of coronavirus cases, tentative WHO forecast shows.",Reliable,PUBHEALTH,Health News,claim,dataset_label,data/raw/pubhealth,8424,"Duncan Miriri, Katharine Houreld",mixed
Vatican broadens case for condoms to fight AIDS.,Reliable,PUBHEALTH,Health News,claim,dataset_label,data/raw/pubhealth,2670,Philip Pullella,en
"EU regulator backs Bayer, GSK drugs, knocks back Novartis, Teva.",Reliable,PUBHEALTH,Health News,claim,dataset_label,data/raw/pubhealth,2807,Kate Kelland,en
"""Obamacare is """"one big fat VA system.""",Misinformation,PUBHEALTH,"Health Care, Veterans, PunditFact, Kimberly Guilfoyle, ",claim,dataset_label,data/raw/pubhealth,16991,Jon Greenberg,en
A potential pharmaceutical intervention for co-occurring PTSD and substance use disorder,Reliable,PUBHEALTH,"Medical University of South Carolina,N-acetylcysteine,PTSD",claim,dataset_label,data/raw/pubhealth,9218,"Alan Cassels,Harold J. DeMonaco, MS,Kathlyn Stone",en
Blood Test Predicts Treatment Response and Survival for Patients with Metastatic Prostate Cancer,Misinformation,PUBHEALTH,"blood test,Epic Sciences,liquid biopsy,prostate cancer",claim,dataset_label,data/raw/pubhealth,8986,"Mary Chris Jaklevic,Steven J. Atlas, MD, MPH,Kathlyn Stone",en
DASH named best overall diet for fifth year: report.,Reliable,PUBHEALTH,Health News,claim,dataset_label,data/raw/pubhealth,1733,Patricia Reaney,en
Mental health experts ask: Will anyone be normal?.,Reliable,PUBHEALTH,Health News,claim,dataset_label,data/raw/pubhealth,2089,Kate Kelland,en
The painful path to Obamacare deadline.,Reliable,PUBHEALTH,Health News,claim,dataset_label,data/raw/pubhealth,2957,John Whitesides,en
Michigan Gov. Gretchen Whitmer banned the sale or purchase of American flags during the COVID-19 pandemic.,Misinformation,PUBHEALTH,"Politics, COVID-19",claim,dataset_label,data/raw/pubhealth,35260,Dan Evon,en
"""Hyland's Teething Tablets have been discontinued for causing """"adverse events"""" in children.""",Reliable,PUBHEALTH,"Medical, homeopathic, hyland's",claim,dataset_label,data/raw/pubhealth,27808,David Mikkelson,en
Drugmaker AstraZeneca forecasts faster return to growth.,Reliable,PUBHEALTH,Health News,claim,dataset_label,data/raw/pubhealth,2876,Ben Hirschler,en
Pfizer breast cancer drug succeeds in mid-stage trial.,Reliable,PUBHEALTH,Health News,claim,dataset_label,data/raw/pubhealth,2748,Ransdell Pierson,en
"WHO: Death toll from measles outbreak in Congo hits 6,000.",Reliable,PUBHEALTH,"Health, Measles, General News, Africa, Epidemics, Senegal, Infectious diseases, United Nations, Ebola virus, International News",claim,dataset_label,data/raw/pubhealth,3189,Krista Larson,en
Child advocacy group: Kids in 173 countries better off now.,Reliable,PUBHEALTH,"U.S. News, Health, Africa, Marriage, Save the Children, United Nations, Niger, U.S. News, Central Africa, Child labor",claim,dataset_label,data/raw/pubhealth,4491, Edith M. Lederer,en
Sanofi pulls Zantac from U.S. and Canada after carcinogen found.,Reliable,PUBHEALTH,Health News,claim,dataset_label,data/raw/pubhealth,120,Michael Erman,en
Actos arrests heart disease in diabetics: study.,Reliable,PUBHEALTH,Health News,claim,dataset_label,data/raw/pubhealth,8841,Julie Steenhuysen,en
"""The United States' regulations """"are among the most difficult in the world.""",Misinformation,PUBHEALTH,"Environment, Economy, Health Care, Regulation, Florida, Rick Scott, ",claim,dataset_label,data/raw/pubhealth,21094,Amy Sherman,en
"""Psychiatrists unveil their long-awaited diagnostic """"bible"""".""",Reliable,PUBHEALTH,Health News,claim,dataset_label,data/raw/pubhealth,7828,Sharon Begley,en
Earlier Mammograms May Mean Less Need for Aggressive Treatments,Reliable,PUBHEALTH,"breast cancer,mammography,screening",claim,dataset_label,data/raw/pubhealth,9375,"Jill U. Adams,Elizabeth Russo, MD,Joy Victory",mixed
Oregon effort to declare health care a right falters.,Reliable,PUBHEALTH,"Legislature, Access to health care, Constitutions, Health, Lawsuits, Oregon, Portland, State legislature",claim,dataset_label,data/raw/pubhealth,5798, Andrew Selsky,en
Telephone-Based Cognitive Behavioral Therapy for Anxiety in Rural Older Adults,Reliable,PUBHEALTH,"Journal news release,mental health",claim,dataset_label,data/raw/pubhealth,11188,"Earle Holland,Susan Molchan, MD, MA,Gary Schwitzer",en
Eating bananas is a preventative against the COVID-19 coronavirus disease.,Misinformation,PUBHEALTH,"Medical, COVID-19",claim,dataset_label,data/raw/pubhealth,35128,David Mikkelson,en
Lilly's quarterly sales largely offset Cymbalta slide.,Reliable,PUBHEALTH,Health News,claim,dataset_label,data/raw/pubhealth,2769,Ransdell Pierson,en
YouTube videos Says President Donald Trump spawned the “Wuhan super virus outbreak under code name ‘zyphr.’”,Misinformation,PUBHEALTH,"Fake news, Facebook Fact-checks, Coronavirus, YouTube videos, ",claim,dataset_label,data/raw/pubhealth,26762,Samantha Putterman,en
Dr. Anthony Fauci said the National Institutes of Health (NIH) was told to cancel a grant funding research for a study investigating how coronaviruses jump from bats to humans.,Reliable,PUBHEALTH,"Politics, COVID-19",claim,dataset_label,data/raw/pubhealth,35702,Bethania Palma,en
"Currently, almost 40 percent of people with HIV are not diagnosed until they already have developed AIDS. And that can be up to 10 years after they first are infected with HIV.",Reliable,PUBHEALTH,"Georgia, Public Health, Fulton County Health and Wellness, ",claim,dataset_label,data/raw/pubhealth,15476,Nancy Badertscher,en
Democrats roll out big health care proposals in the states.,Reliable,PUBHEALTH,"Health, Campaigns, Business, California, Medicaid, Elections, Gavin Newsom, Access to health care, AP Top News, Washington, Politics, U.S. News, Jay Inslee",claim,dataset_label,data/raw/pubhealth,5788, Sally Ho And Geoff Mulvihill,en
"Mooney and healthy teammates have Brey, Irish encouraged.",Reliable,PUBHEALTH,"Nikola Djogo, South Bend, Health, Robby Carmody, Juwan Durham, Rex Pflueger, John Mooney, Mike Brey, Mens college basketball, College basketball",claim,dataset_label,data/raw/pubhealth,5708, John Fineran,en
"UK's William, Harry and Kate open up about emotional struggles.",Reliable,PUBHEALTH,Health News,claim,dataset_label,data/raw/pubhealth,1377,Michael Holden,en
British shoppers saying nay to meat after horse scandal.,Reliable,PUBHEALTH,Health News,claim,dataset_label,data/raw/pubhealth,2545,"Clare Hutchison, Alice Baghdjian",en
"""An independent payment advisory board created by the health care reform law """"can ration care and deny certain Medicare treatments.""",Misinformation,PUBHEALTH,"Ohio, Health Care, Medicare, Message Machine 2012, Pat Boone, ",claim,dataset_label,data/raw/pubhealth,20454,Tom Feran,en
Italian doctors slam failings in Lombardy coronavirus response.,Reliable,PUBHEALTH,Health News,claim,dataset_label,data/raw/pubhealth,8589,Crispian Balmer,en
"Donald Trump and Hillary Clinton and Bernie Sanders have the identical position on health care, which is they want to put the government in charge of you and your doctor.",Misinformation,PUBHEALTH,"National, Health Care, Ted Cruz, ",claim,dataset_label,data/raw/pubhealth,14671,Linda Qiu,en
"Parents to get prescription lock boxes, disposal bags.",Reliable,PUBHEALTH,"New Hampshire, Medication, Opioids, Concord, Health, General News, Prescription drugs, Public health",claim,dataset_label,data/raw/pubhealth,3836, Holly Ramer,en
"""Russ Feingold Says Ron Johnson """"has essentially done nothing"""" to fight heroin addiction and opioid abuse.""",Misinformation,PUBHEALTH,"Immigration, Candidate Biography, Drugs, Homeland Security, Wisconsin, Russ Feingold, ",claim,dataset_label,data/raw/pubhealth,13247,Tom Kertscher,en
“59 people die as pastor gives them dettol to drink in church to prevent coronavirus.”,Misinformation,PUBHEALTH,"Facebook Fact-checks, Coronavirus, Viral image, ",claim,dataset_label,data/raw/pubhealth,26526,Ciara O'Rourke,en
“Dr. Fauci sat on Microsoft’s board of directors.”,Misinformation,PUBHEALTH,"Facebook Fact-checks, Coronavirus, Viral image, ",claim,dataset_label,data/raw/pubhealth,26334,Ciara O'Rourke,en
Tourists enter reopened Grand Canyon despite virus concerns.,Reliable,PUBHEALTH,"Arizona, Health, General News, Parks, National parks, Travel, Virus Outbreak, U.S. News",claim,dataset_label,data/raw/pubhealth,7340, Felicia Fonseca And Matt York,en
"Report: DASH Diet Best Overall Eating Plan The MIND, Mediterranean and Fertility diets also get high marks for health",Misinformation,PUBHEALTH,"DASH diet,diet plans",claim,dataset_label,data/raw/pubhealth,9694,"Kathlyn Stone,A'ndrea Elyse Messer, MS, PhD",en
U.S grapples with rising prescription drug addiction.,Reliable,PUBHEALTH,Health News,claim,dataset_label,data/raw/pubhealth,8790,Jason Szep,en
"Swiss coronavirus cases surge, canton orders seniors to stay home.",Reliable,PUBHEALTH,Health News,claim,dataset_label,data/raw/pubhealth,8155,John Miller,en
"""About 106,000 soldiers had """"a prescription of three weeks or more"""" for pain, depression or anxiety medication.""",Reliable,PUBHEALTH,"National, Health Care, Military, This Week - ABC News, Gen. Peter Chiarelli, ",claim,dataset_label,data/raw/pubhealth,23580,Angie Drobnic Holan,en
Telehealth rises as medium increases in validity.,Reliable,PUBHEALTH,"Health, General News, Frederick",claim,dataset_label,data/raw/pubhealth,3258," Cj Fairfield, The Frederick News-Post",en
'Brain fever' blamed for India child deaths preventable: doctors.,Reliable,PUBHEALTH,Health News,claim,dataset_label,data/raw/pubhealth,989,Alasdair Pal,en
"""Social Security and Medicare are """"a Ponzi scheme.""",Misinformation,PUBHEALTH,"Medicare, Social Security, Florida, Carlos Curbelo, ",claim,dataset_label,data/raw/pubhealth,16433,Amy Sherman,en
"Barbara Boxer voted to cut spending on Medicare benefits by $500 billion, cuts so costly to hospitals and nursing homes that they could stop taking Medicare altogether.",Misinformation,PUBHEALTH,"National, Health Care, Medicare, Message Machine 2010, Retirement, Crossroads GPS, ",claim,dataset_label,data/raw/pubhealth,23276,Angie Drobnic Holan,en
Robotic surgery as effective as open surgery for bladder cancer,Reliable,PUBHEALTH,"bladder cancer,Loyola University Health System,robotic surgery",claim,dataset_label,data/raw/pubhealth,8982,"Andrew Holtz, MPH,Dan Mayer, MD,Kathlyn Stone",en
Estimates for adopting Obamacare’s Medicaid expansion show it will cost Virginia taxpayers $902 million through 2022.,Misinformation,PUBHEALTH,"Medicaid, State Budget, Virginia, Campaign for Liberty, ",claim,dataset_label,data/raw/pubhealth,17005,Nancy Madsen,en
"""The Obama administration will give Pennsylvania $160 million to pay for health insurance plans that cover """"any legal abortion.""",Misinformation,PUBHEALTH,"Abortion, National, Health Care, States, National Right to Life Committee, ",claim,dataset_label,data/raw/pubhealth,23713,Angie Drobnic Holan,en
Letterbox campaign helps Afghans cope with silent war of mental health.,Reliable,PUBHEALTH,Health News,claim,dataset_label,data/raw/pubhealth,210,Orooj Hakimi,en
TSA allows flyers to travel with drug derived from marijuana.,Reliable,PUBHEALTH,"Health, North America, Politics, Travel, Marijuana",claim,dataset_label,data/raw/pubhealth,4605, Colleen Long,en
New Studies Show Immune Treatments Could Be Key in the Fight Against Lung Cancer,Misinformation,PUBHEALTH,"immunotherapy,lung cancer",claim,dataset_label,data/raw/pubhealth,9381,"Mary Chris Jaklevic,Andrae Vandross, MD,Joy Victory",en
LA billionaire covets sports teams to promote health.,Reliable,PUBHEALTH,Health News,claim,dataset_label,data/raw/pubhealth,2606,Ronald Grover,en
Nobel Peace winners urge global action vs. sexual violence.,Reliable,PUBHEALTH,"Nadia Murad, Denis Mukwege, AP Top News, International News, Middle East, Violence, Africa, Health, Nobel Prizes, Stockholm, Iraq, Europe",claim,dataset_label,data/raw/pubhealth,7044, David Keyton And Jim Heintz,en
Sanofi MS drug suffers setback in key U.S. market.,Reliable,PUBHEALTH,Health News,claim,dataset_label,data/raw/pubhealth,2949,"James Regan, Natalie Huet",en
Exercising is counterproductive because it expends more quickly the finite amount of energy a human has.,Misinformation,PUBHEALTH,"Medical, donald trump, health, Medical",claim,dataset_label,data/raw/pubhealth,31389,Alex Kasprak,en
On supporting the budget proposed by Rep. Paul Ryan,Misinformation,PUBHEALTH,"National, Federal Budget, Medicare, Newt Gingrich, ",claim,dataset_label,data/raw/pubhealth,22079,Louis Jacobson,en
A salesclerk at Hobby Lobby who needs contraception … is not going to get that service through her employer’s health care plan because her employer doesn’t think she should be using contraception.,Misinformation,PUBHEALTH,"Abortion, National, Health Care, Legal Issues, Women, Hillary Clinton, ",claim,dataset_label,data/raw/pubhealth,16818,Louis Jacobson,mixed
U.S. President Donald Trump suggested during a White House briefing that injecting disinfectants could treat COVID-19.,Reliable,PUBHEALTH,"Politics, COVID-19",claim,dataset_label,data/raw/pubhealth,35281,Dan Evon,en
"On abortion, Trump agenda likely leads to Supreme Court, not Congress.",Reliable,PUBHEALTH,Health News,claim,dataset_label,data/raw/pubhealth,7717,Lawrence Hurley,en
First taste of test-tube burger declared 'close to meat'.,Reliable,PUBHEALTH,Health News,claim,dataset_label,data/raw/pubhealth,2465,"Kate Kelland, Health, Science Correspondent",en
Spending on social care is down 8% since 2010.,Reliable,PUBHEALTH,health,claim,dataset_label,data/raw/pubhealth,41653,Joël Reland and Grace Rahman,en
"Fitness vacations favor fun, adventure over weight loss.",Reliable,PUBHEALTH,Health News,claim,dataset_label,data/raw/pubhealth,1678,Dorene Internicola,en
Exclusive: UK industry expects ventilator production go-ahead on Wednesday.,Reliable,PUBHEALTH,Health News,claim,dataset_label,data/raw/pubhealth,7899,"Costas Pitas, Kate Holton, Alan Baldwin",en
"Oklahoma, Utah face scrutiny over malaria drug purchases.",Reliable,PUBHEALTH,"AP Top News, Understanding the Outbreak, Malaria, Health, Oklahoma, Utah, Virus Outbreak, General News, Gary Herbert, U.S. News",claim,dataset_label,data/raw/pubhealth,7481," Sean Murphy, Brady Mccombs And Lindsay Whitehurst",en
New blood test detects early stage ovarian cancer,Misinformation,PUBHEALTH,"blood test,ovarian cancer,University of Adelaide",claim,dataset_label,data/raw/pubhealth,8944,"Michael Joyce, MD,Andrae Vandross, MD,Kathlyn Stone",en
In-home hospice volunteers focus on quality of life.,Reliable,PUBHEALTH,"Goldsboro, Health, Hospice care",claim,dataset_label,data/raw/pubhealth,4935," Becky Barclay, Goldsboro News-Argus",en
Social media sleuths take on mysterious herbalist Dr. Sebi.,Reliable,PUBHEALTH,"Health, Social media, Entertainment, Nick Cannon, Media, Nipsey Hussle",claim,dataset_label,data/raw/pubhealth,5418, The Associated Press,en
“Whole of Italy goes into quarantine.”,Reliable,PUBHEALTH,"Facebook Fact-checks, Coronavirus, Bloggers, ",claim,dataset_label,data/raw/pubhealth,26699,Ciara O'Rourke,en
"New York coronavirus hospitalizations fall, New Jersey launches nursing home probe.",Reliable,PUBHEALTH,Health News,claim,dataset_label,data/raw/pubhealth,8302,"Nathan Layne, Maria Caspani",en
Coconut water can be used as an intravenous substitute for blood plasma.,Misinformation,PUBHEALTH,"Medical, coconut water, coconuts, pseudoscience",claim,dataset_label,data/raw/pubhealth,30384,Arturo Garcia,en
"China virus hits cruise ships, carmakers, airlines and Airbus.",Reliable,PUBHEALTH,Health News,claim,dataset_label,data/raw/pubhealth,8377,"Stephanie Nebehay, Se Young Lee",en
"Dog DNA testing takes off, and generates debate.",Reliable,PUBHEALTH,"AP Top News, Genetics, Health, North America, Sports, Dog shows, Science, Pets, U.S. News, Dogs",claim,dataset_label,data/raw/pubhealth,3647, Jennifer Peltz,en
Australia tightens social distancing rules to fight coronavirus.,Reliable,PUBHEALTH,Health News,claim,dataset_label,data/raw/pubhealth,8664,Lidia Kelly,en
"Donating blood requires that you be administered a free test for the COVID-19, a disease caused by the coronavirus.",Misinformation,PUBHEALTH,"Medical, COVID-19",claim,dataset_label,data/raw/pubhealth,35140,David Mikkelson,en
"A university medical school will pay you upwards of $50,000 for the donation of a testicle.",Misinformation,PUBHEALTH,"College, medical school",claim,dataset_label,data/raw/pubhealth,33301,David Mikkelson,en
Colombians scramble to get ready for coronavirus quarantine.,Reliable,PUBHEALTH,Health News,claim,dataset_label,data/raw/pubhealth,8105,Nelson Bocanegra,en
Oregon seeks volunteers for random testing for COVID-19.,Reliable,PUBHEALTH,"Kate Brown, General News, Oregon, Science, Virus Outbreak",claim,dataset_label,data/raw/pubhealth,7571, Andrew Selsky,en
"Wanted: 1 million people to study genes, habits and health.",Reliable,PUBHEALTH,"AP Top News, Health, Francis Collins, Politics, North America, Environment, Business, U.S. News, Genetic Frontiers",claim,dataset_label,data/raw/pubhealth,7405, Lauran Neergaard,en
Insight: FDA warned PIP on breast implant safety in 2000.,Reliable,PUBHEALTH,Health News,claim,dataset_label,data/raw/pubhealth,1900,Anna Yukhananov,en
Fenofibrate may reduce heart disease risk in some patients with type 2 diabetes,Misinformation,PUBHEALTH,"fenofibrate,heart disease,NIH/National Heart Lung and Blood Institute,Type 2 diabetes",claim,dataset_label,data/raw/pubhealth,9214,"William Heisel,Steven J. Atlas, MD, MPH,Kathlyn Stone",mixed
UK’s anxiety takes center stage at Hay ideas festival.,Reliable,PUBHEALTH,"Brexit, Anxiety, Mental health, Health, General News, Entertainment, Carnivals, International News, Wales, Europe, Donald Trump",claim,dataset_label,data/raw/pubhealth,5018, Jill Lawless,tl
Rising liberal Democrat star on West Coast fundraising swing.,Reliable,PUBHEALTH,"Los Angeles, New York City, New York, Universal health care, North America, Alexandria Ocasio-Cortez, California",claim,dataset_label,data/raw/pubhealth,7202, Michael R. Blood,en
Italy bans internal travel as a further 651 die from coronavirus.,Reliable,PUBHEALTH,Health News,claim,dataset_label,data/raw/pubhealth,7893,"Crispian Balmer, Angelo Amante",en
Heart bypass surgery brings long-term benefits,Reliable,PUBHEALTH,"cardiovascular disease,Government agency news release",claim,dataset_label,data/raw/pubhealth,11125,"A'ndrea Elyse Messer, MS, PhD,Ishani Ganguli, MD, MPH,Kathlyn Stone",en
When light is lethal: Moroccans struggle with skin disorder.,Reliable,PUBHEALTH,"Africa, Skin disorders, Casablanca, Health, Middle East, North Africa, Morocco, AP Top News, General News, International News",claim,dataset_label,data/raw/pubhealth,3456, Amira El-Masaiti,en
EU nationals have fallen as a percentage of those joining the NHS.,Reliable,PUBHEALTH,health,claim,dataset_label,data/raw/pubhealth,40779,Joël Reland,en
"What my DNA told me: Avoid fast food, eat vegetables.",Reliable,PUBHEALTH,"AP Top News, Genetics, Technology, Health, Science, Exercise",claim,dataset_label,data/raw/pubhealth,4457, Candice Choi,en
Bayer mediator dismisses report of $8 billion Roundup settlement.,Reliable,PUBHEALTH,Health News,claim,dataset_label,data/raw/pubhealth,225,"Jonathan Stempel, Ludwig Burger",en
Sex virus blamed for rise in head and neck cancers.,Reliable,PUBHEALTH,Health News,claim,dataset_label,data/raw/pubhealth,2140,Kate Kelland,en
Exclusive: India agrees to sell hydroxychloroquine to Malaysia to help fight COVID-19.,Reliable,PUBHEALTH,Health News,claim,dataset_label,data/raw/pubhealth,8316,"Neha Arora, Krishna N. Das",en
"Turkey confirms first coronavirus case, wins WHO praise for vigilance.",Reliable,PUBHEALTH,Health News,claim,dataset_label,data/raw/pubhealth,7922,Tuvan Gumrukcu,en
On repeal of Wisconsin's smoking ban,Misinformation,PUBHEALTH,"Public Health, Wisconsin, Scott Walker, ",claim,dataset_label,data/raw/pubhealth,21795,James B. Nelson,en
"""President Barack Obama suggested on national TV that the Democratic health care bill """"will have government decide"""" that a healthy, 100-year-old woman in need of a pacemaker """"should take a pain pill"""" instead.""",Misinformation,PUBHEALTH,"National, Health Care, Dan Lungren, ",claim,dataset_label,data/raw/pubhealth,24612,Louis Jacobson,en
"Celebrex risky in high-risk patients, study finds.",Reliable,PUBHEALTH,Health News,claim,dataset_label,data/raw/pubhealth,8844,Debra Sherman,en
Presidents in health crises: Trump more hands-on than many .,Reliable,PUBHEALTH,"AP Top News, Health, General News, Flu, Politics, Latin America, Financial markets, Natural disasters, Pandemics, George W. Bush, Terrorism, Virus Outbreak, Europe, Public health, World War I, Barack Obama",claim,dataset_label,data/raw/pubhealth,7523, Darlene Superville,en
Long-distance runners lap up miles for the love of it.,Reliable,PUBHEALTH,Health News,claim,dataset_label,data/raw/pubhealth,7835,Dorene Internicola,en
Your Fitbit Could Help You Get Pregnant — Here’s How,Misinformation,PUBHEALTH,"Fitbit,Pregnancy",claim,dataset_label,data/raw/pubhealth,9594,"Matt Shipman,Dan Mayer, MD,Kevin Lomangino",en
"Under Obamacare, patients 76 and older must be admitted to the hospital by their primary care physicians in order to be covered by Medicare.",Misinformation,PUBHEALTH,"Medical, aca, medicare, obamacare",claim,dataset_label,data/raw/pubhealth,33322,David Mikkelson,en
Doctors: Global warming is taking a toll on people’s health.,Reliable,PUBHEALTH,"Climate, Climate change, International News, Environment, Health, Environmental health",claim,dataset_label,data/raw/pubhealth,4267, Seth Borenstein,en
"If we went back to the obesity rates that existed back in the 1980s, the Medicare system over several years could save as much as a trillion dollars.",Misinformation,PUBHEALTH,"National, Health Care, Medicare, Barack Obama, ",claim,dataset_label,data/raw/pubhealth,24577,Louis Jacobson,en
Sun Pharma Announces Positive Topline Results of Confirmatory Phase-3 Clinical Trial for Seciera™ for Treatment of Dry Eye,Misinformation,PUBHEALTH,"cyclosporine,dry eye,Sun Pharma",claim,dataset_label,data/raw/pubhealth,9209,"Earle Holland,Saurabh Jha, MBBS,Kathlyn Stone",en
Macron warns France that coronavirus epidemic is coming.,Reliable,PUBHEALTH,Health News,claim,dataset_label,data/raw/pubhealth,7949,"Sudip Kar-Gupta, Michel Rose",en
"Thanks to the immigrants who illegally cross the U.S. Mexican border, and the Democrats who refuse to stop them, the Measles virus has been declared a public health emergency in 2019.",Misinformation,PUBHEALTH," immigration, measles, Memes, vaccines, ",claim,dataset_label,data/raw/pubhealth,42011,Saranac Hale Spencer,en
Teaching happiness to men with HIV boosts their health,Misinformation,PUBHEALTH,"HIV,mental health,Northwestern University",claim,dataset_label,data/raw/pubhealth,9163,"Sally James,Dan Mayer, MD,Kathlyn Stone",en
Lamont moving ahead with May 20 reopening despite concerns.,Reliable,PUBHEALTH,"Ned Lamont, Health, General News, Connecticut, Business, Virus Outbreak, Public health",claim,dataset_label,data/raw/pubhealth,7433, Susan Haigh,mixed
The number of EU nurses coming to the UK has fallen by 90% since the Brexit vote.,Reliable,PUBHEALTH,health,claim,dataset_label,data/raw/pubhealth,40777,Joël Reland,en
"""Texas Lt. Gov. Dan Patrick said COVID-19 social-distancing restrictions should be eased because """"there are more important things than living.""",Reliable,PUBHEALTH,"Politics, COVID-19",claim,dataset_label,data/raw/pubhealth,35298,David Mikkelson,en
Vice President Mike Pence was filmed delivering empty boxes that were supposed to be filled with personal protective equipment to a rehabilitation center in Virginia.,Misinformation,PUBHEALTH,"Politics, COVID-19",claim,dataset_label,data/raw/pubhealth,35337,Dan Evon,en
A Chinese intelligence officer revealed that a new coronavirus was developed in a lab as a bioweapon.,Misinformation,PUBHEALTH,"Junk News, COVID-19",claim,dataset_label,data/raw/pubhealth,35165,Dan Evon,en
Rapper T.I.’s remarks spark NY bill to end virginity tests.,Reliable,PUBHEALTH,"AP Top News, Health, Andrew Cuomo, Entertainment, Hip hop and rap, Music, New York, T.I., Celebrities, U.S. News, General News",claim,dataset_label,data/raw/pubhealth,3434, Marina Villeneuve,en
Facebook post Says video of body bags being dumped in a ditch shows the “situation in Italy” due to the coronavirus.,Misinformation,PUBHEALTH,"Public Health, Facebook Fact-checks, Coronavirus, Facebook posts, ",claim,dataset_label,data/raw/pubhealth,26495,Bill McCarthy,en
Said there is cholera in Puerto Rico after Hurricane Maria.,Misinformation,PUBHEALTH,"Natural Disasters, Public Health, PunditFact, Paul Krugman, ",claim,dataset_label,data/raw/pubhealth,12043,Jon Greenberg,en
Floodwaters in parts of Southeast Texas tested positive for diseases and contaminants including typhoid fever and MRSA in the aftermath of Hurricane Harvey.,Misinformation,PUBHEALTH,"Science, harvey, health warning, hurricane harvey",claim,dataset_label,data/raw/pubhealth,29299,Dan MacGuill,en
"“Cannabis may stop coronavirus from infecting people, study finds.”",Misinformation,PUBHEALTH,"Corrections and Updates, Drugs, Public Health, Facebook Fact-checks, Marijuana, Coronavirus, Facebook posts, ",claim,dataset_label,data/raw/pubhealth,26293,Tom Kertscher,mixed
"Akira’ is a 1988 movie about an apocalyptic event taking place months before Tokyo 2020 Olympics, showing the (World Health Organization) advising Japan to postpone the Olympics because of a pandemic risk",Misinformation,PUBHEALTH,"Health Care, Public Health, Facebook Fact-checks, Coronavirus, Viral image, ",claim,dataset_label,data/raw/pubhealth,26688,Madison Czopek,en
FDA says Germany recalls blood-thinner heparin.,Reliable,PUBHEALTH,Health News,claim,dataset_label,data/raw/pubhealth,8885,Kim Dixon,en
Cities' efforts to make exercise easier pays off.,Reliable,PUBHEALTH,Health News,claim,dataset_label,data/raw/pubhealth,2643,Dorene Internicola,en
"""In 2010, Betty Sutton """"voted to destroy Medicare.""",Misinformation,PUBHEALTH,"Ohio, Health Care, Medicare, National Republican Congressional Committee, ",claim,dataset_label,data/raw/pubhealth,19692,Stephen Koff,en
A CBS News program used a brief clip from an Italian hospital in a segment about the coronavirus crisis in New York City.,Reliable,PUBHEALTH,"Media Matters, COVID-19",claim,dataset_label,data/raw/pubhealth,35242,David Mikkelson,en
Left-handed people die younger than right-handed people.,Misinformation,PUBHEALTH,"Medical, death rates, left handed, right handed",claim,dataset_label,data/raw/pubhealth,31629,Alex Kasprak,en
"(For) white working-class America, death rates among white men are up 20 percent.",Misinformation,PUBHEALTH,"Health Care, Workers, PunditFact, Alex Castellanos, ",claim,dataset_label,data/raw/pubhealth,12183,Joshua Gillin,en
"""The Obama administration """"didn't do anything about” swine flu.""",Misinformation,PUBHEALTH,"Coronavirus, Donald Trump, ",claim,dataset_label,data/raw/pubhealth,26733,Tom Kertscher,en
"I'm 59. In either Canada or Great Britain, if I broke my hip, I couldn’t get it replaced.",Misinformation,PUBHEALTH,"National, Health Care, Roy Blunt, ",claim,dataset_label,data/raw/pubhealth,24584,Louis Jacobson,en
A letter providing tips on how to protect against the new coronavirus was authored by pathologist James Robb.,Reliable,PUBHEALTH,"Medical, COVID-19",claim,dataset_label,data/raw/pubhealth,35191,Alex Kasprak,en
"$100B contact tracing bill “is about controlling/tracking population, not about coronavirus.”",Misinformation,PUBHEALTH,"Government Regulation, Public Health, Privacy Issues, Facebook Fact-checks, Coronavirus, Facebook posts, ",claim,dataset_label,data/raw/pubhealth,26301,Tom Kertscher,en
Merck Receives FDA Approval of ZEPATIER™ (elbasvir and grazoprevir) for the Treatment of Chronic Hepatitis C Virus Genotype 1 or 4 Infection in Adults Following Priority Review,Reliable,PUBHEALTH,"Health care costs,industry/commercial news releases",claim,dataset_label,data/raw/pubhealth,10663,"Dave Mosher,Dan Mayer, MD,Kathlyn Stone",en
"""After the Texas cutoff of aid to women’s health care services including Planned Parenthood clinics, """"over 150,000… women lost the only health care they had. Our Medicaid birth rate shot up. It cost taxpayers over $130 million in one year alone in extra Medicaid birth costs.""",Misinformation,PUBHEALTH,"Corrections and Updates, Health Care, Public Health, Women, Texas, Wendy Davis, ",claim,dataset_label,data/raw/pubhealth,14870,Andy East,en
"Walk-in clinics for opioid addiction offer meds first, fast.",Reliable,PUBHEALTH,"Olympia, AP Top News, Opioids, St. Louis, General News, Health, Seattle, U.S. News",claim,dataset_label,data/raw/pubhealth,4950, Carla K. Johnson,en
"Doctors say pressure on ERs may rise, give U.S. failing grade.",Reliable,PUBHEALTH,Health News,claim,dataset_label,data/raw/pubhealth,2850,Susan Heavey,tl
New study shows supplementation of capsicum extract helps increase metabolic rate,Misinformation,PUBHEALTH,"hot peppers,OmniActive Health Technologies,weight loss",claim,dataset_label,data/raw/pubhealth,9108,"A'ndrea Elyse Messer, MS, PhD,Yoni Freedhoff, MD,Kathlyn Stone",en
A woman who rinsed her nasal passages using a neti pot filled with tap water contracted a fatal “brain-eating” amoeba infection.,Reliable,PUBHEALTH,Medical,claim,dataset_label,data/raw/pubhealth,27175,Alex Kasprak,en
Best Buy sees growth in health care technology for elderly.,Reliable,PUBHEALTH,"Seniors, Health care industry, Health, General News, Consumer electronics, Business",claim,dataset_label,data/raw/pubhealth,3479, Anne D'Innocenzio,en
COVID-19 cases are “up only because of our big number testing.”,Misinformation,PUBHEALTH,"Public Health, Coronavirus, Donald Trump, ",claim,dataset_label,data/raw/pubhealth,26064,Louis Jacobson,en
California overhauls sex education guidance for teachers.,Reliable,PUBHEALTH,"Relationships, Parental rights, Safe sex, Health education, Health, Sacramento, Gender identity, California, Sex education, Education",claim,dataset_label,data/raw/pubhealth,4886, Adam Beam,en
"In virus outbreak, fretting over a name that might go viral.",Reliable,PUBHEALTH,"AP Top News, Health, General News, Flu, Lyme disease, International News, China, New York, Asia Pacific, Virus Outbreak, Ebola virus, U.S. News",claim,dataset_label,data/raw/pubhealth,7510, Mike Stobbe,en
Viral image Says the coronavirus isn’t new because “Lysol has it listed as one of the viruses that it kills.”,Misinformation,PUBHEALTH,"Public Health, Facebook Fact-checks, Coronavirus, Viral image, ",claim,dataset_label,data/raw/pubhealth,26945,Ciara O'Rourke,en
AstraZeneca to test impact of cancer drug Calquence on coronavirus patients.,Reliable,PUBHEALTH,Health News,claim,dataset_label,data/raw/pubhealth,8323,Aakash B,en
"""The """"radiation"""" from cell phones is causing mass insanity resulting in """"snowflake"""" people.""",Misinformation,PUBHEALTH,"Medical, cell phone warnings, cell phones, electronic magnetic pulse",claim,dataset_label,data/raw/pubhealth,30714,Bethania Palma,en
"McDonald's in U.S., Canada to use only cage-free eggs by 2025.",Reliable,PUBHEALTH,Health News,claim,dataset_label,data/raw/pubhealth,7800,"Lisa Baertlein, Sruthi Ramakrishnan",en
Crystal meth and crowded jails: problems mount in Iraqi oil city.,Reliable,PUBHEALTH,Health News,claim,dataset_label,data/raw/pubhealth,305,Ahmed Aboulenein,en
Hour of exercise may be too much for busy U.S. women.,Reliable,PUBHEALTH,Health News,claim,dataset_label,data/raw/pubhealth,2143,Julie Steenhuysen,mixed
"If the vial to a mercury-containing vaccine is broken, the building must be evacuated.",Misinformation,PUBHEALTH,"Medical, anti-vaccine, Centers for Disease Control, mercury",claim,dataset_label,data/raw/pubhealth,31401,Alex Kasprak,en
Wearing certain types of sanitary pads causes uterine and bladder cancer and has resulted in the death of 56 girls.,Misinformation,PUBHEALTH,"Medical, menstrual periods, Toxin Du Jour",claim,dataset_label,data/raw/pubhealth,33244,David Mikkelson,en
Bird flu hot spot: Scientists track virus in huge migration.,Reliable,PUBHEALTH,"AP Top News, Health, South America, Delaware, Flu, North America, Bird flu, Pandemics, U.S. News, Science",claim,dataset_label,data/raw/pubhealth,6163, Lauran Neergaard,en
"2 Ebola patients in Congo “cured” with drugs, say doctors.",Reliable,PUBHEALTH,"Africa, Health, General News, Ebola virus, International News",claim,dataset_label,data/raw/pubhealth,5673, Saleh Mwanamilongo,en
"U.S. reviewing safety of Glaxo, Bristol AIDS drugs.",Reliable,PUBHEALTH,Health News,claim,dataset_label,data/raw/pubhealth,8848,Lisa Richwine,en
"Lawmakers, first responders sound alarm on 9/11 fund.",Reliable,PUBHEALTH,"Health, Politics, North America, Business, Sept 11 anniversary, Jon Stewart",claim,dataset_label,data/raw/pubhealth,7212, Matthew Daly,en
Covidien to stop selling hypertension device.,Reliable,PUBHEALTH,Health News,claim,dataset_label,data/raw/pubhealth,2806,Susan Kelly,en
GSK pharma head flags need for speed in high-pressure drug market.,Reliable,PUBHEALTH,Health News,claim,dataset_label,data/raw/pubhealth,297,Ludwig Burger,en
We can't beat cancer with drugs alone; prevention crucial: WHO.,Reliable,PUBHEALTH,Health News,claim,dataset_label,data/raw/pubhealth,2749,"Kate Kelland, Health, Science Correspondent",en
Puerto Rico struggles with jump in asthma cases post-Maria.,Reliable,PUBHEALTH,"AP Top News, Asthma, Health, San Juan, Latin America, Caribbean, Puerto Rico, Hurricanes, Hurricane Maria, U.S. News",claim,dataset_label,data/raw/pubhealth,4492, Danica Coto,en
Scientists successfully clone monkeys; are humans up next?.,Reliable,PUBHEALTH,"Sheep, Health, Science, Primates, Monkeys, Cloning",claim,dataset_label,data/raw/pubhealth,3645, Malcolm Ritter,en
"""Robert Pittenger Says the Republican plan to replace Obamacare, """"absolutely does not eliminate protections for pre-existing conditions.""",Misinformation,PUBHEALTH,"Families, Health Care, Public Health, Regulation, States, North Carolina, Robert Pittenger, ",claim,dataset_label,data/raw/pubhealth,12544,Will Doran,en
Business owner ready to fight looming federal ban on Kratom.,Reliable,PUBHEALTH,"CO State Wire, Health, Denver, Asia, Environmental health",claim,dataset_label,data/raw/pubhealth,4271, Michael Sakas,en
"""Obamacare-caused paperwork will annually absorb 190 million hours or more--and Mount Rushmore could be built 1,547 times over """"with the paperwork.""",Misinformation,PUBHEALTH,"Federal Budget, Health Care, Texas, Ted Cruz, ",claim,dataset_label,data/raw/pubhealth,17984,Andra Lim,en
"""Financier George Soros owns the lab in Wuhan, China, where the COVID-19 coronavirus disease was """"developed.""",Misinformation,PUBHEALTH,"Politics, COVID-19",claim,dataset_label,data/raw/pubhealth,35232,David Mikkelson,en
"Bill Zedler Says a federal program that collects reported side-effects of vaccinations doesn’t accept possible outcomes extending to road accidents, heart attacks or suicides.",Misinformation,PUBHEALTH,"Health Care, Public Health, Texas, Bill Zedler, ",claim,dataset_label,data/raw/pubhealth,12515,W. Gardner Selby,en
"‘Murder Hornets,’ with sting that can kill, land in US.",Reliable,PUBHEALTH,"AP Top News, Spokane, General News, Washington, Insects, Science, Invasive species, Health, U.S. News",claim,dataset_label,data/raw/pubhealth,7561, Nicholas K. Geranios,en
"Seventy-three percent of our veterans are graduating from drug courts. By contrast, I think most of the people in the very good drug court program — the graduation rate’s like 53, 55 percent. The point of that is that drug courts are working for veterans.",Reliable,PUBHEALTH,"Health Care, Legal Issues, Public Health, Veterans, Missouri, Eric Greitens, ",claim,dataset_label,data/raw/pubhealth,11973,Emily Sanderson,en
Medicare regulations require that doctors ask patients whether they own guns.,Misinformation,PUBHEALTH,"Politics Guns, guns, medicare",claim,dataset_label,data/raw/pubhealth,33240,David Mikkelson,en
Tensions rise as Texas governor readies to lift more rules.,Reliable,PUBHEALTH,"AP Top News, General News, Greg Abbott, U.S. News, Virus Outbreak, Austin, Public health, Texas, U.S. News",claim,dataset_label,data/raw/pubhealth,7385, Paul J. Weber And Jim Vertuno,en
"""Michael Bennet cast the deciding vote"""" for the stimulus and the health care bill.""",Misinformation,PUBHEALTH,"National, Health Care, History, Message Machine 2010, Stimulus, National Republican Senatorial Committee, ",claim,dataset_label,data/raw/pubhealth,23107,Louis Jacobson,en
Collins urges Trump to back effort to restore health subsidy.,Reliable,PUBHEALTH,"Access to health care, AP Top News, Lamar Alexander, Health, Politics, North America, Patty Murray, Business, Susan Collins, Donald Trump",claim,dataset_label,data/raw/pubhealth,5801, Hope Yen,en
The lipstick effect: Greeks discover need to pamper in crisis.,Reliable,PUBHEALTH,Health News,claim,dataset_label,data/raw/pubhealth,1495,Renee Maltezou,en
"Hillary Clinton Says Donald Trump promised to repeal Obamacare, build a wall, ban Muslims, and more.",Reliable,PUBHEALTH,"Abortion, Immigration, National, Health Care, Human Rights, Islam, Foreign Policy, Religion, Terrorism, Guns, Hillary Clinton, ",claim,dataset_label,data/raw/pubhealth,14191,Jon Greenberg,en
Removal of complex renal tumors performed safely by robotic surgery in selected patients,Misinformation,PUBHEALTH,"Cancer,Journal news release",claim,dataset_label,data/raw/pubhealth,10332,"Harold J. DeMonaco, MS,Kathlyn Stone",en
"""A photograph shows a protester against pandemic stay-at-home orders holding a sign declaring that """"muzzles are for dogs and slaves.""",Reliable,PUBHEALTH,"Fauxtography, COVID-19",claim,dataset_label,data/raw/pubhealth,35437,David Mikkelson,mixed
Children who watch at least 30 minutes of “Peppa Pig” per day have a 56 percent higher probability of developing autism.,Misinformation,PUBHEALTH,"Medical, autism, morning news USA, peppa pig",claim,dataset_label,data/raw/pubhealth,31668,Alex Kasprak,mixed
Bosnians mourn baby who died for lack of ID number.,Reliable,PUBHEALTH,Health News,claim,dataset_label,data/raw/pubhealth,2499,Maja Zuvela,en
Western and Lawson scientists develop game-changing blood test for concussions,Misinformation,PUBHEALTH,"blood test,concussion,Lawson Health Research Institute",claim,dataset_label,data/raw/pubhealth,9233,"Alan Cassels,Steven J. Atlas, MD, MPH,Kathlyn Stone",en
"There are 300,000 babies born deformed every year in this country because of women who are alcoholics while they're carrying those children to term.",Misinformation,PUBHEALTH,"National, Health Care, Joe Biden, ",claim,dataset_label,data/raw/pubhealth,25542,Angie Drobnic Holan,en
This Week from Albany: Break before budget work.,Reliable,PUBHEALTH,"Legislature, Albany, New York City, Home health care services, New York, Andrew Cuomo, State budgets, New York state government, Health care services, State governments",claim,dataset_label,data/raw/pubhealth,3881, David Klepper,en
“OSHA says masks don't work” to reduce COVID-19 transmission “and violate OSHA oxygen levels.”,Misinformation,PUBHEALTH,"Labor, Public Health, Workers, Facebook Fact-checks, Coronavirus, Facebook posts, ",claim,dataset_label,data/raw/pubhealth,26059,Tom Kertscher,en
“North Carolina & Virginia State line is closed. Nothing in or out.,Misinformation,PUBHEALTH,"North Carolina, Facebook Fact-checks, Coronavirus, Facebook posts, ",claim,dataset_label,data/raw/pubhealth,26521,Paul Specht,en
Woman pushes on 2 years after brain tumor changed her life.,Reliable,PUBHEALTH,"Cancer, Pittsburgh, Tumors, Health, Latrobe",claim,dataset_label,data/raw/pubhealth,6867," Megan Tomasic, Tribune-Review",en
"Over the course of his career, Democratic Congressman Joe Kennedy has received $348,000 in campaign contributions from the pharmaceutical industry.",Reliable,PUBHEALTH,"Politics, big pharma, campaign donations, ethics",claim,dataset_label,data/raw/pubhealth,27382,Dan MacGuill,en
Sewing machines become latest weapon against coronavirus as California volunteers swing into action.,Reliable,PUBHEALTH,Health News,claim,dataset_label,data/raw/pubhealth,8102,"Nathan Frandino, Shannon Stapleton, Robin Respaut",en
"""Belgium extends """"right-to-die"""" to terminally ill children.""",Reliable,PUBHEALTH,Health News,claim,dataset_label,data/raw/pubhealth,2382,Robert-Jan Bartunek,en
Magic mushrooms may ease anxiety of cancer: study.,Reliable,PUBHEALTH,Health News,claim,dataset_label,data/raw/pubhealth,2076,Julie Steenhuysen,mixed
Steep alcohol taxes drive Turkey's drinkers to home-brew.,Reliable,PUBHEALTH,Health News,claim,dataset_label,data/raw/pubhealth,1497,"Tuvan Gumrukcu, Dirimcan Barut",en
How well do flu shots work? Here’s what the science says.,Reliable,PUBHEALTH,"flu shot,vaccines",claim,dataset_label,data/raw/pubhealth,9721,"Earle Holland,Harold J. DeMonaco, MS,Kevin Lomangino",en
A familiar name: Democrat Kennedy fights GOP on health care.,Reliable,PUBHEALTH,"Joe Kennedy III, Health, Politics, AP Top News, Massachusetts, Barack Obama",claim,dataset_label,data/raw/pubhealth,6258, Mary Clare Jalonick,en
Northern Ireland authorities give green light to abortion services.,Reliable,PUBHEALTH,Health News,claim,dataset_label,data/raw/pubhealth,8315,Amanda Ferguson,en
"Decorated with butterflies, infant-sized coffins sent to measles-ravaged Samoa.",Reliable,PUBHEALTH,Health News,claim,dataset_label,data/raw/pubhealth,509,Jonathan Barrett,en
"""Margaret Sanger """"wanted a black Christian leader to be like a Judas goat and lead the blacks to genocide. Remember that? And they picked Martin Luther King as their spokesman.""",Misinformation,PUBHEALTH,"Abortion, History, Public Health, Women, Virginia, Pat Robertson, ",claim,dataset_label,data/raw/pubhealth,13139,Warren Fiske,en
A healthy lifestyle may offset genetic risk for Alzheimer’s.,Reliable,PUBHEALTH,"Los Angeles, Genetics, Health, General News, AP Top News, Dementia",claim,dataset_label,data/raw/pubhealth,4449, Marilynn Marchione,mixed
Groups sue over Alabama abortion law; judge blocks Mississippi ban.,Reliable,PUBHEALTH,Health News,claim,dataset_label,data/raw/pubhealth,1040,Gabriella Borter,en
Indonesia says lack of coronavirus cases a blessing from God.,Reliable,PUBHEALTH,Health News,claim,dataset_label,data/raw/pubhealth,8732,Agustinus Beo Da Costa,en
US Embassy in China sends new alert for mystery health issue.,Reliable,PUBHEALTH,"AP Top News, Cuba, Health, Guangzhou, North America, International News, China, Asia Pacific",claim,dataset_label,data/raw/pubhealth,6600, Kelvin Chan And Dake Kang,en
Skin creams seen to cause tumours on mice.,Reliable,PUBHEALTH,Health News,claim,dataset_label,data/raw/pubhealth,8779,"Maggie Fox, Health, Science Editor",en
Bill Gates is being sued by India over the deaths of girls resulting from vaccinations.,Misinformation,PUBHEALTH,"Politics, COVID-19",claim,dataset_label,data/raw/pubhealth,35246,David Mikkelson,en
"”America has been vaccinating cattle for coronavirus for years, yet the news tells you it’s new and gunna kill you all so go buy mask.”",Misinformation,PUBHEALTH,"Public Health, Facebook Fact-checks, Coronavirus, Facebook posts, ",claim,dataset_label,data/raw/pubhealth,26770,Tom Kertscher,en
Data suppressed by the CDC proved that the MMR vaccine produces a 340% increased risk of autism in African-American boys.,Misinformation,PUBHEALTH,"Medical, ASP Article, Disease",claim,dataset_label,data/raw/pubhealth,33375,Kim LaCapria,en
"Ford joins GE, 3M in speeding up ventilator, respirator production.",Reliable,PUBHEALTH,Health News,claim,dataset_label,data/raw/pubhealth,7902,"Manas Mishra, Ben Klayman",en
"“Cocaine kills corona virus, scientists is shocked to discover that this drug can fight the virus.”",Misinformation,PUBHEALTH,"Public Health, Facebook Fact-checks, Coronavirus, Facebook posts, ",claim,dataset_label,data/raw/pubhealth,26908,Emily Venezky,en
Four times as many black people are being detained as white people.,Reliable,PUBHEALTH,mental-health,claim,dataset_label,data/raw/pubhealth,40833,Claire Milne,en
Experts call for steps to stem increases in Legionnaires’.,Reliable,PUBHEALTH,"Health, General News, Legionnaires disease",claim,dataset_label,data/raw/pubhealth,6069, Mike Stobbe,en
"Human toll of cold: more than 2 dozen dead, hundreds hurt.",Reliable,PUBHEALTH,"Chicago, Illinois, Poisoning, AP Top News, Hypothermia, North America, Health, Weather, Carbon monoxide poisoning, U.S. News, Injuries",claim,dataset_label,data/raw/pubhealth,4026, Steve Karnowski And Tammy Webber,en
"""U.S. global AIDS spending helped reduce """"political instability and violence"""" by """"40 percent"""" in recipient nations.""",Misinformation,PUBHEALTH,"National, Foreign Policy, Public Health, Tom Daschle, ",claim,dataset_label,data/raw/pubhealth,14514,Jon Greenberg,en
"Measles outbreak kills more than 4,000 in Congo this year.",Reliable,PUBHEALTH,"Access to health care, Immunizations, Health, Measles, Ebola virus, Africa, Senegal, United Nations, Central Africa, General News",claim,dataset_label,data/raw/pubhealth,3190, Carley Petesch,en
Australian officials are deploying a genetically-modified vaccine aerially without consent from residents.,Misinformation,PUBHEALTH,"Junk News, australia, chemtrails, food and drug administration",claim,dataset_label,data/raw/pubhealth,30653,Arturo Garcia,en
"With a backup to the backup, insulin makers say they're primed for Brexit.",Reliable,PUBHEALTH,Health News,claim,dataset_label,data/raw/pubhealth,146,"Kate Holton, Paul Sandle",en
Nine million people have lower-cost HIV/AIDS medicine because of the work of the Clinton Foundation and my husband.,Reliable,PUBHEALTH,"Global News Service, Foreign Policy, Public Health, Hillary Clinton, ",claim,dataset_label,data/raw/pubhealth,14022,Jon Greenberg,en
"L.A.'s richest man ups the ante for city, cancer fight.",Reliable,PUBHEALTH,Health News,claim,dataset_label,data/raw/pubhealth,2603,Ronald Grover,en
"""In Wisconsin, a """"second arrest for carrying pot is a felony,"""" but a second or subsequent arrest """"for carrying a gun illegally is a misdemeanor.""",Reliable,PUBHEALTH,"Criminal Justice, Drugs, Legal Issues, Crime, Guns, Wisconsin, Edward Flynn, ",claim,dataset_label,data/raw/pubhealth,15697,Tom Kertscher,en
Florida Democratic Party Says Rick Scott gave a deposition in which he invoked the Fifth Amendment 75 times about his dealings as head of Columbia/HCA hospital chain,Reliable,PUBHEALTH,"Health Care, Legal Issues, Message Machine 2010, Florida, Florida Democratic Party, ",claim,dataset_label,data/raw/pubhealth,23222,Aaron Sharockman,en
Abortions account for 94 percent of the services provided for pregnant women by Planned Parenthood.,Misinformation,PUBHEALTH,"Abortion, Rhode Island, Health Care, Human Rights, Religion, Women, Bishop Thomas Tobin, ",claim,dataset_label,data/raw/pubhealth,15853,Katie Mulvaney,en
"""Donna Howard Says condoms """"used to be tax-exempt here in Texas.""",Reliable,PUBHEALTH,"Health Care, Sexuality, Taxes, Texas, Donna Howard, ",claim,dataset_label,data/raw/pubhealth,12768,W. Gardner Selby,en
Test risk of breast cancer from home with new FDA-approved DNA kit by 23andMe,Misinformation,PUBHEALTH,breast cancer,claim,dataset_label,data/raw/pubhealth,9397,"Matt Shipman,Deanna Attai, MD, FACS,Joy Victory",en
Exclusive: U.S. axed CDC expert job in China months before virus outbreak.,Reliable,PUBHEALTH,Health News,claim,dataset_label,data/raw/pubhealth,7889,Marisa Taylor,en
Festival cheer rings diabetes alarm for Indians.,Reliable,PUBHEALTH,Health News,claim,dataset_label,data/raw/pubhealth,1931,David Lalmalsawma,en
"""Drug dealers are selling colored and flavored crystal methamphetamine known as """"Strawberry Quick"""" to children. """,Misinformation,PUBHEALTH,"Medical, candy meth, drug legends, drugs",claim,dataset_label,data/raw/pubhealth,29359,Snopes Staff,en
CareFusion to pay $40 million to settle U.S. kickbacks lawsuit.,Reliable,PUBHEALTH,Health News,claim,dataset_label,data/raw/pubhealth,2903,Jonathan Stempel,en
"Last year it was dicamba, this year it’s 2,4-D.",Reliable,PUBHEALTH,"Global trade, Genetics, Cancer, Champaign, China, Science, Weeds",claim,dataset_label,data/raw/pubhealth,4456, Johnathan Hettinger Of Midwest Center For Investigative Reporting.,en
"A cellular service outage on June 15, 2020, enabled Apple and Google to covertly install COVID-19 tracking apps onto phones.",Misinformation,PUBHEALTH,"Technology, COVID-19",claim,dataset_label,data/raw/pubhealth,35530,Nur Ibrahim,en
People are handing out masks “doused with chemicals which knocks you out cold” so they can rob you.,Misinformation,PUBHEALTH,"Crime, Facebook Fact-checks, Coronavirus, Viral image, ",claim,dataset_label,data/raw/pubhealth,26516,Ciara O'Rourke,en
There’s 400 more people working in health care today in New Hampshire than when we passed the budget.,Misinformation,PUBHEALTH,"New Hampshire, Health Care, State Budget, William O'Brien, ",claim,dataset_label,data/raw/pubhealth,20069,Jake Berry,en
Scientists Edge Closer To A Blood Test To Detect Cancers,Reliable,PUBHEALTH,cancer test,claim,dataset_label,data/raw/pubhealth,9417,"Michael Joyce, MD,Andrae Vandross, MD,Joy Victory",en
"""Upwards of 90 percent"""" of women seeking an abortion decide not to have an abortion after seeing an ultrasound.""",Misinformation,PUBHEALTH,"Abortion, Children, Families, Health Care, Women, Wisconsin, Rachel Campos-Duffy, ",claim,dataset_label,data/raw/pubhealth,18163,Tom Kertscher,en
J&J says new tests find no asbestos in same baby powder bottle that sparked recall.,Reliable,PUBHEALTH,Health News,claim,dataset_label,data/raw/pubhealth,96,"Carl O'Donnell, Lisa Girion",en
South Korea extends intensive social distancing to reach 50 daily coronavirus cases.,Reliable,PUBHEALTH,Health News,claim,dataset_label,data/raw/pubhealth,8639,Hyonhee Shin,en
"Trump: Texas mass shooting is about mental health, not guns.",Reliable,PUBHEALTH,"Shootings, New York City, Bike Path Attack, Islamic State group, Politics, Asia, North America, New York, Mental health, Health, Religion, Texas, Donald Trump",claim,dataset_label,data/raw/pubhealth,7065, Jill Colvin And Zeke Miller,en
Toxin at heart of drug recall shows holes in medical safety net.,Reliable,PUBHEALTH,Health News,claim,dataset_label,data/raw/pubhealth,2728,"Alexandra Harney, Ben Hirschler",mixed
Pediatric cancer drug shows 93 percent response rate,Misinformation,PUBHEALTH,"larotrectinib,pediatric cancer,UT Southwestern Medical Center",claim,dataset_label,data/raw/pubhealth,9018,"Elizabeth Russo, MD,Virginia A. Moyer, MD,Kathlyn Stone",en
“NASA ADMITS To Spraying Americans With Lithium & Other Chemicals”,Misinformation,PUBHEALTH," chemtrails, environment, health, NASA, ",claim,dataset_label,data/raw/pubhealth,42213,Angelo Fichera,en
"""A public option for health care would end private insurance """"because the private insurance people will not be able to compete with a government option.""",Misinformation,PUBHEALTH,"National, Health Care, Mitch McConnell, ",claim,dataset_label,data/raw/pubhealth,24697,Angie Drobnic Holan,en
"""Under legislation that has cleared the Georgia House, some children who are """"legal refugees"""" could obtain state scholarships to attend private schools.""",Reliable,PUBHEALTH,"Georgia, Autism, Children, Disability, Education, Families, Immigration, State Budget, The Associated Press, ",claim,dataset_label,data/raw/pubhealth,15810,Nancy Badertscher,en
Cholera surge stalks Yemen's hungry and displaced.,Reliable,PUBHEALTH,Health News,claim,dataset_label,data/raw/pubhealth,1016,Eissa Al-Rajehy,en
"Stocks savaged, Italy on lockdown, Trump seeks to reassure as coronavirus spreads.",Reliable,PUBHEALTH,Health News,claim,dataset_label,data/raw/pubhealth,7924,"Giulia Segreti, Elvira Pollina",en
Florida’s new Trump-backed governor seeks to broaden appeal.,Reliable,PUBHEALTH,"Legislature, Medical marijuana, Rising sea levels, Florida, Ron DeSantis, Marijuana, Environment, Donald Trump",claim,dataset_label,data/raw/pubhealth,6197, Brendan Farrington,en
PM Johnson warns Britons: more loved ones are going to die from coronavirus.,Reliable,PUBHEALTH,Health News,claim,dataset_label,data/raw/pubhealth,7948,"Kylie Maclellan, Elizabeth Piper",en
A virus deadly to dogs has been spreading in the canine population of the U.S.,Reliable,PUBHEALTH,"Critter Country, American Veterinary Medical Association, ASP Article, Centers for Disease Control",claim,dataset_label,data/raw/pubhealth,27902,David Mikkelson,en
The number of EU nationals leaving the NHS jumped by 14% in 2017.,Reliable,PUBHEALTH,health,claim,dataset_label,data/raw/pubhealth,40778,Joël Reland,en
Sweet sizzlin’ beans! Fancy names may boost healthy dining.,Reliable,PUBHEALTH,"Health, Stanford University, Psychology, Science",claim,dataset_label,data/raw/pubhealth,4278, Lindsey Tanner,tl
Aid groups halt work in south Yemen after targeted bombings.,Reliable,PUBHEALTH,"Dengue fever, Health, Middle East, Flu, Bombings, United Nations, Swine flu, General News, Yemen, Sanaa",claim,dataset_label,data/raw/pubhealth,3951, Ahmed Al-Haj And Isabel Debre,en
"Toughest weeks ahead in coronavirus fight, warns French PM.",Reliable,PUBHEALTH,Health News,claim,dataset_label,data/raw/pubhealth,8030,Richard Lough,en
"""Priorities USA Action Says President Trump said coronavirus testing makes the U.S. look bad, """"so I said to my people, ‘Slow the testing down.’""",Reliable,PUBHEALTH,"Public Health, Wisconsin, Coronavirus, Priorities USA Action, ",claim,dataset_label,data/raw/pubhealth,26065,Eric Litke,en
Fauci: ‘We’re not there yet’ on key steps to reopen economy.,Reliable,PUBHEALTH,"AP Top News, Understanding the Outbreak, Health, Anthony Fauci, General News, Politics, Business, Infectious diseases, Donald Trump, Virus Outbreak, Economy",claim,dataset_label,data/raw/pubhealth,7540, Lauran Neergaard And Julie Pace,en
Baltimore mayor’s $500K book deal draws intense criticism.,Reliable,PUBHEALTH,"U.S. News, Health, Childrens books, University of Maryland, Catherine Pugh, Maryland, U.S. News, Baltimore",claim,dataset_label,data/raw/pubhealth,7181, David Mcfadden,en
"""Rub-on """"tattoos"""" of cartoon characters laced with LSD are handed out to children by unscrupulous drug dealers.""",Misinformation,PUBHEALTH,"Horrors, ASP Article, Drug Horrors, Parental Nightmares",claim,dataset_label,data/raw/pubhealth,33612,David Mikkelson,en
"""Preventive care """"saves money.""",Misinformation,PUBHEALTH,"National, Health Care, Barack Obama, ",claim,dataset_label,data/raw/pubhealth,24550,Catharine Richert,en
"Gov. Andrew Cuomo “was simply saying if we can share 20 percent of your excess, your non-used ventilators, to help people in other parts of the state on a voluntary basis, that would be great. Of course, there was a reaction to that, which was not positive.",Misinformation,PUBHEALTH,"New York, Coronavirus, Kathy Hochul, ",claim,dataset_label,data/raw/pubhealth,26488,Jill Terreri Ramos,en
"""Author C. S. Lewis wrote a passage in """"The Screwtape Letters"""" involving Satan wanting to """"shut down businesses"""" and Jesus wanting to restore the family unit. """,Misinformation,PUBHEALTH,"Questionable Quotes, COVID-19",claim,dataset_label,data/raw/pubhealth,35222,Dan Evon,en
Sabres’ Okposo eager to look forward now that he’s healthy.,Reliable,PUBHEALTH,"NHL hockey, Health, Kyle Okposo, Buffalo, Buffalo Sabres",claim,dataset_label,data/raw/pubhealth,6880, John Wawrow,en
New York state “hospitals reporting thousands of fungus lung infections due to wearing a mask!!”,Misinformation,PUBHEALTH,"Facebook Fact-checks, New York, Coronavirus, Facebook posts, ",claim,dataset_label,data/raw/pubhealth,26000,Ciara O'Rourke,en
"Still no autism-vaccine link, say health officials.",Reliable,PUBHEALTH,Health News,claim,dataset_label,data/raw/pubhealth,8884,Will Dunham,en
Scientist links 2 state outbreaks with genetic fingerprints.,Reliable,PUBHEALTH,"Virus Outbreak, Genetics, Understanding the Outbreak, Health, General News, Washington, Science, Seattle, Public health, U.S. News",claim,dataset_label,data/raw/pubhealth,7388, Carla K. Johnson,en
NBA coaches’ new play: tending to health to cope with grind.,Reliable,PUBHEALTH,"Steve Clifford, Health, Doc Rivers, North America, Steve Kerr, Coaching, Sports, Basketball, Luke Walton, NBA",claim,dataset_label,data/raw/pubhealth,6598, Janie Mccauley,en
"When it comes to protecting against COVID-19 transmission, neck gaiters are worse than wearing no mask at all.",Misinformation,PUBHEALTH,"Medical, COVID-19",claim,dataset_label,data/raw/pubhealth,35816,Madison Dapcevich,mixed
President Donald Trump “will evoke (sic) what is called the Stafford act” and “order a two week mandatory quarantine for the nation.”,Misinformation,PUBHEALTH,"Public Health, Facebook Fact-checks, Coronavirus, Facebook posts, ",claim,dataset_label,data/raw/pubhealth,26660,Daniel Funke,en
"White House pushes unproven drug for virus, but doctors wary.",Reliable,PUBHEALTH,"AP Top News, Understanding the Outbreak, Malaria, International News, Peter Navarro, General News, Politics, Health, Medication, Virus Outbreak, Donald Trump",claim,dataset_label,data/raw/pubhealth,7489, Zeke Miller And Deb Riechmann,en
St. Jude: $100M for children with cancer global outreach.,Reliable,PUBHEALTH,"Cancer, Health, North America, Tennessee, Carlos Rodriguez, Diagnosis and treatment, Memphis",claim,dataset_label,data/raw/pubhealth,5709, Adrian Sainz,en
“Immigrants make up a majority of essential workers in places like New York City.”,Reliable,PUBHEALTH,"Immigration, Workers, New York, Coronavirus, Kirsten Gillibrand, ",claim,dataset_label,data/raw/pubhealth,26351,Jaren English,en
"""A Colgate toothpaste is subject to """"recall.""",Misinformation,PUBHEALTH,"Fake news, Health Care, PunditFact, Shared This, ",claim,dataset_label,data/raw/pubhealth,11803,Amy Sherman,en
"Illinois suffered 1,652 overdose deaths in 2014 ... of which 40 percent were associated with heroin. Illinois is ranked number one in the nation for a decline in treatment capacity between 2007 and 2012, and is now ranked the third worst in the country for state-funded treatment capacity.",Reliable,PUBHEALTH,"Drugs, Illinois, Richard Durbin, ",claim,dataset_label,data/raw/pubhealth,13724,Kevin Hoffman,en
U.S. House Speaker Nancy Pelosi held up a coronavirus funding package so that Democrats could run negative ads about Republicans that made the latter look bad.,Misinformation,PUBHEALTH,"Politics, coronavirus, COVID-19, kevin mccarthy",claim,dataset_label,data/raw/pubhealth,35143,Bethania Palma,en
"Wyoming to loosen COVID-19 restaurant, bar, gathering rules.",Reliable,PUBHEALTH,"General News, Wyoming, Mark Gordon, Virus Outbreak, Public health",claim,dataset_label,data/raw/pubhealth,7442, Mead Gruver,en
FDA says contaminant in some Baxter heparin.,Reliable,PUBHEALTH,Health News,claim,dataset_label,data/raw/pubhealth,8889,"Kim Dixon, Lisa Richwine",en
The FDA has approved tranquilizing darts for children with attention deficit hyperactivity disorder (ADHD).,Misinformation,PUBHEALTH,Health / Medical,claim,dataset_label,data/raw/pubhealth,38943,  Rich Buhler & Staff  ,en
Nebraska colleges try new ways to help students seeking.,Reliable,PUBHEALTH,"Stress, Anxiety, Mental health, Health, Financial markets, Nebraska, Depression, Omaha",claim,dataset_label,data/raw/pubhealth,7588, Rick Ruggles,en
Juvenile bald eagle found on ground to be released Tuesday.,Reliable,PUBHEALTH,"Wildlife, Health, Metairie, Bald eagles, Veterinary medicine, Eagles, Louisiana, Birds",claim,dataset_label,data/raw/pubhealth,6477, Janet Mcconnaughey,en
Women need more sleep than men because their brains get more use on a day-to-day basis.,Misinformation,PUBHEALTH,Medical,claim,dataset_label,data/raw/pubhealth,29400,Alex Kasprak,en
School closings may be no holiday for flu pandemic.,Reliable,PUBHEALTH,Health News,claim,dataset_label,data/raw/pubhealth,8832,Julie Steenhuysen,mixed
Massive jury award against J&J highlights risks of its legal strategy.,Reliable,PUBHEALTH,Health News,claim,dataset_label,data/raw/pubhealth,134,"Carl O'Donnell, Tom Hals",en
Ministers urge religious chiefs to oppose genital mutilation.,Reliable,PUBHEALTH,Health News,claim,dataset_label,data/raw/pubhealth,7834,Catherine Hornby,en
War-weakened South Sudan tries to prepare for Ebola.,Reliable,PUBHEALTH,"AP Top News, South Sudan, Health, Ebola virus, Africa, Sudan, General News, International News",claim,dataset_label,data/raw/pubhealth,5806, Sam Mednick,en
Marijuana health claims lure patients as science catches up.,Reliable,PUBHEALTH,"Anxiety, Medical marijuana, Health, Washington, General News, District of Columbia, Marijuana, Business, Science, California, U.S. News",claim,dataset_label,data/raw/pubhealth,7583, Carla K. Johnson,en
Families tell U.S. lawmakers of heparin deaths.,Reliable,PUBHEALTH,Health News,claim,dataset_label,data/raw/pubhealth,8819,"Lisa Richwine, Susan Heavey",en
E-cigs a 'consumer-driven' revolution born from a bad dream.,Reliable,PUBHEALTH,Health News,claim,dataset_label,data/raw/pubhealth,2290,Martinne Geller,en
Documentary about anxiety taps a world-class athlete.,Reliable,PUBHEALTH,"Stress, Anxiety, Mental health, New York, Entertainment, Movies, North America, Health, Michael Phelps",claim,dataset_label,data/raw/pubhealth,6597, Mark Kennedy,en
Babies receive hats with heart through program.,Reliable,PUBHEALTH,"Valentines Day, Health, American Heart Association, Birth defects",claim,dataset_label,data/raw/pubhealth,7312, Sarah Marino,en
Amgen cholesterol drug meets goal of 3rd late stage trial.,Reliable,PUBHEALTH,Health News,claim,dataset_label,data/raw/pubhealth,2815,Bill Berkrot,en
FDA advisory panel backs Chelsea Therapeutics drug.,Reliable,PUBHEALTH,Health News,claim,dataset_label,data/raw/pubhealth,2867,Toni Clarke,en
"Pizzas (and haircuts) back on the menu, but with warnings.",Reliable,PUBHEALTH,"Italy, International News, General News, Latin America, Health, Milan, AP Top News, Pandemics, Asia Pacific, Virus Outbreak, Europe, Public health, Restaurants",claim,dataset_label,data/raw/pubhealth,7333," Colleen Barry, Dennis Passa And Pablo Gorondi",en
There has been a 22% drop in ambulances meeting their 15 minute transfer target since 2010.,Reliable,PUBHEALTH,health,claim,dataset_label,data/raw/pubhealth,41656,Joël Reland and Grace Rahman,en
"""Uganda makes """"intentional transmission"""" of HIV a crime.""",Reliable,PUBHEALTH,Health News,claim,dataset_label,data/raw/pubhealth,2337,Elias Biryabarema,en
Court says schools can be liable for suicides but clears MIT.,Reliable,PUBHEALTH,"Technology, North America, Health, AP Top News, Massachusetts, Suicides, U.S. News, Massachusetts Institute of Technology",claim,dataset_label,data/raw/pubhealth,6612, Alanna Durkin Richer,en
"A photograph taken by a responding police officer shows a couple passed out in their vehicle from a suspected heroin overdose, with their child in the back seat.",Reliable,PUBHEALTH,"Fauxtography, crime, Drug Horrors, drugs",claim,dataset_label,data/raw/pubhealth,27686,Bethania Palma,en
"Experts scramble, but new virus vaccine may not come in time.",Reliable,PUBHEALTH,"Severe acute respiratory syndrome, Understanding the Outbreak, Health, Ebola virus, France, International News, AP Top News, China, Racing for a Remedy, Asia Pacific, Virus Outbreak, General News, U.S. News",claim,dataset_label,data/raw/pubhealth,7509, Lauran Neergaard,mixed
A Kentucky couple were placed under house arrest in July 2020 after a woman diagnosed with COVID-19 refused to agree to self-isolate because it would require her to get prior approval to go to the hospital.,Reliable,PUBHEALTH,"Medical, COVID-19, Editor's Picks",claim,dataset_label,data/raw/pubhealth,35455,Dan MacGuill,en
Gov. Gavin Newsom “has no legal authority” to make wearing face coverings mandatory in California.,Misinformation,PUBHEALTH,"Public Health, Facebook Fact-checks, California, Coronavirus, Facebook posts, ",claim,dataset_label,data/raw/pubhealth,26071,Chris Nichols,en
"Health Buzz: Dried Plums May Reduce Colon Cancer Risk The sweet snack can affect gut bacteria, researchers say.",Misinformation,PUBHEALTH,"Diet studies,U.S. News & World Report",claim,dataset_label,data/raw/pubhealth,11204,"Earle Holland,Kevin Lomangino",mixed
Global measles cases three times higher than last year: WHO.,Reliable,PUBHEALTH,Health News,claim,dataset_label,data/raw/pubhealth,795,Stephanie Nebehay,en
Former research chimps to get new life at Georgia sanctuary.,Reliable,PUBHEALTH,"Chimpanzees, Georgia, Animals, Medical research",claim,dataset_label,data/raw/pubhealth,5520, Nedra Rhone,mixed
Pampers Dry Max diapers commonly cause severe diaper rash and chemical burns on infants.,Misinformation,PUBHEALTH,"Medical, diaper rash, pampers, Toxin Du Jour",claim,dataset_label,data/raw/pubhealth,33551,David Mikkelson,en
"""Battleground Texas Says Dan Patrick has """"called immigration into Texas an invasion"""" and """"said immigrants coming into Texas bring ‘third-world diseases.’""",Reliable,PUBHEALTH,"Immigration, Crime, Public Health, Texas, Battleground Texas, ",claim,dataset_label,data/raw/pubhealth,16876,W. Gardner Selby,en
"“If you like your private plan, you can keep it.”",Misinformation,PUBHEALTH,"Health Check, Pete Buttigieg, ",claim,dataset_label,data/raw/pubhealth,26832,Shefali Luthra,en
"“Germany and the United States are the two best in deaths per 100,000 people, which, frankly, to me, that's perhaps the most important number there is.”",Misinformation,PUBHEALTH,"Health Check, Coronavirus, Donald Trump, ",claim,dataset_label,data/raw/pubhealth,26317,Shefali Luthra,en
Obesity kills 34 children per hour.,Misinformation,PUBHEALTH,"Children, Health Care, Public Health, Texas, Rob Eissler, ",claim,dataset_label,data/raw/pubhealth,22021,Ciara O'Rourke,en
Lucentis Proves Effective Against Proliferative Diabetic Retinopathy,Reliable,PUBHEALTH,"Academic medical center news release,diabetes,Foundation/nonprofit news release",claim,dataset_label,data/raw/pubhealth,11461,"Matt Shipman,Kathleen Fairfield, MD, DrPH,Kathlyn Stone",en
Seasonal flu widespread in the United States: CDC.,Reliable,PUBHEALTH,Health News,claim,dataset_label,data/raw/pubhealth,2934,Marina Lopes,en
Blogger Says Nancy Pelosi tried “once again” to include abortion funding in the latest coronavirus bill.,Misinformation,PUBHEALTH,"Abortion, Coronavirus, Bloggers, ",claim,dataset_label,data/raw/pubhealth,26196,Samantha Putterman,en
Trump faces credibility test as he plays down virus threat.,Reliable,PUBHEALTH,"AP Top News, Health, Ebola virus, Politics, Public health, Election 2020, Business, Donald Trump, Virus Outbreak, Michael Pence, General News, U.S. News",claim,dataset_label,data/raw/pubhealth,7504," Aamer Madhani, Jonathan Lemire And Zeke Miller",en
For coronavirus cases “in the U.S. 38% of those hospitalized are under 35.”,Misinformation,PUBHEALTH,"Coronavirus, Marco Rubio, ",claim,dataset_label,data/raw/pubhealth,26625,Amy Sherman,en
Man returns to Fort Dodge to help others with mental illness.,Reliable,PUBHEALTH,"General News, Iowa, Mental health, Fort Dodge",claim,dataset_label,data/raw/pubhealth,5138, Joe Sutter,en
Ebola outbreak spreads to 3rd province in eastern Congo.,Reliable,PUBHEALTH,"Africa, Health, General News, Ebola virus, International News",claim,dataset_label,data/raw/pubhealth,5672, Saleh Mwanamilongo And Al-Hadji Kudra Maliro,en
"In some states, it is still legal to deny a woman coverage because she's been the victim of domestic violence.",Reliable,PUBHEALTH,"National, Health Care, Michelle Obama, ",claim,dataset_label,data/raw/pubhealth,24527,Catharine Richert,en
"New Harvard research finds walnuts may help slow colon cancer growth A walnut-enriched diet may cause beneficial genetic changes in animal cancer cells, affecting inflammation, blood supply and growth of tumors",Reliable,PUBHEALTH,"colon cancer,Harvard,walnuts",claim,dataset_label,data/raw/pubhealth,9292,"Sally James,Earle Holland,Kevin Lomangino",mixed
"""Rick Scott Says the Congressional Budget Office """"said if you’re going to buy your own policy with these (health care) exchanges you’ll be paying 10 percent more ... about $2,100 more for a family.""",Misinformation,PUBHEALTH,"Health Care, Florida, Rick Scott, ",claim,dataset_label,data/raw/pubhealth,19847,Katie Sanders,en
The United States is “actually screening fewer people (for the coronavirus than other countries) because we don't have appropriate testing.,Reliable,PUBHEALTH,"National, Public Health, Pundits, PunditFact, Coronavirus, Lou Dobbs, ",claim,dataset_label,data/raw/pubhealth,26753,Bill McCarthy,en
Calories on menus don't affect kids' food choices.,Reliable,PUBHEALTH,Health News,claim,dataset_label,data/raw/pubhealth,2022,Julie Steenhuysen,en
Clock is ticking on NY deadline for student vaccinations.,Reliable,PUBHEALTH,"AP Top News, Immunizations, Religion, Health, Measles, General News, New York, Buffalo, Health care industry",claim,dataset_label,data/raw/pubhealth,4018, Carolyn Thompson,en
Military suicide prevention efforts fail: report.,Reliable,PUBHEALTH,Health News,claim,dataset_label,data/raw/pubhealth,2069,"Maggie Fox, Health, Science Editor",en
Celebrities launch pot brands as California legalizes drug.,Reliable,PUBHEALTH,"Willie Nelson, Medical marijuana, Entertainment, Celebrities, Business, California, Bob Marley, Whoopi Goldberg, U.S. News",claim,dataset_label,data/raw/pubhealth,7231, Paul Elias,en
Minnesota lawmakers: Tax drug makers over opioid crisis.,Reliable,PUBHEALTH,"Health, Minnesota, Prince",claim,dataset_label,data/raw/pubhealth,5296, Steve Karnowski,en
Makers of fraudulent breast implants on trial in France.,Reliable,PUBHEALTH,Health News,claim,dataset_label,data/raw/pubhealth,2522,Jean-François Rosnoblet,en
UK PM Johnson orders Britons: you must stay at home.,Reliable,PUBHEALTH,Health News,claim,dataset_label,data/raw/pubhealth,8248,"William James, Andy Bruce",mixed
More people are losing their insurance (due to Obamacare) than are becoming newly insured.,Misinformation,PUBHEALTH,"Health Care, PunditFact, Herman Cain, ",claim,dataset_label,data/raw/pubhealth,16213,Louis Jacobson,en
"In January 2020, the Food and Drug Administration approved a nasal spray containing cocaine.",Reliable,PUBHEALTH,Medical,claim,dataset_label,data/raw/pubhealth,34937,Dan MacGuill,en
"""The Republican budget plan """"says that 10 years from now, if you’re a 65-year-old who’s eligible for Medicare, you should have to pay nearly $6,400 more than you would today.""",Reliable,PUBHEALTH,"National, Medicare, Barack Obama, ",claim,dataset_label,data/raw/pubhealth,22237,Robert Farley,en
"To stay fit during holidays bend, don't break routine: experts.",Reliable,PUBHEALTH,Health News,claim,dataset_label,data/raw/pubhealth,2570,Dorene Internicola,en
Swiss virus death toll hits 235 as official says worst case scenario `not yet materialized'.,Reliable,PUBHEALTH,Health News,claim,dataset_label,data/raw/pubhealth,8033,Kirsti Knolle,en
4 passengers dead aboard cruise ship anchored off Panama.,Reliable,PUBHEALTH,"Panama Canal, Rotterdam, Health, General News, Flu, Latin America, Caribbean, Travel, Virus Outbreak",claim,dataset_label,data/raw/pubhealth,7521, Kathia Martínez And Tamara Lush,en
Continuing Developments In Medical Consensus On The Utility Of Peppermint Oil For Irritable Bowel Syndrome (IBS),Misinformation,PUBHEALTH,"IM HealthScience,irritable bowel syndrome,peppermint oil",claim,dataset_label,data/raw/pubhealth,9251,"Andrew Holtz, MPH,Karen Carlson, MD,Kathlyn Stone",en
"Feds: No more education, legal services for immigrant kids.",Reliable,PUBHEALTH,"AP Top News, Language, General News, Immigration, Legal services, Education, Health, U.S. News",claim,dataset_label,data/raw/pubhealth,4814, Astrid Galvan And Adriana Gomez Licon,en
New wave of water workouts attract the young and fit.,Reliable,PUBHEALTH,Health News,claim,dataset_label,data/raw/pubhealth,2321,Dorene Internicola,en
Study: Genetic test predicts middle-aged obesity risk.,Reliable,PUBHEALTH,"Health, Obesity, Genetics, North America",claim,dataset_label,data/raw/pubhealth,4453, Malcolm Ritter,en
Texas judge: Hospital can remove baby from life support.,Reliable,PUBHEALTH,"AP Top News, General News, Fort Worth, Health, Courts, Tinslee Lewis, U.S. News, Texas",claim,dataset_label,data/raw/pubhealth,5467, Jamie Stengle,en
Future is in doubt for cheaper versions of biologic drugs.,Reliable,PUBHEALTH,"Rheumatoid arthritis, Health, General News, Arthritis, Business, U.S. News",claim,dataset_label,data/raw/pubhealth,6532, Linda A. Johnson,en
Common drugs hasten decline in elderly: study.,Reliable,PUBHEALTH,Health News,claim,dataset_label,data/raw/pubhealth,8811,Julie Steenhuysen,en
Planned Parenthood opts out of U.S. subsidies in fight over abortion referrals.,Reliable,PUBHEALTH,Health News,claim,dataset_label,data/raw/pubhealth,818,Brendan O'Brien,en
"Learning to relax, cope extends cancer survival.",Reliable,PUBHEALTH,Health News,claim,dataset_label,data/raw/pubhealth,2110,Julie Steenhuysen,en
The eRumor says that the American Stroke Associations suggests a simple three question test to give to someone who may be experiencing the symptoms of a stroke.,Reliable,PUBHEALTH,"Health / Medical, Medical, Miscellaneous",claim,dataset_label,data/raw/pubhealth,39327,  Rich Buhler & Staff  ,mixed
Tweaking an exercise routine to stay strong after 50.,Reliable,PUBHEALTH,Health News,claim,dataset_label,data/raw/pubhealth,2385,Dorene Internicola,en
"""Marco Rubio Says """"Patrick Murphy is the only candidate to have voted against every measure to fund Zika.""",Misinformation,PUBHEALTH,"Congress, Public Health, Voting Record, Florida, Marco Rubio, ",claim,dataset_label,data/raw/pubhealth,13517,Joshua Gillin,en
Lilly CEO: 'It's time to go back on offense'.,Reliable,PUBHEALTH,Health News,claim,dataset_label,data/raw/pubhealth,2778,Ransdell Pierson,en
Suggests Trump urged sick people to get out and vote during COVID-19 pandemic,Misinformation,PUBHEALTH,"Facebook Fact-checks, Coronavirus, Tweets, ",claim,dataset_label,data/raw/pubhealth,26499,Samantha Putterman,en
"War-ravaged Yemen confirms first coronavirus case, braces for more.",Reliable,PUBHEALTH,Health News,claim,dataset_label,data/raw/pubhealth,8533,Mohammed Ghobari,en
Austria to make basic face masks compulsory in supermarkets.,Reliable,PUBHEALTH,Health News,claim,dataset_label,data/raw/pubhealth,8658,Francois Murphy,en
Compounds in cocoa may help delay onset of type 2 diabetes,Misinformation,PUBHEALTH,"Brigham Young University,cocoa,Type 2 diabetes",claim,dataset_label,data/raw/pubhealth,9098,"Andrew Holtz, MPH,Dan Mayer, MD,Kathlyn Stone",mixed
"""Data displayed on the World Bank's World Integrated Trade Solution (WITS) website in September 2020 proved that dozens of nations imported or exported items labeled """"COVID-19 Test Kits"""" in 2018 — more than a year before the pandemic occurred and before COVID-19 even had a name.""",Misinformation,PUBHEALTH,"Politics Medical, COVID-19, Editor's Picks",claim,dataset_label,data/raw/pubhealth,35927,Madison Dapcevich,en
EIRMC opens the first burn care center in Idaho.,Reliable,PUBHEALTH,"Health, Trauma, Burns, Idaho Falls, Idaho",claim,dataset_label,data/raw/pubhealth,3144, Brennen Kauffman,en
Washington state man becomes first U.S. coronavirus fatality.,Reliable,PUBHEALTH,Health News,claim,dataset_label,data/raw/pubhealth,7945,"Gabriella Borter, Steve Gorman",en
US panel backs wider use of fish oil to prevent heart attack.,Reliable,PUBHEALTH,"Health, General News, Heart attack",claim,dataset_label,data/raw/pubhealth,4969, Matthew Perrone,en
"Allegations of neglect, abuse at Georgia elder facilities.",Reliable,PUBHEALTH,"Seniors, Georgia, Constitutions, Health, General News, Atlanta",claim,dataset_label,data/raw/pubhealth,6123, Atlanta Journal-Constitution,mixed
"Brazil's Bolsonaro plays down coronavirus risk as cases top 1,500.",Reliable,PUBHEALTH,Health News,claim,dataset_label,data/raw/pubhealth,8143,"Jamie Mcgeever, Pedro Fonseca",en
"Congolese flee to Uganda after vote, raising Ebola fears.",Reliable,PUBHEALTH,"World Health Organization, Kampala, Health, Elections, Africa, International News, Uganda, Presidential elections",claim,dataset_label,data/raw/pubhealth,5426, Rodney Muhumuza,en
Carmat artificial heart patient in good condition: hospital.,Reliable,PUBHEALTH,Health News,claim,dataset_label,data/raw/pubhealth,2950,Natalie Huet,en
"""Bill Gates — along with a coalition dubbed """"ID 2020"""" — seeks to """"microchip"""" the world population using a COVID-19 vaccine.""",Misinformation,PUBHEALTH,"Politics, COVID-19",claim,dataset_label,data/raw/pubhealth,35286,Alex Kasprak,en
"“This lady here applied sanitizer to her hands/forearms & went to the kitchen to cook. The moment she turned on the gas stove, her hands caught fire due to the alcohol contained in the sanitizer.”",Misinformation,PUBHEALTH,"Public Health, Facebook Fact-checks, Coronavirus, Facebook posts, ",claim,dataset_label,data/raw/pubhealth,26553,Bill McCarthy,en
"“During the 2009 swine flu outbreak, Biden made reckless comments unsupported by science & the experts. The Obama Admin had to clean up his mess & apologize for his ineptitude.”",Reliable,PUBHEALTH,"Public Health, Coronavirus, Donald Trump, ",claim,dataset_label,data/raw/pubhealth,26680,Samantha Putterman,en
GOP support grows for legal medical marijuana in Wisconsin.,Reliable,PUBHEALTH,"Legislature, Wisconsin, Medical marijuana, General News, Marijuana, Bills",claim,dataset_label,data/raw/pubhealth,4663, Scott Bauer,en
"""U.S. President Trump acknowledged that COVID-19 is deadlier than the flu in early February 2020, but continued to downplay the pandemic as """"like the flu"""" in public. """,Reliable,PUBHEALTH,"Politics, COVID-19",claim,dataset_label,data/raw/pubhealth,35829,Dan Evon,en
Tell-Tale Biomarker Detects Early Breast Cancer in NIH-Funded Study,Misinformation,PUBHEALTH,"Animal research,Breast cancer,Cancer,Government agency news release,Imaging",claim,dataset_label,data/raw/pubhealth,10953,"Joann Rodgers, MS,Mandy Stahre, PhD,Kevin Lomangino",en
Noninvasive Imaging Test Shown Accurate in Ruling Out Kidney Cancers,Reliable,PUBHEALTH,Academic medical center news release,claim,dataset_label,data/raw/pubhealth,10427,"Earle Holland,Saurabh Jha, MBBS,Kathlyn Stone",en
NASA begs spectators for astronaut launch: Please stay home!.,Reliable,PUBHEALTH,"Jim Bridenstine, AP Top News, General News, Florida, Science, Virus Outbreak, U.S. News",claim,dataset_label,data/raw/pubhealth,7570, Marcia Dunn,en
UN health agency tackles misinformation over virus outbreak.,Reliable,PUBHEALTH,"Beijing, Understanding the Outbreak, Geneva, Health, General News, Technology, Business, China, United Nations, Asia Pacific, Virus Outbreak, Europe, Ebola virus, International News",claim,dataset_label,data/raw/pubhealth,7511, Jamey Keaten,en
Glaxo wins FDA clearance for rotavirus vaccine.,Reliable,PUBHEALTH,Health News,claim,dataset_label,data/raw/pubhealth,8836,Lisa Richwine,en
"""Under the federal Controlled Substance Act, marijuana is listed in the same Schedule I as heroin,"""" even though """"marijuana is not a killer drug like heroin.""",Reliable,PUBHEALTH,"Criminal Justice, Drugs, Crime, Government Regulation, Public Health, Wisconsin, Bernie Sanders, ",claim,dataset_label,data/raw/pubhealth,14258,Tom Kertscher,en
Claims: Migrant children molested in US-funded foster care.,Reliable,PUBHEALTH,"Foster care, AP Top News, General News, Immigration, Latin America, Politics, Business, Guatemala, California, New York, Santa Ana, U.S. News, Health, United States",claim,dataset_label,data/raw/pubhealth,5047," Garance Burke, Juliet Linderman And Martha Mendoza",en
An Italian doctor uncovered a surprisingly simple cure for multiple sclerosis in April 2016.,Misinformation,PUBHEALTH,"Medical, Disease, italian doctor, medical clickbaiting",claim,dataset_label,data/raw/pubhealth,32751,Kim LaCapria,en
"Industry makes $7,000 for each tobacco death: health campaigners.",Reliable,PUBHEALTH,Health News,claim,dataset_label,data/raw/pubhealth,1699,Kate Kelland,en
CANCER BREAKTHROUGH: PERSONALIZED MELANOMA VACCINES ‘SAFE AND EFFECTIVE’ IN FIRST HUMAN CLINICAL TRIALS,Reliable,PUBHEALTH,"immunotherapy,melanoma,vaccine",claim,dataset_label,data/raw/pubhealth,9495,"Chioma Ihekweazu, PhD, MPH,Mandy Stahre, PhD,Kathlyn Stone",en
"South Asia coronavirus cases hit 22,000 as Maldives locks down capital.",Reliable,PUBHEALTH,Health News,claim,dataset_label,data/raw/pubhealth,8404,"Sanjeev Miglani, Mohamed Junayd",en
Doctors removed 526 tooth-like structures from a child's mouth in India.,Reliable,PUBHEALTH,Medical,claim,dataset_label,data/raw/pubhealth,27056,Dan Evon,en
"Portugal's coronavirus cases grow, half a million workers at risk of lay off.",Reliable,PUBHEALTH,Health News,claim,dataset_label,data/raw/pubhealth,8634,Catarina Demony,mixed
More research labs are retiring monkeys when studies finish.,Reliable,PUBHEALTH,"AP Top News, Wisconsin, Health, General News, Science, Primates, Monkeys, U.S. News",claim,dataset_label,data/raw/pubhealth,3636, Carrie Antlfinger,en
"When Jeb (Bush) was governor, his first four years as governor, his Medicaid program grew twice as fast as mine.",Reliable,PUBHEALTH,"National, Health Care, State Budget, John Kasich, ",claim,dataset_label,data/raw/pubhealth,14592,Jon Greenberg,en
"""Nancy Pelosi said """"Congress shall not vote remotely because it is not secure!"""" while also saying that “Americans should all vote for president by mail!”""",Misinformation,PUBHEALTH,"Congress, Elections, Technology, Coronavirus, Facebook posts, ",claim,dataset_label,data/raw/pubhealth,26236,Tom Kertscher,en
"Facebook post Says imposters in hazmat suits are going door to door in Stockton, Calif., saying they are checking residents for fever or COVID-19, but they “will enter your home and physically attempt robbery.”",Misinformation,PUBHEALTH,"Crime, Facebook Fact-checks, Coronavirus, Facebook posts, ",claim,dataset_label,data/raw/pubhealth,26580,Tom Kertscher,en
The bitter almond tree was banned in America in 1995 because it treats and prevents cancer.,Misinformation,PUBHEALTH,"Medical, cancer",claim,dataset_label,data/raw/pubhealth,32562,Snopes Staff,en
"""Adorable Drug Kingpin"""" Sarah Furay avoided charges due to her father's connection to the DEA.""",Misinformation,PUBHEALTH,"Crime, america first news, death and taxes, drug enforcement agency",claim,dataset_label,data/raw/pubhealth,29336,Dan Evon,en
Gravity-defying workouts lift fitness routines.,Reliable,PUBHEALTH,Health News,claim,dataset_label,data/raw/pubhealth,2650,Dorene Internicola,en
Eighty percent of the antibiotics in this country are fed to livestock.,Reliable,PUBHEALTH,"Environment, Agriculture, National, Animals, Consumer Safety, Drugs, Food Safety, Public Health, Science, Louise Slaughter, ",claim,dataset_label,data/raw/pubhealth,17823,Becky Bowers,en
Quarantines at 2 LA universities amid US measles outbreak.,Reliable,PUBHEALTH,"Los Angeles, University of California, Health, Measles, North America, AP Top News, California, Travel, California State University, U.S. News, Public health",claim,dataset_label,data/raw/pubhealth,6936, Christopher Weber,tl
"The eRumor is a protest of the choice of Dr. David Hager to lead the U.S. Food and Drug Administration’s Reproductive Health Drugs Advisory Committee. It says he is a religious pro-life physician who refuses to prescribe contraceptives to unmarried women and opposes the use of RU-486, the pill that ends a pregnancy.",Reliable,PUBHEALTH,"Health / Medical, Medical",claim,dataset_label,data/raw/pubhealth,39142,  Rich Buhler & Staff  ,en
Duke University pays $112M to settle faked-research lawsuit.,Reliable,PUBHEALTH,"U.S. News, Health, Lawsuits, Durham, U.S. News, Duke University",claim,dataset_label,data/raw/pubhealth,7117, Emery P. Dalesio,en
Do EU summits need a health warning?.,Reliable,PUBHEALTH,Health News,claim,dataset_label,data/raw/pubhealth,1923,Dina Kyriakidou,en
Indonesia’s flooded capital disinfected to fend off disease.,Reliable,PUBHEALTH,"Monsoons, Health, Floods, General News, Indonesia, Jakarta, Asia Pacific",claim,dataset_label,data/raw/pubhealth,3653, Niniek Karmini,en
"""Male Brain"""" book sheds light on how men think.""",Reliable,PUBHEALTH,Health News,claim,dataset_label,data/raw/pubhealth,2133,Mark Egan,en
We are the only industrialized nation that relies heavily on a for-profit medical insurance industry to provide basic health care.,Reliable,PUBHEALTH,"National, Health Care, Dianne Feinstein, ",claim,dataset_label,data/raw/pubhealth,24181,Louis Jacobson,en
Pig-killing PEDv virus moves into Canada.,Reliable,PUBHEALTH,Health News,claim,dataset_label,data/raw/pubhealth,2813,"Rod Nickel, Meredith Davis",en
"Spanish austerity cuts put lives at risk, study finds.",Reliable,PUBHEALTH,Health News,claim,dataset_label,data/raw/pubhealth,2503,Kate Kelland,tl
"""Doug Muder Says Sen. Rand Paul’s 2011 budget """"included a big cut in the CDC.""",Reliable,PUBHEALTH,"Ebola, Federal Budget, Public Health, PunditFact, Doug Muder, ",claim,dataset_label,data/raw/pubhealth,16253,Jon Greenberg,en
"""A nineteenth-century British man named Edward Mordrake (also spelled """"Mordake"""") was born with a rare medical condition in the form of a extra face on the back of his head.""",Misinformation,PUBHEALTH,"Medical, craniofacial duplication, craniopagus parasiticus, Diprosopus",claim,dataset_label,data/raw/pubhealth,30837,David Emery,en
Marijuana goes legal in Washington state amid mixed messages.,Reliable,PUBHEALTH,Health News,claim,dataset_label,data/raw/pubhealth,2571,Laura L. Myers,en
Gates Foundation gives $1.5 bln for women's health.,Reliable,PUBHEALTH,Health News,claim,dataset_label,data/raw/pubhealth,2111,"Maggie Fox, Health, Science Editor",en
A groundbreaking study showing that algae can draw an alternative source of energy from other plants suggests that humans might be able to draw energy from each other in a similar way.,Misinformation,PUBHEALTH,"Science, algae, energy, prevent disease",claim,dataset_label,data/raw/pubhealth,32057,Alex Kasprak,en
India asks its states not to partner with Philip Morris-funded foundation.,Reliable,PUBHEALTH,Health News,claim,dataset_label,data/raw/pubhealth,276,Aditya Kalra,en
Librarians facing new tasks say crisis isn’t in the catalog.,Reliable,PUBHEALTH,"Mental health, Opioids, Health, General News, Homelessness, Libraries, New York, Poverty, U.S. News, Careers",claim,dataset_label,data/raw/pubhealth,4893, Ali Swenson,en
MD Anderson researchers find potential way to detect pancreatic cancer early,Misinformation,PUBHEALTH,pancreatic cancer,claim,dataset_label,data/raw/pubhealth,9777,"Kathlyn Stone,Kevin Lomangino",en
"Tax changes, mental health parity among new Connecticut laws.",Reliable,PUBHEALTH,"Ned Lamont, Mental health, Health, Connecticut, Sales taxes, Laws",claim,dataset_label,data/raw/pubhealth,3891, Susan Haigh,en
"""The Texas Senate """"approved a bill to put a special label on the insurance cards of anyone who bought a plan through Obamacare"""" that includes the letter """"S"""" for subsidy.""",Misinformation,PUBHEALTH,"Health Care, PunditFact, Al Sharpton, ",claim,dataset_label,data/raw/pubhealth,15537,Jon Greenberg,en
Huge! Results From Breaking Chloroquine Study Show 100% Cure Rate For Patients Infected With The Coronavirus.,Misinformation,PUBHEALTH,"Public Health, Facebook Fact-checks, Coronavirus, Facebook posts, ",claim,dataset_label,data/raw/pubhealth,26615,Tom Kertscher,en
"Hospital, family agree on moving brain-dead girl.",Reliable,PUBHEALTH,Health News,claim,dataset_label,data/raw/pubhealth,2935,Laila Kearney,en
"""A waiver in the American Health Care Act """"doesn’t apply to things like maternity coverage.""",Misinformation,PUBHEALTH,"Health Care, New York, John Faso, ",claim,dataset_label,data/raw/pubhealth,12375,Dan Clark,en
"Facebook post Says only certain face masks are effective and others, such as cloth masks, are not.",Misinformation,PUBHEALTH,"Public Health, Facebook Fact-checks, Coronavirus, Facebook posts, ",claim,dataset_label,data/raw/pubhealth,26295,Samantha Putterman,en
"Screenings miss half of diabetic, prediabetic patients",Misinformation,PUBHEALTH,"diabetes screening,Northwestern University",claim,dataset_label,data/raw/pubhealth,9010,"Alan Cassels,Virginia A. Moyer, MD,Kathlyn Stone",en
U.S. scientists join effort to solve mysterious vaping-related illnesses.,Reliable,PUBHEALTH,Health News,claim,dataset_label,data/raw/pubhealth,705,Julie Steenhuysen,en
Venezuela confirms coronavirus cases amid public health concerns.,Reliable,PUBHEALTH,Health News,claim,dataset_label,data/raw/pubhealth,8674,"Angus Berwick, Mariela Nava, Sarah Kinosian",en
"Battling exhaustion and trolls, Fauci says he’s OK.",Reliable,PUBHEALTH,"AP Top News, Technology, Anthony Fauci, General News, Politics, Health, Infectious diseases, Virus Outbreak",claim,dataset_label,data/raw/pubhealth,7423, Michael Balsamo And Aamer Madhani,en
"""Justine Damond became one of dozens of holistic doctors fighting """"Big Pharma"""" who suspiciously died.""",Misinformation,PUBHEALTH,"Uncategorized, health nut news, holistic doctors conspiracy, justine damond",claim,dataset_label,data/raw/pubhealth,31156,Bethania Palma,en
"In June 2017, the FDA announced it would be banning the use of triclosan in various products, including Colgate Total.",Misinformation,PUBHEALTH,"Medical, colgate, food and drug administration, toothpaste",claim,dataset_label,data/raw/pubhealth,29315,Dan MacGuill,en
"""Rand Paul """"wants us to pay $2,000 just to get Medicare.""",Reliable,PUBHEALTH,"National, Health Care, Medicare, Message Machine 2010, Jack Conway, ",claim,dataset_label,data/raw/pubhealth,23244,Louis Jacobson,en
Health panel: Millions of US kids should get hepatitis shot.,Reliable,PUBHEALTH,"Health, General News, Immunizations, Hepatitis",claim,dataset_label,data/raw/pubhealth,5739, Mike Stobbe,en
Whitmer: Care for injured drivers will ‘still be there’.,Reliable,PUBHEALTH,"Auto insurance, Health, Michigan, Legislation, Gretchen Whitmer",claim,dataset_label,data/raw/pubhealth,7241, David Eggert,en
Radiosurgery reduces depression and improves quality of life for patients with facial pain,Misinformation,PUBHEALTH,"Elsevier,facial pain,Radiosurgery",claim,dataset_label,data/raw/pubhealth,9125,"Alan Cassels,Steven J. Atlas, MD, MPH,Kathlyn Stone",en
"Paper: Old turf fields raise environmental, health concerns.",Reliable,PUBHEALTH,"Environment, Health, General News, Financial markets, Pennsylvania, York",claim,dataset_label,data/raw/pubhealth,6719," Candy Woodall, York Daily Record",en
Planned Parenthood picks Chinese-born doctor as new leader.,Reliable,PUBHEALTH,"Planned Parenthood, Health, Kavanaugh nomination, Abortion, Immigration, North America, International News, Asia Pacific, Sex education, Education",claim,dataset_label,data/raw/pubhealth,4888, David Crary,en
In order to sell insurance in Florida there are over 40 separate individual conditions that must be covered. ... far beyond the essential health benefits included in Obamacare.,Misinformation,PUBHEALTH,"Health Care, States, Florida, Marco Rubio, ",claim,dataset_label,data/raw/pubhealth,12256,Amy Sherman,en
No doctors who went to an American medical school will be accepting Obamacare.,Misinformation,PUBHEALTH,"National, Health Care, Pundits, Ann Coulter, ",claim,dataset_label,data/raw/pubhealth,17816,Louis Jacobson,en
‘No human is limited’: Kipchoge runs sub-2 hour marathon.,Reliable,PUBHEALTH,"AP Top News, Roger Bannister, Health, Eliud Kipchoge, General News, Entertainment, Sports - Europe, Oddities, Lifestyle, Sports, Kenya, Olympic Games, Sports - Africa, Vienna",claim,dataset_label,data/raw/pubhealth,6179, Eric Willemsen,en
"In modernizing India, suicide is on the rise among young.",Reliable,PUBHEALTH,Health News,claim,dataset_label,data/raw/pubhealth,1741,"Andrew Macaskill, Tanya Ashreena",en
Petition seeks medical marijuana for ailing household pets.,Reliable,PUBHEALTH,"Medical marijuana, General News, Marijuana, Veterinary medicine, Pets, New Mexico",claim,dataset_label,data/raw/pubhealth,3584, Morgan Lee,en
"Migraine surgery produces 'dramatic improvements' in functioning, study finds",Misinformation,PUBHEALTH,"migraine surgery,Wolters Kluwer Health",claim,dataset_label,data/raw/pubhealth,9050,"Leah Rosenbaum,Susan Molchan, MD, MA,Kathlyn Stone",en
Rauner now plans to raze vet dorms where Legionnaires’ found.,Reliable,PUBHEALTH,"U.S. News, Quincy, Health, Legionnaires disease, Illinois, Disease outbreaks, U.S. News, Veterans, Bruce Rauner",claim,dataset_label,data/raw/pubhealth,5463, John O'Connor,en
Asheville police officers destroyed a medic tent and its supplies while enforcing a curfew during a protest against police brutality.,Reliable,PUBHEALTH,"Medical, George Floyd Protests",claim,dataset_label,data/raw/pubhealth,35423,Alex Kasprak,en
Female sex pill flops with U.S. advisers.,Reliable,PUBHEALTH,Health News,claim,dataset_label,data/raw/pubhealth,2108,Lisa Richwine,en
The U.S. Department of Justice admitted that the flu shot is the most dangerous vaccine in America.,Misinformation,PUBHEALTH,"Medical, vaccines",claim,dataset_label,data/raw/pubhealth,30003,Alex Kasprak,en
"Using his own 'metrics,' Trump says ending U.S. shutdown is biggest decision yet.",Reliable,PUBHEALTH,Health News,claim,dataset_label,data/raw/pubhealth,8531,Jeff Mason,en
A viral email claims that pricking a stroke victim’s fingers with a needle can indicate whether or not they are having a stroke and can reverse the effects of a stroke.,Misinformation,PUBHEALTH,Health / Medical,claim,dataset_label,data/raw/pubhealth,38975,  Rich Buhler & Staff  ,en
"With Trump rollback, school lunch could get more white bread.",Reliable,PUBHEALTH,"Nutrition, Vermont, Health, Politics, Oregon, Lifestyle, AP Top News, U.S. News",claim,dataset_label,data/raw/pubhealth,3561, Candice Choi,en
"""The CDC is """"spending money on things like jazzercise, urban gardening and massage therapy"""" that could be redirected to Ebola.""",Misinformation,PUBHEALTH,"National, Ebola, Health Care, Public Health, Cory Gardner, ",claim,dataset_label,data/raw/pubhealth,16293,Louis Jacobson,en
Paris child at risk of lead poisoning after Notre Dame fire.,Reliable,PUBHEALTH,"Lead poisoning, Paris, General News, Notre Dame Cathedral, Health, Poisoning, Europe, International News",claim,dataset_label,data/raw/pubhealth,3448,Associated Press,mixed
Second U.S. family urges change to children's organ transplant policy.,Reliable,PUBHEALTH,Health News,claim,dataset_label,data/raw/pubhealth,2505,Dan Kelley,en
"“Slime,” a do-it-yourself gooey craft project containing borax, white glue, and shaving cream, comes with serious health risks.",Misinformation,PUBHEALTH,"Medical, borax, slime",claim,dataset_label,data/raw/pubhealth,29358,Alex Kasprak,en
The mosquito population in South Florida is larger than it is in many other communities in the country.,Reliable,PUBHEALTH,"Environment, Public Health, Florida, Josh Earnest, ",claim,dataset_label,data/raw/pubhealth,13715,Joshua Gillin,en
The state of senior health: It depends on your state.,Reliable,PUBHEALTH,Health News,claim,dataset_label,data/raw/pubhealth,2306,Mark Miller,en
Workplace workouts can snag on stressful corporate culture.,Reliable,PUBHEALTH,Health News,claim,dataset_label,data/raw/pubhealth,1692,Dorene Internicola,en
"On cyclone-shattered island in Mozambique, shock and debris.",Reliable,PUBHEALTH,"Health, Cholera, Storms, Africa, International News, Mozambique",claim,dataset_label,data/raw/pubhealth,6032, Tsvangirayi Mukwazhi,en
The Environmental Protection Agency will allow new asbestos products to enter the market.,Reliable,PUBHEALTH,"Politics Environment, asbestos, carcinogen, environmental protection agency",claim,dataset_label,data/raw/pubhealth,28087,Alex Kasprak,en
Novartis drug cut death risk by 35 percent in gene mutation breast cancer,Misinformation,PUBHEALTH,breast cancer,claim,dataset_label,data/raw/pubhealth,9321,"Sue Rochman,Steven J. Atlas, MD, MPH,Joy Victory",en
"""Zika mosquitoes """"can’t catch me.""",Reliable,PUBHEALTH,"Global News Service, Public Health, Sports, Usain Bolt, ",claim,dataset_label,data/raw/pubhealth,14134,Linda Qiu,en
"Congo Ebola deaths surpass 1,000 as attacks on treatment centers go on.",Reliable,PUBHEALTH,Health News,claim,dataset_label,data/raw/pubhealth,1076,"Fiston Mahamba, Stephanie Nebehay",en
Pinterest to direct vaccine-related searches to health orgs.,Reliable,PUBHEALTH,"Technology, Media, General News, Social media, Health, Business, Measles",claim,dataset_label,data/raw/pubhealth,4021, Mae Anderson,en
A scientific study has concluded that “drinking young people’s blood” provides health and longevity benefits.,Misinformation,PUBHEALTH,"Medical, blood",claim,dataset_label,data/raw/pubhealth,30165,Alex Kasprak,en
"Science won't stop until it beats AIDS, says HIV pioneer.",Reliable,PUBHEALTH,Health News,claim,dataset_label,data/raw/pubhealth,1619,Kate Kelland,en
"Nigeria orders 14-day cessation of movement in Lagos, Abuja to fight coronavirus.",Reliable,PUBHEALTH,Health News,claim,dataset_label,data/raw/pubhealth,8022,Alexis Akwagyiram,en
"We understand that this heroin is primarily coming from Mexico, over the border.",Reliable,PUBHEALTH,"Ohio, Drugs, Rob Portman, ",claim,dataset_label,data/raw/pubhealth,14461,Nadia Pflaum,en
Study Raises Questions About Stents in Some Heart Patients,Reliable,PUBHEALTH,"angina,heart disease,stent",claim,dataset_label,data/raw/pubhealth,9443,"Jill U. Adams,Christopher Labos, MD,Joy Victory",en
"Sankey talks link between sports gambling, mental health.",Reliable,PUBHEALTH,"Georgia, Mental health, College football, Sports, College sports, Gambling, Alabama, Health, Football",claim,dataset_label,data/raw/pubhealth,6081, John Zenor,en
Gene-edited baby claim by Chinese scientist sparks outrage.,Reliable,PUBHEALTH,"Bioethics, Hong Kong, Genetic Frontiers , Health, AP Top News, China, Science, Asia Pacific, U.S. News, International News",claim,dataset_label,data/raw/pubhealth,5772, Marilynn Marchione,en
General Mills has issued a massive recall for Gold Medal Flour because a suspected E. coli outbreak.,Reliable,PUBHEALTH,"Business, Food / Drink, Health / Medical",claim,dataset_label,data/raw/pubhealth,38547,  Rich Buhler & Staff  ,en
Fitting fitness inside the cubicle.,Reliable,PUBHEALTH,Health News,claim,dataset_label,data/raw/pubhealth,2655,Dorene Internicola,en
Reckitt to pay $1.4 billion to end U.S. opioid addiction treatment probes.,Reliable,PUBHEALTH,Health News,claim,dataset_label,data/raw/pubhealth,265,"Noor Zainab Hussain, Pushkala Aripaka, Nate Raymond",en
Governor: Wisconsin must ‘step up’ after school shootings.,Reliable,PUBHEALTH,"Legislature, Shootings, Wisconsin, Mental health, Health, General News, School shootings, U.S. News",claim,dataset_label,data/raw/pubhealth,3904, Scott Bauer,en
Individuals with mental illnesses die an average of 25 years earlier than those without a mental illness.,Reliable,PUBHEALTH,"Ohio, Health Care, Medicaid, Terry Russell, ",claim,dataset_label,data/raw/pubhealth,18939,Tom Feran,en
"Lexicon Pharma to cut 45 percent of workforce, CEO to leave.",Reliable,PUBHEALTH,Health News,claim,dataset_label,data/raw/pubhealth,2885,Vrinda Manocha,en
Explainer: What the U.S. funds freeze could mean for WHO and its work.,Reliable,PUBHEALTH,Health News,claim,dataset_label,data/raw/pubhealth,8453,"Stephanie Nebehay, Kate Kelland",en
"A clause hidden in the Obamacare bill, which is now law, gives Obama the right to form a private army.",Misinformation,PUBHEALTH,"National, Health Care, Military, Victoria Jackson, ",claim,dataset_label,data/raw/pubhealth,21699,Angie Drobnic Holan,en
Exposure to secondhand marijuana smoke will get you high and potentially show up in a drug test.,Reliable,PUBHEALTH,"Medical, marijuana, second hand smoke",claim,dataset_label,data/raw/pubhealth,28122,Alex Kasprak,en
"""Trade deals threaten """"India’s role as the pharmacy of the developing world"""" for new HIV medicines.""",Reliable,PUBHEALTH,"Global News Service, Public Health, Trade, Doctors Without Borders, ",claim,dataset_label,data/raw/pubhealth,13734,Jon Greenberg,en
Could anyone have stopped gene-edited babies experiment?.,Reliable,PUBHEALTH,"AP Top News, University of California, Hong Kong, United States, Genetic Frontiers, Health, California, Science, Stanford University, Asia Pacific, U.S. News, Technology, International News",claim,dataset_label,data/raw/pubhealth,6937, Marilynn Marchione And Christina Larson,en
"In a 24/7 food culture, periodic fasting gains followers.",Reliable,PUBHEALTH,"AP Top News, Health, General News, Weekend Reads",claim,dataset_label,data/raw/pubhealth,3147, Candice Choi,en
First gene therapy — ‘a true living drug’ — on the cusp of FDA approval,Reliable,PUBHEALTH,"cancer,FDA,gene therapy,immunotherapy,leukemia",claim,dataset_label,data/raw/pubhealth,9492,"Matt Shipman,Steven J. Atlas, MD, MPH,Joy Victory",en
Opioid epidemic has addiction revealed in obituaries.,Reliable,PUBHEALTH,"Scranton, Health, Obituaries, Epidemics",claim,dataset_label,data/raw/pubhealth,5160," Clayton Over, The (Scranton) Times-Tribune",en
U.S. pig virus cases see biggest weekly rise since PEDv found.,Reliable,PUBHEALTH,Health News,claim,dataset_label,data/raw/pubhealth,2771,Meredith Davis,en
Republicans lack votes _ and appetite _ to end ‘Obamacare’.,Reliable,PUBHEALTH,"Steve Scalise, John Cornyn, AP Top News, Health, Statutes, Politics, North America, John McCain, Business, Arizona, Elections, Michael Pence, Barack Obama",claim,dataset_label,data/raw/pubhealth,4775, Alan Fram,en
Daughter’s addiction changed former officer’s perspective.,Reliable,PUBHEALTH,"Health, Hagerstown, Heroin addiction",claim,dataset_label,data/raw/pubhealth,5613, Jim Mcconville,en
"Hank Gilbert Says the Texas Department of Agriculture seeks to purchase up to 300,000 promotional stress balls.",Reliable,PUBHEALTH,"Economy, Health Care, Texas, Hank Gilbert, ",claim,dataset_label,data/raw/pubhealth,23234,W. Gardner Selby,en
"Newly Published Results Show Investigational Treatment Brexanolone Consistently Reduced Depressive Symptoms Across Three Postpartum Depression Trials, Supporting Submission for FDA Approval",Reliable,PUBHEALTH,Academic medical center news release,claim,dataset_label,data/raw/pubhealth,11217,"Sally James,Kathleen Fairfield, MD, DrPH,Kathlyn Stone",en
Oklahoma judge reduces Johnson & Johnson opioid payout to $465 million.,Reliable,PUBHEALTH,Health News,claim,dataset_label,data/raw/pubhealth,62,"Nate Raymond, Jonathan Stempel",en
Light therapy effectively treats early prostate cancer,Misinformation,PUBHEALTH,"active surveillance,prostate cancer",claim,dataset_label,data/raw/pubhealth,9217,"Mary Chris Jaklevic,Richard Hoffman, MD,Kevin Lomangino",en
New provisions of the health care law bar the use of flexible spending accounts and health savings accounts to pay for aspirin and other non-prescription health needs.,Reliable,PUBHEALTH,"Health Care, Virginia, Pat Mullins, ",claim,dataset_label,data/raw/pubhealth,22784,Wes Hester,en
"Multiple studies “all said for decades, masks do not work with viruses.”",Misinformation,PUBHEALTH,"North Carolina, Coronavirus, Dan Forest, ",claim,dataset_label,data/raw/pubhealth,25982,Paul Specht,en
A meme documents U.S. President Donald Trump's statements about the COVID-19 pandemic in March 2020.,Reliable,PUBHEALTH,"Politics, COVID-19",claim,dataset_label,data/raw/pubhealth,35185,David Mikkelson,en
Temple researchers reverse cognitive impairments in mice with dementia,Misinformation,PUBHEALTH,Temple University Health System,claim,dataset_label,data/raw/pubhealth,8992,"Joann Rodgers, MS,Harold J. DeMonaco, MS,Kathlyn Stone",en
Face masks may be 'new normal' in post-virus life as U.S. prepares gradual reopening.,Reliable,PUBHEALTH,Health News,claim,dataset_label,data/raw/pubhealth,8298,"Maria Caspani, Jessica Resnick-Ault",mixed
Cuban doctors proud to risk lives in mission to halt Ebola.,Reliable,PUBHEALTH,Health News,claim,dataset_label,data/raw/pubhealth,1769,Daniel Trotta,en
Stocks plunge to 8-month lows on growth fears; J&J nosedives.,Reliable,PUBHEALTH,"European Union, AP Top News, Technology, North America, Financial markets, Health, Business, China, Economy, Europe, Euro",claim,dataset_label,data/raw/pubhealth,6378, Marley Jay,en
"WHO to tackle alcohol misuse, binge drinking.",Reliable,PUBHEALTH,Health News,claim,dataset_label,data/raw/pubhealth,2121,Stephanie Nebehay,en
Nutrition Hub starts a nutrition bar craze in Memphis area.,Reliable,PUBHEALTH,"Health, Nutrition, Memphis",claim,dataset_label,data/raw/pubhealth,3567, Jennifer Chandler,en
Viral image Says Anthony Fauci “is married to Ghislaine Maxwell’s sister.”,Misinformation,PUBHEALTH,"Crime, Facebook Fact-checks, Coronavirus, Viral image, ",claim,dataset_label,data/raw/pubhealth,25997,Ciara O'Rourke,en
Sanofi and Regeneron cut list price of cholesterol drug by 60 percent.,Reliable,PUBHEALTH,Health News,claim,dataset_label,data/raw/pubhealth,393,Michael Erman,en
Johnson tells UK: Stay apart or face tougher coronavirus measures.,Reliable,PUBHEALTH,Health News,claim,dataset_label,data/raw/pubhealth,8252,"Andy Bruce, Elizabeth Howcroft",en
The shadow of SARS: China learned the hard way how to handle an epidemic.,Reliable,PUBHEALTH,Health News,claim,dataset_label,data/raw/pubhealth,8918,David Stanway,en
The costs of cancer and all affiliated issues are over $20 billion a year to this state.,Reliable,PUBHEALTH,"Health Care, Texas, Jim Keffer, ",claim,dataset_label,data/raw/pubhealth,22242,Meghan Ashford-Grooms,en
"""The WIC program """"is an incredibly cost effective program, serving nearly 10 million Americans each year and costing less than $100 per person. In my district, more than 18 percent of residents suffer from food insecurity and depend on WIC to make ends meet.""",Misinformation,PUBHEALTH,"Rhode Island, Children, Federal Budget, Health Care, Poverty, Women, Taxes, David Cicilline, ",claim,dataset_label,data/raw/pubhealth,21861,C. Eugene Emery Jr.,en
Merck's anti-blood clot drug should be approved: FDA review.,Reliable,PUBHEALTH,Health News,claim,dataset_label,data/raw/pubhealth,2886,Toni Clarke,en
Trump says he is holding big Pharma accountable in opioid fight.,Reliable,PUBHEALTH,Health News,claim,dataset_label,data/raw/pubhealth,1094,Roberta Rampton,en
Missouri bill would bar discrimination for not vaccinating.,Reliable,PUBHEALTH,"Immunizations, Health, Discrimination, Missouri, Jefferson City, Disease outbreaks",claim,dataset_label,data/raw/pubhealth,5449, Summer Ballentine,en
Using Vegetable Oils to Lower Cholesterol May Not Improve Longevity,Reliable,PUBHEALTH,"British Medical Journal,heart attacks,prevention,saturated fats",claim,dataset_label,data/raw/pubhealth,9657,"Sally James,Dan Mayer, MD,Joy Victory",mixed
Big pharmacies knock on door of oil-rich North Dakota.,Reliable,PUBHEALTH,Health News,claim,dataset_label,data/raw/pubhealth,1795,Ernest Scheyder,en
Active duty males in the military are twice as likely to develop prostate cancer than their civilian counterparts.,Reliable,PUBHEALTH,"Health Care, Military, Florida, Cliff Stearns, ",claim,dataset_label,data/raw/pubhealth,21680,Bill Thompson,en
Vaping illness death count surpasses 50 in US.,Reliable,PUBHEALTH,"U.S. News, Health, General News, Marijuana, Vaping",claim,dataset_label,data/raw/pubhealth,3766, Mike Stobbe,en
When the UK leaves the EU we won’t be sending vast amounts of money to the EU every year.,Misinformation,PUBHEALTH,health,claim,dataset_label,data/raw/pubhealth,41642,Claire Milne,en
"As quality control violations rise, FDA chief heads to India.",Reliable,PUBHEALTH,Health News,claim,dataset_label,data/raw/pubhealth,2733,Toni Clarke,en
Medical cannabis significantly safer for elderly with chronic pain than Opioids,Misinformation,PUBHEALTH,"Ben-Gurion University of the Negev,chronic pain,medical cannabis",claim,dataset_label,data/raw/pubhealth,9036,"Michael Joyce, MD,Steven J. Atlas, MD, MPH,Kathlyn Stone",en
Fecal transplant effective against immunotherapy-induced colitis,Misinformation,PUBHEALTH,Academic medical center news release,claim,dataset_label,data/raw/pubhealth,10161,"Sharon Dunwoody, PhD,Andrae Vandross, MD,Kathlyn Stone",en
"MD lawmakers, officials, union meet on staffing shortages.",Reliable,PUBHEALTH,"Appropriations, Health, Annapolis, General News, Maryland, Injuries",claim,dataset_label,data/raw/pubhealth,3532, Elliott Davis,en
Budget deal advances VA private care program backed by Trump.,Reliable,PUBHEALTH,"Government spending, Health care reform, General News, Politics, Health, Business, Bills, Veterans, Veterans affairs, Donald Trump",claim,dataset_label,data/raw/pubhealth,3082, Hope Yen,en
"Medical marijuana user, 78, evicted from subsidized housing.",Reliable,PUBHEALTH,"Medical marijuana, Health, Marijuana, North America, Niagara Falls",claim,dataset_label,data/raw/pubhealth,5759, Carolyn Thompson,en
"Less beef, more beans. Experts say world needs a new diet.",Reliable,PUBHEALTH,"Health, Nutrition, AP Top News, Agriculture, Environment",claim,dataset_label,data/raw/pubhealth,3568, Candice Choi,en
US doctor who survived Ebola honored for service in Liberia.,Reliable,PUBHEALTH,"Liberia, Epidemics, Guinea, Sierra Leone, Africa, Monrovia, West Africa, U.S. News, Health, Massachusetts",claim,dataset_label,data/raw/pubhealth,4285, Philip Marcelo,en
"""Jeanne Shaheen Says Scott Brown """"co-sponsored legislation to let employers deny women coverage for birth control.""",Reliable,PUBHEALTH,"New Hampshire, Health Care, Legal Issues, Women, Jeanne Shaheen, ",claim,dataset_label,data/raw/pubhealth,16345,Louis Jacobson,en
"Facebook post Says Gov. Tony Evers “is proposing a new plan, a 150 day shutdown of the state (5 MONTHS!) followed by a 120 day extension.”",Misinformation,PUBHEALTH,"Public Health, Facebook Fact-checks, Wisconsin, Facebook posts, ",claim,dataset_label,data/raw/pubhealth,26280,Haley BeMiller,en
"""Multnomah County Says """"Your kid just ate 16 packs of sugar.""",Reliable,PUBHEALTH,"Oregon, County Government, Public Health, Multnomah County, ",claim,dataset_label,data/raw/pubhealth,19819,Janie Har,en
"Actually, on some procedures, you're more likely to die if you're on Medicaid than if you're uninsured.",Misinformation,PUBHEALTH,"Health Care, Medicaid, Florida, Michael Needham, ",claim,dataset_label,data/raw/pubhealth,12356,Amy Sherman,en
"""The Gates Foundation """"tested a polio vax in India between 2000 & 2017 and paralysed 496,000 children.""",Misinformation,PUBHEALTH,"Public Health, Facebook Fact-checks, Coronavirus, Facebook posts, ",claim,dataset_label,data/raw/pubhealth,26421,Daniel Funke,en
Malaysia turns to coronavirus antibody tests to supplement laboratory checks.,Reliable,PUBHEALTH,Health News,claim,dataset_label,data/raw/pubhealth,8484,"Rozanna Latiff, A. Ananthalakshmi",en
'Like a zombie apocalypse': Residents on edge as coronavirus cases surge in South Korea.,Reliable,PUBHEALTH,Health News,claim,dataset_label,data/raw/pubhealth,8670,"Hyonhee Shin, Sangmi Cha",en
"""If the coronavirus gets in your mouth, """"drinking water or other liquids will WASH them down through your esophagus and into the stomach. Once there in tummy ... your stomach ACID will kill all the virus.""",Misinformation,PUBHEALTH,"Public Health, Facebook Fact-checks, Coronavirus, Facebook posts, ",claim,dataset_label,data/raw/pubhealth,26704,Daniel Funke,en
We don't need a separate (prescription drug) database ... Pharmacies already have a database in place.,Misinformation,PUBHEALTH,"Drugs, Health Care, Public Health, Florida, Larry Ahern, ",claim,dataset_label,data/raw/pubhealth,22354,Aaron Sharockman,en
Paralyzed monkeys walk again with wireless 'brain-spine interface'.,Reliable,PUBHEALTH,Health News,claim,dataset_label,data/raw/pubhealth,1551,"Kate Kelland, Health, Science Correspondent",en
Brain training helped older adults stay sharp for years: study.,Reliable,PUBHEALTH,Health News,claim,dataset_label,data/raw/pubhealth,2890,Julie Steenhuysen,en
"Americans living longer, with unhealthy lifestyles: report.",Reliable,PUBHEALTH,Health News,claim,dataset_label,data/raw/pubhealth,2567,Peter Rudegeair,en
"""Kelly Alexander Says """"most"""" NC legislators are in the """"high risk age group"""" for coronavirus""",Reliable,PUBHEALTH,"North Carolina, Coronavirus, Kelly Alexander, ",claim,dataset_label,data/raw/pubhealth,26655,Paul Specht,en
"Over 214,000 doctors opt out of Obamacare exchanges.",Misinformation,PUBHEALTH,"National, Health Care, Chain email, ",claim,dataset_label,data/raw/pubhealth,16206,Steve Contorno,en
"“While all COVID-19 news has been going on, the U.S. Government has been sneakily trying to remove end-to-end encryption” which means “the government will be able to see all of your messages and listen to all of your calls.”",Misinformation,PUBHEALTH,"Legal Issues, Technology, Privacy Issues, Coronavirus, Instagram posts, ",claim,dataset_label,data/raw/pubhealth,26515,Patrick Orsagos,en
New breast cancer drug may be effective against other types of cancer,Misinformation,PUBHEALTH,"Academic medical center news release,Breast cancer,Cancer",claim,dataset_label,data/raw/pubhealth,11260,"Joann Rodgers, MS,Dan Mayer, MD,Kathlyn Stone",mixed
"Period Pain Drug Can Cure Alzheimer’s Disease, New Study Suggests",Misinformation,PUBHEALTH,"alzheimer's disease,mice studies",claim,dataset_label,data/raw/pubhealth,9584,"William Heisel,Ranit Mishori, MD, MHS, FAAFP,Joy Victory",en
Lack of exercise costs world $67.5 billion and 5 million lives a year.,Reliable,PUBHEALTH,Health News,claim,dataset_label,data/raw/pubhealth,1570,Kate Kelland,en
Vatican defends membership for theologian over abortion flap.,Reliable,PUBHEALTH,"Health, Europe, Religion, Vatican City, Bioethics",claim,dataset_label,data/raw/pubhealth,5773, Nicole Winfield,en
"Over 73% of all donations raised (from the ALS Ice Bucket Challenge) are going to fundraising, overhead, executive salaries, and external donations.",Misinformation,PUBHEALTH,"National, Disability, Health Care, Bloggers, ",claim,dataset_label,data/raw/pubhealth,16530,Louis Jacobson,en
"""Young women, """"account for a shocking 74% of all new HIV infections among adolescents in Africa.""",Reliable,PUBHEALTH,"Global News Service, Public Health, Justin Trudeau, ",claim,dataset_label,data/raw/pubhealth,13558,Joseph Cariz,en
"If you use a real Christmas tree, you run the risk of bringing Lyme disease-transmitting ticks into your home.",Misinformation,PUBHEALTH,"Medical, christmas, christmas tree, lyme disease",claim,dataset_label,data/raw/pubhealth,29411,Alex Kasprak,en
"Kenya, Ethiopia join expanding list of African states with coronavirus.",Reliable,PUBHEALTH,Health News,claim,dataset_label,data/raw/pubhealth,8677,"Duncan Miriri, Omar Mohammed",en
Medical marijuana farm blooms in conservative Chile.,Reliable,PUBHEALTH,Health News,claim,dataset_label,data/raw/pubhealth,1683,Rosalba O'Brien,en
Montana’s battle against opioid abuse shows progress.,Reliable,PUBHEALTH,"Montana, Prescription drugs, Opioids, Steve Bullock",claim,dataset_label,data/raw/pubhealth,3834, Amy Beth Hanson,en
"Steak is back on the menu, if a new red meat risk review is to be believed.",Reliable,PUBHEALTH,Health News,claim,dataset_label,data/raw/pubhealth,666,Kate Kelland,en
Trump remaking federal policy on women’s reproductive health.,Reliable,PUBHEALTH,"AP Top News, Health, Birth control, Abortion, Politics, North America, Government policy, Sex education, Education, Donald Trump",claim,dataset_label,data/raw/pubhealth,4817, Ricardo Alonso-Zaldivar And David Crary,en
"""A Penn State University study found that """"electronic cigarettes . . . are far less addictive than cigarettes.""",Reliable,PUBHEALTH,"Rhode Island, Children, Consumer Safety, Drugs, Legal Issues, Public Health, Public Safety, Recreation, Regulation, Science, Dino Baccari, ",claim,dataset_label,data/raw/pubhealth,15638,C. Eugene Emery Jr.,en
"""Cal Cunningham Says Sen. Thom Tillis voted to """"take away"""" coverage for people with pre-existing conditions.""",Reliable,PUBHEALTH,"Corrections and Updates, Health Care, Voting Record, North Carolina, Cal Cunningham, ",claim,dataset_label,data/raw/pubhealth,26778,Paul Specht,en
Zimbabwe’s government criticized over cholera outbreak.,Reliable,PUBHEALTH,"Cabinets, Health, Cholera, Africa, Epidemics, Zimbabwe, Non-governmental organizations, Government spending",claim,dataset_label,data/raw/pubhealth,4586, Farai Mutsaka,en
"No training, no gloves: Zimbabwe’s desperate childbirths.",Reliable,PUBHEALTH,"Financial markets, AP Top News, Harare, International News, General News, Africa, Health, Zimbabwe, Southern Africa",claim,dataset_label,data/raw/pubhealth,5469, Farai Mutsaka,en
World's first penis transplant patient to father a child.,Reliable,PUBHEALTH,Health News,claim,dataset_label,data/raw/pubhealth,2289,Wendell Roelf,en
"""The vice president of Pfizer said human papillomavirus vaccine Gardasil is """"deadly.""",Misinformation,PUBHEALTH,"Viral Phenomena, anti-vaccine, antivax, erin elizabeth",claim,dataset_label,data/raw/pubhealth,30559,Bethania Palma,en
COVID-19 could lose its epidemic status in the United States because of declining coronavirus death rates according to CDC data.,Misinformation,PUBHEALTH,"Medical, COVID-19",claim,dataset_label,data/raw/pubhealth,35596,Nur Ibrahim,en
'Hardest day': New York's Cuomo sees virus slowing despite record death toll.,Reliable,PUBHEALTH,Health News,claim,dataset_label,data/raw/pubhealth,8579,"Maria Caspani, Doina Chiacu",en
ColoradoCare would have higher revenues than McDonald’s.,Reliable,PUBHEALTH,"Colorado, Elections, Health Care, Colorado Health Institute, ",claim,dataset_label,data/raw/pubhealth,14196,Alan Gathright,en
"""A mother sued a hospital and claimed that a flu shot had """"turned"""" her son gay.""",Misinformation,PUBHEALTH,"Junk News, flu shot, gay, that viral feed",claim,dataset_label,data/raw/pubhealth,32204,Kim LaCapria,en
A photo shows a “Center for Global Population Reduction” at the Bill & Melinda Gates Foundation headquarters.,Misinformation,PUBHEALTH,"Public Health, Viral image, ",claim,dataset_label,data/raw/pubhealth,26371,Ciara O'Rourke,mixed
Suggests the flu shot was responsible for the death of a New York state senator.,Misinformation,PUBHEALTH," flu shot, influenza, vaccines, ",claim,dataset_label,data/raw/pubhealth,42088,Angelo Fichera,en
“Children don’t seem to be getting this virus”,Misinformation,PUBHEALTH,"Public Health, Wisconsin, Coronavirus, Janel Brandtjen, ",claim,dataset_label,data/raw/pubhealth,26247,Madeline Heim,en
Uganda: 9-year-old girl from Congo dies of Ebola.,Reliable,PUBHEALTH,"Travel, International News, General News, Africa, Health, Uganda, Ebola virus",claim,dataset_label,data/raw/pubhealth,5428, Rodney Muhumuza And Al-Hadji Kudra Maliro,en
Medicare will be bankrupt in nine years.,Misinformation,PUBHEALTH,"Ohio, Medicare, Pat Boone, ",claim,dataset_label,data/raw/pubhealth,20394,Tom Feran,en
Flu outbreak sickens over 30 migrants at border center.,Reliable,PUBHEALTH,"U.S. News, Health, Flu, McAllen, North America, Public health, Texas",claim,dataset_label,data/raw/pubhealth,5009, Colleen Long And Elliot Spagat,tl
Combination Chemo-Radiation Therapy May Help Preserve Larynx for Patients with Laryngeal Cancer,Misinformation,PUBHEALTH,"Cancer,Journal news release",claim,dataset_label,data/raw/pubhealth,10749,"Matt Shipman,Doug Campos-Outcalt, MD, MPA,Kathlyn Stone",mixed
"“Face masks being manufactured in China, for example, went to domestic consumption and their own fight against the virus” while the U.S. was “largely unable to import supplies from China.”",Misinformation,PUBHEALTH,"Florida, Coronavirus, Marco Rubio, ",claim,dataset_label,data/raw/pubhealth,26425,Amy Sherman,en
A machine-shop worker tore his scrotum in a piece of machinery and then stapled it back together.,Reliable,PUBHEALTH,"Medical, Emergency Room, Phallacies",claim,dataset_label,data/raw/pubhealth,28011,David Mikkelson,en
"‘Healthy Holly’, once lucrative, now bane of Baltimore mayor.",Reliable,PUBHEALTH,"U.S. News, Health, Business, Childrens books, Catherine Pugh, Maryland, U.S. News, Baltimore",claim,dataset_label,data/raw/pubhealth,7179, David Mcfadden,en
"Amid coronavirus pandemic, black mistrust of medicine looms.",Reliable,PUBHEALTH,"AP Top News, Race and ethnicity, Understanding the Outbreak, Health, General News, Lifestyle, Pandemics, Virus Outbreak, U.S. News",claim,dataset_label,data/raw/pubhealth,7319, Aaron Morrison And Jay Reeves,en
The U.S. government funded Mitch McConnell's care and rehabilitation when he had polio as a child.,Misinformation,PUBHEALTH,"Politics, death and taxes, healthcare, mitch mcconnell",claim,dataset_label,data/raw/pubhealth,31236,Dan MacGuill,en
Health tourism costs nearly £300 million on some estimates.,Reliable,PUBHEALTH,health-tourism,claim,dataset_label,data/raw/pubhealth,40838,Joseph O'Leary,en
Gene switch malfunctioning in chronic lung disease.,Reliable,PUBHEALTH,Health News,claim,dataset_label,data/raw/pubhealth,8754,Julie Steenhuysen,en
"The rate of accidental deaths from physicians is much higher than the accidental death rates for gun owners, meaning that doctors are more dangerous than guns.",Misinformation,PUBHEALTH,"Disinformation, Fact Checks, guns, Medical, Viral Content",claim,dataset_label,data/raw/pubhealth,37321,  Rich Buhler & Staff  ,en
Bone marrow stem cells could defeat drug-resistant tuberculosis.,Reliable,PUBHEALTH,Health News,claim,dataset_label,data/raw/pubhealth,2905,Kate Kelland,en
Jimmy Carter said that medical marijuana cured his cancer.,Misinformation,PUBHEALTH,"Junk News, cancer, jimmy carter, marijuana",claim,dataset_label,data/raw/pubhealth,33152,Dan Evon,en
"Global life expectancy rises again, but new challenges loom.",Reliable,PUBHEALTH,Health News,claim,dataset_label,data/raw/pubhealth,2336,Tom Miles,en
New Mexico seeks concussion safeguards for more youth sports.,Reliable,PUBHEALTH,"Youth sports, Health, General News, Sports, New Mexico, Injuries",claim,dataset_label,data/raw/pubhealth,6803, Morgan Lee,en
"After shaving her legs, a woman developed a life-threatening skin infection that required the removal of massive amounts of skin and muscle tissue.",Reliable,PUBHEALTH,"Medical, daily mail, flesh eating bacteria, necrotizing fasciitis",claim,dataset_label,data/raw/pubhealth,28124,Alex Kasprak,en
UAB Optometrist Improves Treatment and Care for Patients with Dry Eye,Misinformation,PUBHEALTH,Academic medical center news release,claim,dataset_label,data/raw/pubhealth,11521,"Dan Mayer, MD,Kathlyn Stone",en
Brian Kilmeade Says Colorado food stamp recipients can use ATMs to get cash to buy marijuana.,Misinformation,PUBHEALTH,"Drugs, Welfare, PunditFact, Marijuana, Brian Kilmeade, ",claim,dataset_label,data/raw/pubhealth,17467,Jon Greenberg,en
White House launches website aimed at addiction treatment.,Reliable,PUBHEALTH,"Opioids, Addiction treatment, Health, General News, Kellyanne Conway, Politics, Donald Trump",claim,dataset_label,data/raw/pubhealth,5233, Zeke Miller,tl
French conservatives protest bill allowing IVF for lesbians.,Reliable,PUBHEALTH,"Couples, Health, General News, France, Lifestyle, International News, Paris, Europe, In vitro fertilization",claim,dataset_label,data/raw/pubhealth,3649, Chris Den Hond And Angela Charlton,en
Could the new coronavirus weaken 'anti-vaxxers'?.,Reliable,PUBHEALTH,Health News,claim,dataset_label,data/raw/pubhealth,8527,Victoria Waldersee,en
Bariatric Surgery Helps Teens With Severe Obesity Reduce Heart Disease Risk,Reliable,PUBHEALTH,"bariatric surgery,weight loss",claim,dataset_label,data/raw/pubhealth,9421,"Mary Chris Jaklevic,Doug Campos-Outcalt, MD, MPA,Joy Victory",en
Malaria campaigners hopeful on drugs pricing deal.,Reliable,PUBHEALTH,Health News,claim,dataset_label,data/raw/pubhealth,8757,James Mackenzie,en
"California bows to beverage industry, blocks soda taxes.",Reliable,PUBHEALTH,"Legislature, Jerry Brown, Health, Sacramento, North America, California, Legislation, Local taxes, U.S. News, Obesity",claim,dataset_label,data/raw/pubhealth,4901, Jonathan J. Cooper,en
"Tequila fights viruses, aids weight loss, and is beneficial for people afflicted with gastrointestinal illness.",Misinformation,PUBHEALTH,"Medical, bad science, not actually a study, tequila",claim,dataset_label,data/raw/pubhealth,29429,Kim LaCapria,en
"After damaging Reuters report, J&J doubles down on talc safety message.",Reliable,PUBHEALTH,Health News,claim,dataset_label,data/raw/pubhealth,2163,"Mike Spector, Lisa Girion",en
Berkeley residents to vote on soda tax in November.,Reliable,PUBHEALTH,Health News,claim,dataset_label,data/raw/pubhealth,1837,Jennifer Chaussee,en
Scientists aim at joint injuries that can trigger arthritis.,Reliable,PUBHEALTH,"Medication, University of Iowa, Health, Arthritis, North America, Injuries",claim,dataset_label,data/raw/pubhealth,6534, Lauran Neergaard,mixed
CDC: Unvaccinated Oregon boy almost dies of tetanus.,Reliable,PUBHEALTH,"AP Top News, Immunizations, Tetanus, Health, Centers for Disease Control and Prevention, Oregon, North America, Infectious diseases, Portland, U.S. News",claim,dataset_label,data/raw/pubhealth,4120, Gillian Flaccus,en
Debra Stephens elected as new chief justice of Supreme Court.,Reliable,PUBHEALTH,"Cancer, Health, General News, Washington, Elections",claim,dataset_label,data/raw/pubhealth,4249, Rachel La Corte,en
Ebola vaccine hampered by deep distrust in eastern Congo.,Reliable,PUBHEALTH,"AP Top News, International News, Ebola virus, Public health, Africa, Health, Science, General News",claim,dataset_label,data/raw/pubhealth,5660, Krista Larson,en
Baseball and insurance are the only industries exempt from antitrust laws.,Misinformation,PUBHEALTH,"National, Baseball, Health Care, Americans United for Change, ",claim,dataset_label,data/raw/pubhealth,24487,Louis Jacobson,en
"The measles vaccine has killed 108 people in the last decade, while no one has died of measles.",Misinformation,PUBHEALTH,"Georgia, Health Care, Public Health, NaturalNews.com, ",claim,dataset_label,data/raw/pubhealth,15850,April Hunt,en
"""Under a proposed medical marijuana amendment in Florida, """"you don't get refills -- you get it forever.""",Misinformation,PUBHEALTH,"Florida Amendments, Health Care, Florida, Marijuana, Drug Free America, ",claim,dataset_label,data/raw/pubhealth,16550,Joshua Gillin,en
"WHO says new China coronavirus could spread, warns hospitals worldwide.",Reliable,PUBHEALTH,Health News,claim,dataset_label,data/raw/pubhealth,7660,Stephanie Nebehay,en
FDA rejects wider use of Amag anemia drug; shares slide.,Reliable,PUBHEALTH,Health News,claim,dataset_label,data/raw/pubhealth,2821,Vrinda Manocha,en
New York City Council mulls adding e-cigarettes to smoking ban.,Reliable,PUBHEALTH,Health News,claim,dataset_label,data/raw/pubhealth,7815,Curtis Skinner,en
“NYC man drops dead in middle of street — suspected coronavirus!”,Misinformation,PUBHEALTH,"Facebook Fact-checks, New York, Coronavirus, Bloggers, ",claim,dataset_label,data/raw/pubhealth,26697,Ciara O'Rourke,en
Children are “almost immune from this disease.”,Misinformation,PUBHEALTH,"Coronavirus, Donald Trump, ",claim,dataset_label,data/raw/pubhealth,25823,Amy Sherman,en
Raincoats and rubber boots for Pakistani aid workers in coronavirus fight.,Reliable,PUBHEALTH,Health News,claim,dataset_label,data/raw/pubhealth,8054,Syed Raza Hassan,en
3 sexually transmitted diseases hit new highs again in US.,Reliable,PUBHEALTH,"Health, Sexually transmitted diseases, General News, Syphilis",claim,dataset_label,data/raw/pubhealth,5833, Mike Stobbe,en
"Exclusive: While battling opioid crisis, U.S. government weighed using fentanyl for executions.",Reliable,PUBHEALTH,Health News,claim,dataset_label,data/raw/pubhealth,738,Jonathan Allen,en
A study has determined that Nutella brand spread includes a known carcinogen among its ingredients.,Misinformation,PUBHEALTH,"Medical, cancer, carcinogens, not actually a study",claim,dataset_label,data/raw/pubhealth,31806,Snopes Staff,en
Alzheimer's documentary 'Alive Inside' pushes for music therapy.,Reliable,PUBHEALTH,Health News,claim,dataset_label,data/raw/pubhealth,1811,Eric Kelsey,en
Treadmill classes mix it up with workhorse of the gym.,Reliable,PUBHEALTH,Health News,claim,dataset_label,data/raw/pubhealth,7819,Dorene Internicola,en
Investors await data on coronavirus drugs as market rally builds.,Reliable,PUBHEALTH,Health News,claim,dataset_label,data/raw/pubhealth,8337,Lewis Krauskopf,en
South Korean churchgoers scuffle with police as virus curbs on gatherings kick in.,Reliable,PUBHEALTH,Health News,claim,dataset_label,data/raw/pubhealth,8149,Hyonhee Shin,en
"""We are seeing dramatic rate cuts"""" to Medicare that will affect seniors’ ability to keep their doctor, hospital and prevention services.""",Misinformation,PUBHEALTH,"Medicare, Florida, Rick Scott, ",claim,dataset_label,data/raw/pubhealth,17307,Amy Sherman,en
"""A letter was written by F. Scott Fitzgerald in 1920 while the author was quarantined in France during the """"Spanish influenza"""" pandemic.""",Misinformation,PUBHEALTH,"Humor, COVID-19",claim,dataset_label,data/raw/pubhealth,35345,Nur Ibrahim,en
Doctors prepare for deep dive into Las Vegas shooter’s brain.,Reliable,PUBHEALTH,"Shootings, Las Vegas mass shooting, International News, Stanford University, North America, Health, Forensics, Science, Stephen Paddock, Las Vegas, U.S. News",claim,dataset_label,data/raw/pubhealth,7138, Sally Ho,en
Safety measures to govern Legislature’s return to capital.,Reliable,PUBHEALTH,"Legislature, Michael Madigan, Health, General News, Virus Outbreak, Public health, Springfield, Illinois",claim,dataset_label,data/raw/pubhealth,7443, John O'Connor,en
Incumbent congressmen face GOP challengers on Election Day.,Reliable,PUBHEALTH,"Rhode Island, Health, Violence, Elections, Providence, David Cicilline, Prescription drugs, Gun violence, James Langevin",claim,dataset_label,data/raw/pubhealth,5942, Jennifer Mcdermott,en
Type 2 diabetes is not for life,Misinformation,PUBHEALTH,"low calorie diet,Newcastle University,Type 2 diabetes",claim,dataset_label,data/raw/pubhealth,9059,"Matt Shipman,Dan Mayer, MD,Kathlyn Stone",en
"“The blood test for coronavirus costs $3,200.”",Misinformation,PUBHEALTH,"Florida, Facebook Fact-checks, Coronavirus, Facebook posts, ",claim,dataset_label,data/raw/pubhealth,26755,Ciara O'Rourke,en
Stomach illness outbreak at Yosemite prompts major clean-up.,Reliable,PUBHEALTH,"Health, General News, Parks, National parks, Travel, Food services, U.S. News, Public health",claim,dataset_label,data/raw/pubhealth,2977,Associated Press,tl
"Spooked by sugar, Americans search for healthier Halloween treats.",Reliable,PUBHEALTH,Health News,claim,dataset_label,data/raw/pubhealth,1618,Luc Cohen,en
‘Shouting into the void’: Miscarriages color mom-to-be’s art.,Reliable,PUBHEALTH,"Milford, Health, Visual arts, North America, Pregnancy loss, U.S. News",claim,dataset_label,data/raw/pubhealth,7062, William J. Kole,en
VITAMIN D: SUPPLEMENT LINKED TO WEIGHT LOSS IN OVERWEIGHT AND OBESE CHILDREN,Misinformation,PUBHEALTH,"childhood obesity,Vitamin D",claim,dataset_label,data/raw/pubhealth,9329,"Dave Mosher,Edward Ward, MD,Joy Victory",en
4th death in Mississippi prisons; judge says other prison OK.,Reliable,PUBHEALTH,"Mississippi, Prisons, Health, General News, U.S. News",claim,dataset_label,data/raw/pubhealth,3777, Jeff Amy And Emily Wagster Pettus,en
"UK changes course, allows epileptic boy to use cannabis oil.",Reliable,PUBHEALTH,"Legal Marijuana, Medical marijuana, Health, International News, London, Sajid Javid, Europe",claim,dataset_label,data/raw/pubhealth,6910, Gregory Katz,en
“No other country” is having a “second wave” of COVID-19 “because they are not trying to unseat a President in November.”,Misinformation,PUBHEALTH,"Elections, Public Health, Coronavirus, Facebook posts, ",claim,dataset_label,data/raw/pubhealth,25959,Tom Kertscher,en
"The Latin American “kissing bug” has infected people in the U.S. with Chagas disease, which is also called “the silent killer.”",Reliable,PUBHEALTH,Medical,claim,dataset_label,data/raw/pubhealth,40121,  Rich Buhler & Staff  ,en
This unit is the only one in the state that strives to implement the principles of Mother-Friendly care as outlined by the national Coalition for Improving Maternity Services Mother-Friendly Childbirth Initiative.,Misinformation,PUBHEALTH,"Rhode Island, Health Care, Coalition To Save Memorial Hospital Birthing Center, ",claim,dataset_label,data/raw/pubhealth,14392,Jacqueline Tempera,en
Italian with coronavirus in Nigeria was not isolated for almost 48 hours.,Reliable,PUBHEALTH,Health News,claim,dataset_label,data/raw/pubhealth,7947,"Alexis Akwagyiram, Camillus Eboh",en
Combo pill cuts blood pressure and heart risks.,Reliable,PUBHEALTH,Health News,claim,dataset_label,data/raw/pubhealth,8842,Julie Steenhuysen,en
Questions complicate efforts to contain new virus from China.,Reliable,PUBHEALTH,"AP Top News, Epidemics, General News, MERS, Flu, International News, China, Virus Outbreak, Asia Pacific, U.S. News, Health, United States",claim,dataset_label,data/raw/pubhealth,7534, Lauran Neergaard,en
"""Charlie Crist Says Rick Scott """"thinks employers should be able to deny women coverage for birth control.""",Reliable,PUBHEALTH,"Abortion, Health Care, Government Regulation, Supreme Court, Women, Florida, Charlie Crist, ",claim,dataset_label,data/raw/pubhealth,16493,Amy Sherman,en
"“During the flu pandemic of 1918, some cities lifted social distancing measures too fast, too soon, and created a second wave of pandemic.”",Reliable,PUBHEALTH,"States, Coronavirus, Gretchen Whitmer, ",claim,dataset_label,data/raw/pubhealth,26455,Amy Sherman,en
Fifty-three percent of teens in Central Falls are getting pregnant.,Misinformation,PUBHEALTH,"Rhode Island, Children, Economy, Education, Families, Health Care, Women, Lincoln Chafee, ",claim,dataset_label,data/raw/pubhealth,23817,C. Eugene Emery Jr.,en
"“N95 masks block few, if any” COVID-19 particles due to their size.",Misinformation,PUBHEALTH,"Health Care, Public Health, Wisconsin, Coronavirus, Facebook posts, ",claim,dataset_label,data/raw/pubhealth,26127,Eric Litke,en
Taking all the money of the top 1 percent wouldn’t keep Medicare going for three years.,Misinformation,PUBHEALTH,"Education, Health Care, Taxes, PunditFact, Neil Cavuto, ",claim,dataset_label,data/raw/pubhealth,14892,Jon Greenberg,en
The two worst counties for (Medicaid) fraud in the country -- not state -- are Dade and Broward county.,Reliable,PUBHEALTH,"Health Care, Crime, Florida, Ron Saunders, ",claim,dataset_label,data/raw/pubhealth,22668,Amy Sherman,en
"Trump bailed out Wall Street, but not Main Street.",Misinformation,PUBHEALTH,"Corrections and Updates, Financial Regulation, Small Business, Ad Watch, Coronavirus, Lincoln Project, ",claim,dataset_label,data/raw/pubhealth,26355,Louis Jacobson,en
No COVID-19 testing at home yet but quicker options coming.,Reliable,PUBHEALTH,"AP Top News, Understanding the Outbreak, Health, General News, Business, Virus Outbreak, U.S. News",claim,dataset_label,data/raw/pubhealth,7320, Matthew Perrone,tl
"AP sources: Travel ban to extend to United Kingdom, Ireland.",Reliable,PUBHEALTH,"AP Top News, Ireland, Health, Michael Pence, General News, Politics, Financial markets, Business, Travel, Virus Outbreak, Europe, Nancy Pelosi, U.S. News",claim,dataset_label,data/raw/pubhealth,7544," Andrew Taylor, Lisa Mascaro, Jill Colvin And Zeke Miller",en
"""A virtual """"walk"""" through the colon could detect cancer earlier""",Misinformation,PUBHEALTH,"colon cancer,colonoscopy,virtual colonoscopy",claim,dataset_label,data/raw/pubhealth,9774,"Euna Bodner, MS,Harold J. DeMonaco, MS,Kevin Lomangino",en
Does baby powder cause cancer? Another jury says yes.,Reliable,PUBHEALTH,"AP Top News, Cancer, New Jersey, Health, Ovarian cancer, Lifestyle, Business",claim,dataset_label,data/raw/pubhealth,4257, Linda A. Johnson,en
White House hopefuls target Trump on coronavirus response.,Reliable,PUBHEALTH,"Health, Ebola virus, Politics, Joe Biden, Public health, Election 2020, Elizabeth Warren, Pandemics, New York, Michael Pence, General News, Amy Klobuchar, Donald Trump",claim,dataset_label,data/raw/pubhealth,7503, Alexandra Jaffe,en
Twenty-five percent of our kids in foster care are there because their parents are involved in drugs.,Reliable,PUBHEALTH,"Children, Drugs, Poverty, Missouri, Vicky Hartzler, ",claim,dataset_label,data/raw/pubhealth,14855,Sean Nelson,en
"""Our new (health care) plans are up to 60% less expensive and better"""" than Obamacare.""",Misinformation,PUBHEALTH,"Health Care, Health Check, Donald Trump, ",claim,dataset_label,data/raw/pubhealth,26915,Julie Appleby,en
"""A photograph shows a flyer posted for an """"End the Lockdown Rally"""" in Staten Island.""",Reliable,PUBHEALTH,"Fauxtography, COVID-19",claim,dataset_label,data/raw/pubhealth,35283,David Mikkelson,en
The Food and Drug Administration (FDA) banned the sale of cannabidiol (CBD) oils because a drug company is interested in marketing them.,Misinformation,PUBHEALTH,"Uncategorized, alternative medicine, CBD, FDA",claim,dataset_label,data/raw/pubhealth,32859,Kim LaCapria,en
UN AIDS agency fires whistleblower after misconduct probe.,Reliable,PUBHEALTH,"Sexual misconduct, AP Top News, International News, General News, Health, United Nations, Europe",claim,dataset_label,data/raw/pubhealth,3477, Maria Cheng,en
Mount Sinai researcher identifies best practices for cochlear implant hearing preservation,Misinformation,PUBHEALTH,"cochlear implant,Mount Sinai Hospital",claim,dataset_label,data/raw/pubhealth,9127,"Alan Cassels,Alan Schroeder, MD,Kathlyn Stone",en
Obese have worse sexual health despite less sex.,Reliable,PUBHEALTH,Health News,claim,dataset_label,data/raw/pubhealth,2681,Kate Kelland,en
"""Marijuana is """"less toxic"""" than alcohol.""",Reliable,PUBHEALTH,"Drugs, Health Care, Florida, Marijuana, Marijuana Policy Project, ",claim,dataset_label,data/raw/pubhealth,18026,Rochelle Koff,en
Tutu urges regulated euthanasia after campaigner’s arrest.,Reliable,PUBHEALTH,"Desmond Tutu, Health, Africa, Arrests, South Africa, Euthanasia",claim,dataset_label,data/raw/pubhealth,5514, Christopher Torchia,en
Hoopsters put circus-inspired spin on cardio workout.,Reliable,PUBHEALTH,Health News,claim,dataset_label,data/raw/pubhealth,1818,Dorene Internicola,en
"Legislation, order aim to save Medicaid to Schools funding.",Reliable,PUBHEALTH,"Medicaid, General News, Legislation, Mental health, New Hampshire",claim,dataset_label,data/raw/pubhealth,3905, Holly Ramer,en
"Deployment of second Ebola vaccine would not be quick fix, experts warn.",Reliable,PUBHEALTH,Health News,claim,dataset_label,data/raw/pubhealth,881,"Fiston Mahamba, Kate Kelland, Aaron Ross",en
'Stay at home' New Zealand PM urges ahead of coronavirus lockdown.,Reliable,PUBHEALTH,Health News,claim,dataset_label,data/raw/pubhealth,8123,Praveen Menon,mixed
Less-invasive heart valve replacement tied to better quality of life,Misinformation,PUBHEALTH,surgery,claim,dataset_label,data/raw/pubhealth,9401,"Mary Chris Jaklevic,Richard Hoffman, MD,Joy Victory",en
"“According to the CDC, so far this year, Florida has had 1,762 deaths from COVID-19 and 5,185 from pneumonia. Average pneumonia deaths in Florida from 2013-2018 for the same time period are 918.”",Misinformation,PUBHEALTH,"Florida, Coronavirus, Facebook posts, ",claim,dataset_label,data/raw/pubhealth,26184,Amy Sherman,en
"‘This ain’t your mother’s marijuana,’ surgeon general says.",Reliable,PUBHEALTH,"AP Top News, Alex Azar, Health, General News, Marijuana, Politics, Science, Donald Trump",claim,dataset_label,data/raw/pubhealth,6676, Ricardo Alonso-Zaldivar,en
Rhode Island has the highest percentage of uninsured adults of any state in New England.,Reliable,PUBHEALTH,"Rhode Island, Economy, Health Care, Poverty, Marie Ghazal, ",claim,dataset_label,data/raw/pubhealth,22801,C. Eugene Emery Jr.,en
Ken Burns turns his attention to the Mayo Clinic.,Reliable,PUBHEALTH,"New York, Entertainment, Movies, North America, Health, Dalai Lama, Ken Burns",claim,dataset_label,data/raw/pubhealth,5410, Mark Kennedy,en
E-cigarettes: a burning question for U.S. regulators.,Reliable,PUBHEALTH,Health News,claim,dataset_label,data/raw/pubhealth,2412,Marina Lopes,en
Clinical Study Verifies HSRx OTC Drug Product For Joint Pain Delivers Faster And More Effective Treatment Results Than A Current Market Leading Product,Misinformation,PUBHEALTH,"HSRx Biopharmaceutical,joint pain",claim,dataset_label,data/raw/pubhealth,9232,"Sally James,A'ndrea Elyse Messer, MS, PhD,Kathlyn Stone",en
"In America, we pay, by far, the highest prices in the world for prescription drugs.",Reliable,PUBHEALTH,"National, Economy, Health Care, Bernie Sanders, ",claim,dataset_label,data/raw/pubhealth,14611,C. Eugene Emery Jr.,en
"I helped win one of the biggest private lawsuits against Medicare fraud in history. The government declined to pursue the case, so my firm did, and we recovered $324 million for taxpayers.",Reliable,PUBHEALTH,"Georgia, Health Care, Medicare, Stacey Evans, ",claim,dataset_label,data/raw/pubhealth,12305,Manuela Tobias,en
"“With retail, people are moving around and you don’t have as much a chance to spread the virus (as you do) when people are sitting or standing indoors” for long periods of time.",Reliable,PUBHEALTH,"Religion, North Carolina, Coronavirus, Roy Cooper, ",claim,dataset_label,data/raw/pubhealth,26206,Paul Specht,en
UK's Royal Mint making coronavirus protective gear for health staff.,Reliable,PUBHEALTH,Health News,claim,dataset_label,data/raw/pubhealth,7895,Elizabeth Howcroft,en
Best face forward: chin implants surge in popularity.,Reliable,PUBHEALTH,Health News,claim,dataset_label,data/raw/pubhealth,1852,Lauren Keiper,en
New York Governor sounds optimistic note as coronavirus numbers improve.,Reliable,PUBHEALTH,Health News,claim,dataset_label,data/raw/pubhealth,8385,"Maria Caspani, Nathan Layne",en
"""The children coming across the southern U.S. border """"were never examined after they got here and quarantined if they had a disease. They were just sent out across the country. Many of them had measles ... We now have an outbreak of it all because of our immigration policy.""",Misinformation,PUBHEALTH,"Immigration, Public Health, PunditFact, Rush Limbaugh, ",claim,dataset_label,data/raw/pubhealth,15938,Jon Greenberg,en
"In Wisconsin, only half of all the adults with serious psychological distress received mental health treatment or medication.",Reliable,PUBHEALTH,"Health Care, Public Health, State Budget, Wisconsin, Scott Walker, ",claim,dataset_label,data/raw/pubhealth,18667,Tom Kertscher,en
"Nurses must be protected from abuse during coronavirus pandemic: WHO, nursing groups.",Reliable,PUBHEALTH,Health News,claim,dataset_label,data/raw/pubhealth,8603,Stephanie Nebehay,en
A cannabis drug trial in France led to serious adverse effects in several subjects.,Misinformation,PUBHEALTH,"Uncategorized, biotrial, drug trial, france",claim,dataset_label,data/raw/pubhealth,29585,Kim LaCapria,en
Senate GOP leader would raise age for buying tobacco to 21.,Reliable,PUBHEALTH,"Tim Kaine, Health, Legislation, Politics, Kentucky, North America, Business, Mitch McConnell",claim,dataset_label,data/raw/pubhealth,4508, Alan Fram,en
Jimmy Carter cautions Democrats not to scare off moderates.,Reliable,PUBHEALTH,"Health care reform, Universal health care, North America, Environment, Immigration, Elections, Atlanta, Donald Trump, Jimmy Carter, Presidential elections",claim,dataset_label,data/raw/pubhealth,7201, Bill Barrow,en
"New hope for patients with incurable and disabling hand condition, Dupuytren's disease",Misinformation,PUBHEALTH,"Dupuytren's disease,University of Oxford",claim,dataset_label,data/raw/pubhealth,8983,"Michael Joyce, MD,Harold J. DeMonaco, MS,Kathlyn Stone",en
“Dr. Fauci: No reason to be wearing a mask.”,Misinformation,PUBHEALTH,"National, Facebook Fact-checks, Coronavirus, Facebook posts, ",claim,dataset_label,data/raw/pubhealth,25991,Sophie Austin,en
Amazon announced that it was suspending all deliveries except for medical supplies during the COVID-19 pandemic.,Misinformation,PUBHEALTH,"Business, COVID-19",claim,dataset_label,data/raw/pubhealth,35113,Dan Evon,en
“Gov. Wolf is not allowing companies that distribute U.S. flags to ship out orders to be placed at veteran’s graves for Memorial Day.”,Reliable,PUBHEALTH,"National, Coronavirus, Pennsylvania, Facebook posts, ",claim,dataset_label,data/raw/pubhealth,26282,Jessica Calefati,mixed
No longer sending money to the EU means we will have money to spend on priorities like the NHS.,Misinformation,PUBHEALTH,health,claim,dataset_label,data/raw/pubhealth,41641,Claire Milne,en
Mental illness alone not linked to violence.,Reliable,PUBHEALTH,Health News,claim,dataset_label,data/raw/pubhealth,2075,Kate Kelland,en
Insurers recoup obesity surgery cost in 2-4 years.,Reliable,PUBHEALTH,Health News,claim,dataset_label,data/raw/pubhealth,8756,Will Dunham,en
A photograph shows U.S. President Donald Trump wearing a protective face mask during a visit to a Ford manufacturing plant in spring 2020.,Reliable,PUBHEALTH,"Fauxtography, COVID-19",claim,dataset_label,data/raw/pubhealth,35435,Dan Evon,en
"""The Democrats propose """"a government-controlled health care plan that will deprive roughly 120 million Americans of their current health care coverage.""",Misinformation,PUBHEALTH,"National, Health Care, Mike Pence, ",claim,dataset_label,data/raw/pubhealth,24698,Angie Drobnic Holan,en
"Edwards reelected, black churches torched among top stories.",Reliable,PUBHEALTH,"Football, Super Bowl, New Orleans, New Orleans Saints, Medical marijuana, General News, NFL, Marijuana, Business, John Bel Edwards, Education, Louisiana",claim,dataset_label,data/raw/pubhealth,3057, Chevel Johnson,en
"The government are lifting the living wage by the biggest ever amount, up to £8.72, and it will go up to £10.50.",Reliable,PUBHEALTH,health,claim,dataset_label,data/raw/pubhealth,41719,Claire Milne,en
"""The Obama Health and Human Services Department is planning to compile a federal health record on all U.S. citizens by 2014,"""" including """"each individual’s Body Mass Index.""",Misinformation,PUBHEALTH,"National, Health Care, Privacy Issues, Ann Marie Buerkle, ",claim,dataset_label,data/raw/pubhealth,23483,Louis Jacobson,en
Drug for narcolepsy could help food addicts lose weight,Misinformation,PUBHEALTH,"modafinil,obesity,University of Warwick",claim,dataset_label,data/raw/pubhealth,9220,"Earle Holland,Susan Molchan, MD, MA,Kathlyn Stone",en
VA says it won’t stop use of unproven drug on vets for now.,Reliable,PUBHEALTH,"Understanding the Outbreak, Malaria, Technology, General News, Politics, Health, Robert Wilkie, Virus Outbreak, Veterans, Veterans affairs, Donald Trump",claim,dataset_label,data/raw/pubhealth,7337, Hope Yen,en
The government must have planned the coronavirus pandemic because the coronavirus relief bill had been introduced three years earlier.,Misinformation,PUBHEALTH,"Congress, Facebook Fact-checks, Coronavirus, Facebook posts, ",claim,dataset_label,data/raw/pubhealth,26404,Louis Jacobson,en
Wisconsin is “clearly seeing a decline in COVID infections”,Misinformation,PUBHEALTH,"Health Care, Public Health, Wisconsin, Coronavirus, Wisconsin Republican Legislative leaders, ",claim,dataset_label,data/raw/pubhealth,26440,Eric Litke,en
FDA pinpoints contaminant in Baxter's heparin.,Reliable,PUBHEALTH,Health News,claim,dataset_label,data/raw/pubhealth,8861,Lisa Richwine,en
“At UNC 14% of students tested positive.”,Misinformation,PUBHEALTH,"North Carolina, Coronavirus, Chris Murphy, ",claim,dataset_label,data/raw/pubhealth,25724,Paul Specht,mixed
The Ryan budget gets rid of Medicare in 10 years and turns it into a voucher program.,Misinformation,PUBHEALTH,"Rhode Island, Health Care, Medicare, Sheldon Whitehouse, ",claim,dataset_label,data/raw/pubhealth,19080,C. Eugene Emery Jr.,en
"""Under the new health care law, """"the first person (a) patient has to go to is a bureaucrat. That is called a panel.""",Misinformation,PUBHEALTH,"National, Health Care, Message Machine 2010, John Raese, ",claim,dataset_label,data/raw/pubhealth,23167,Louis Jacobson,en
"Hurricane’s death toll in Puerto Rico put at nearly 3,000.",Reliable,PUBHEALTH,"AP Top News, Puerto Rico, Ricardo Rossello, Latin America, Caribbean, Health, George Washington University, Hurricanes, U.S. News",claim,dataset_label,data/raw/pubhealth,6188, Danica Coto,mixed
"""Members of Congress """"specifically exempted themselves from many of the laws they have passed, such as being exempt from any fear of prosecution for sexual harassment"""" ... (and) from the healthcare reform.""",Misinformation,PUBHEALTH,"Ohio, Congress, Health Care, Chain email, ",claim,dataset_label,data/raw/pubhealth,18890,Tom Feran,en
"""The economic stimulus bill created a council that's """"modeled after the national board that controls Britain’s health system.""",Misinformation,PUBHEALTH,"National, Health Care, Stimulus, Conservatives for Patients' Rights, ",claim,dataset_label,data/raw/pubhealth,24708,Angie Drobnic Holan,en
"Dan Patrick Says for the coronavirus, “the death rate in Texas, per capita of 29 million people, we're one of the lowest in the country.",Reliable,PUBHEALTH,"Texas, Coronavirus, Dan Patrick, ",claim,dataset_label,data/raw/pubhealth,26556,Madlin Mekelburg,en
Why didn't (uninsured Americans) buy insurance? Because of the expense.,Reliable,PUBHEALTH,"National, Health Care, Poverty, Rand Paul, ",claim,dataset_label,data/raw/pubhealth,18041,Louis Jacobson,en
Ron Paul Says Anthony Fauci’s statement that the coronavirus death rate is 10 times that of the seasonal flu is “a claim without any scientific basis.,Misinformation,PUBHEALTH,"Corrections and Updates, Public Health, Texas, Facebook Fact-checks, PunditFact, Coronavirus, Ron Paul, ",claim,dataset_label,data/raw/pubhealth,26648,Tom Kertscher,en
Vaccine group announces creation of Ebola vaccine stockpile.,Reliable,PUBHEALTH,"Health, General News, Africa, International News, United Nations, Melinda Gates, Ebola virus",claim,dataset_label,data/raw/pubhealth,5662, Maria Cheng,en
Who gets the ventilator? British doctors contemplate harrowing coronavirus care choices.,Reliable,PUBHEALTH,Health News,claim,dataset_label,data/raw/pubhealth,8029,"Stephen Grey, Andrew Macaskill",en
A 2007 study showed burning sage kills 94% of bacteria.,Misinformation,PUBHEALTH,"Science, COVID-19",claim,dataset_label,data/raw/pubhealth,35590,Madison Dapcevich,en
"To Prevent Infection After C-Section, Chlorhexidine Better Than Iodine",Reliable,PUBHEALTH,"Academic medical center news release,pregnancy,Women's health",claim,dataset_label,data/raw/pubhealth,11252,"Sally James,Doug Campos-Outcalt, MD, MPA,Kathlyn Stone",en
"French implant boss released, faces bodily harm charge.",Reliable,PUBHEALTH,Health News,claim,dataset_label,data/raw/pubhealth,2653,Jean-Fran&Ccedil,en
"""Rebecca Kleefisch Says """"Tom Barrett supports a government takeover of our health care""",Misinformation,PUBHEALTH,"Health Care, Message Machine 2010, Wisconsin, Rebecca Kleefisch, ",claim,dataset_label,data/raw/pubhealth,23187,Dave Umhoefer,en
Newborn syphilis cases in US reach highest level in 20 years.,Reliable,PUBHEALTH,"Health, Sexually transmitted diseases, Syphilis",claim,dataset_label,data/raw/pubhealth,5842, Mike Stobbe,en
Governors interested in regional approach for vaping rules.,Reliable,PUBHEALTH,"Rhode Island, Ned Lamont, Charlie Baker, Health, Gina Raimondo, Providence, Connecticut, Massachusetts, Vaping, General News",claim,dataset_label,data/raw/pubhealth,3507, Jennifer Mcdermott,en
Jets’ Claiborne a happy father after newborn’s health scare.,Reliable,PUBHEALTH,"NFL football, Health, Morris Claiborne, North America, New York Jets, Football",claim,dataset_label,data/raw/pubhealth,5865, Dennis Waszak Jr.,en
Russian regions join coronavirus lockdown as toll rises.,Reliable,PUBHEALTH,Health News,claim,dataset_label,data/raw/pubhealth,8657,"Maxim Rodionov, Tom Balmforth",en
Pregnant women who stand for five to six hours at a time increase their risk of pre-term pregnancy by 80 percent.,Misinformation,PUBHEALTH,"Rhode Island, Families, Health Care, Government Regulation, Public Health, Science, Women, Workers, Michael Solomon, ",claim,dataset_label,data/raw/pubhealth,17116,C. Eugene Emery Jr.,mixed
Court ruling could help J&J defeat St. Louis talc lawsuits.,Reliable,PUBHEALTH,Health News,claim,dataset_label,data/raw/pubhealth,384,Tina Bellon,en
Hiding finely-ground glass in food is an effective method for killing a person.,Misinformation,PUBHEALTH,"Medical, Poisonings",claim,dataset_label,data/raw/pubhealth,31557,David Mikkelson,en
"”If you line up all the countries that have done (Covid-19) testing on a per-capita basis, we’re at the bottom of the list.”",Misinformation,PUBHEALTH,"Coronavirus, Bobby Scott, ",claim,dataset_label,data/raw/pubhealth,26481,Warren Fiske,mixed
Federal shutdown affected probe into unique bovine TB case.,Reliable,PUBHEALTH,"Health, Animal health, North Dakota",claim,dataset_label,data/raw/pubhealth,3977, Blake Nicholson,en
Global population living six years longer than in 1990: study.,Reliable,PUBHEALTH,Health News,claim,dataset_label,data/raw/pubhealth,1738,Kate Kelland,en
California voters may be asked to steer homeless to services.,Reliable,PUBHEALTH,"Mental health, Addiction treatment, Health, General News, California, Courts, Drug addiction",claim,dataset_label,data/raw/pubhealth,5235, Kathleen Ronayne,mixed
"Baylor Fredrickson, a 7-year-old boy from Albany, N.Y., is looking for a bone marrow donor.",Reliable,PUBHEALTH,"Medical, Pleas",claim,dataset_label,data/raw/pubhealth,39681,  Rich Buhler & Staff  ,en
"""Because of the new health care law, """"2.5 million young adults now have coverage.""",Reliable,PUBHEALTH,"National, Health Care, Message Machine 2012, Barack Obama, ",claim,dataset_label,data/raw/pubhealth,20459,Louis Jacobson,en
Netanyahu threatens Israeli lockdown orders in coronavirus crisis.,Reliable,PUBHEALTH,Health News,claim,dataset_label,data/raw/pubhealth,8174,"Dan Williams, Jeffrey Heller",en
"Mexico, former swine flu hub, tests nerves with coronavirus strategy.",Reliable,PUBHEALTH,Health News,claim,dataset_label,data/raw/pubhealth,8186,"Frank Jack Daniel, Adriana Barrera",en
The health care price tag for childhood obesity in Georgia is $2.4 billion annually and rising.,Misinformation,PUBHEALTH,"Georgia, Public Health, Nathan Deal, ",claim,dataset_label,data/raw/pubhealth,22077,Eric Stirgus,en
"""Ted Poe Says new Medicare billing guidelines """"have nine codes for (injuries by) turkeys.""",Reliable,PUBHEALTH,"National, Animals, Health Care, Government Regulation, Medicaid, Medicare, Regulation, Ted Poe, ",claim,dataset_label,data/raw/pubhealth,18449,Becky Bowers,en
Ebola gives U.S. 'preppers' another reason to prepare for worst.,Reliable,PUBHEALTH,Health News,claim,dataset_label,data/raw/pubhealth,1768,Jonathan Kaminsky,en
Lions QB Stafford sits out workout as wife has brain tumor.,Reliable,PUBHEALTH,"Health, Tumors, NFL, Detroit, Detroit Lions, Matthew Stafford, Graham Glasgow, Football",claim,dataset_label,data/raw/pubhealth,6868, Larry Lage,en
"UAE cancels events, flights as central bank announces coronavirus fiscal plan.",Reliable,PUBHEALTH,Health News,claim,dataset_label,data/raw/pubhealth,8224,"Maher Chmaytelli, Hesham Abdul Khalek",en
"Somali doctor, veteran of many battles, girds for war with coronavirus.",Reliable,PUBHEALTH,Health News,claim,dataset_label,data/raw/pubhealth,7969,Abdi Sheikh,en
"The artificial sweetener aspartame is responsible for an epidemic of cancer, brain tumors, and multiple sclerosis.",Misinformation,PUBHEALTH,"Medical, aspartame, Toxin Du Jour",claim,dataset_label,data/raw/pubhealth,33259,Snopes Staff,en
FDA approves new eczema drug Dupixent,Reliable,PUBHEALTH,"Dupixent,eczema,FDA",claim,dataset_label,data/raw/pubhealth,9171,"Earle Holland,Doug Campos-Outcalt, MD, MPA,Kathlyn Stone",en
"Trump cites his support for Medicare, slams Medicare for All.",Reliable,PUBHEALTH,"Seniors, Health, General News, Politics, Impeachments, Medicare, Donald Trump",claim,dataset_label,data/raw/pubhealth,6122, Kevin Freking And Ricardo Alonso-Zaldivar,en
Surgery prevents breast cancers in high-risk women.,Reliable,PUBHEALTH,Health News,claim,dataset_label,data/raw/pubhealth,2078,Julie Steenhuysen,en
"U.S. obesity leveling off, but at high rate: report.",Reliable,PUBHEALTH,Health News,claim,dataset_label,data/raw/pubhealth,2462,Susan Heavey,tl
Scientific studies support the conclusion that marijuana can play a role in healing broken bones.,Reliable,PUBHEALTH,"Medical, drug rumors, drugs, marijuana",claim,dataset_label,data/raw/pubhealth,28181,Alex Kasprak,en
"New York sees glimmer of progress against coronavirus, New Orleans worsens.",Reliable,PUBHEALTH,Health News,claim,dataset_label,data/raw/pubhealth,8075,"Maria Caspani, Brad Brooks",en
Former President Jimmy Carter celebrates 95th birthday.,Reliable,PUBHEALTH,"Georgia, Health, General News, Politics, Africa, AP Top News, Donald Trump, Atlanta, U.S. News, Jimmy Carter, United States",claim,dataset_label,data/raw/pubhealth,5895, Bill Barrow,en
1 in 2 seriously ill Medicare enrollees struggles with bills.,Reliable,PUBHEALTH,"Seniors, Health, General News, Legislation, Politics, Prescription drug costs, Prescription drugs, Medicare",claim,dataset_label,data/raw/pubhealth,3782, Ricardo Alonso-Zaldivar,en
"""Senate Majority PAC Says Susan Collins """"voted against accountability for opioid makers” and denied taking campaign money from a family who made its wealth selling OxyContin.""",Misinformation,PUBHEALTH,"Campaign Finance, Drugs, Government Regulation, Senate Majority PAC, ",claim,dataset_label,data/raw/pubhealth,25764,Tom Kertscher,en
State will pay $10M to mental health providers after suit.,Reliable,PUBHEALTH,"Mental health, General News, Susana Martinez, Business, Medicaid, New Mexico, Lawsuits, Santa Fe",claim,dataset_label,data/raw/pubhealth,3903, Morgan Lee,en
"Facebook post Says for otherwise healthy people “experiencing mild to moderate respiratory symptoms with or without a COVID-19 diagnosis … only high temperatures kill a virus, so let your fever run high,” but not over 103 or 104 degrees.",Misinformation,PUBHEALTH,"Public Health, Facebook Fact-checks, Coronavirus, Facebook posts, ",claim,dataset_label,data/raw/pubhealth,26548,Tom Kertscher,en
Nexavar helped in pulmonary hypertension study.,Reliable,PUBHEALTH,Health News,claim,dataset_label,data/raw/pubhealth,8794,Julie Steenhuysen,en
Senate OKs Trump’s FDA nominee despite unclear vaping agenda.,Reliable,PUBHEALTH,"Health, General News, Politics, Marijuana, Business, Vaping, Tobacco industry regulation, Donald Trump",claim,dataset_label,data/raw/pubhealth,3767, Matthew Perrone,en
"U.S. President Donald Trump has invoked the Stafford Act, which will mandate a mandatory two-week in-home quarantine for the nation.",Misinformation,PUBHEALTH,"Disinformation, Fact Checks, Viruses",claim,dataset_label,data/raw/pubhealth,37549,  Brooke Binkowski  ,en
Thailand launches full-time clinics dispensing cannabis oil.,Reliable,PUBHEALTH,"Health, General News, Marijuana, Asia, Bangkok, Asia Pacific, Thailand",claim,dataset_label,data/raw/pubhealth,3484, Jerry Harmer And Busaba Sivasomboon,en
"""A """"new"""" study has demonstrated that marijuana leads to a """"complete remission"""" of Crohn's disease.""",Misinformation,PUBHEALTH,"Medical, cannabis, celebrity health, crohn's",claim,dataset_label,data/raw/pubhealth,30446,Alex Kasprak,en
Settlement reached over deadly U.S. meningitis outbreak.,Reliable,PUBHEALTH,Health News,claim,dataset_label,data/raw/pubhealth,2959,Jonathan Stempel,en
Virginia gov’s yearbook: Probe of racist photo completed.,Reliable,PUBHEALTH,"Norfolk, Virginia, Medical schools, North America, Ralph Northam, U.S. News",claim,dataset_label,data/raw/pubhealth,6337, Ben Finley And Alan Suderman,en
Flu nasal spray provides similar protection against influenza as flu shot: Study,Reliable,PUBHEALTH,"influenza,McMaster University,vaccine",claim,dataset_label,data/raw/pubhealth,9269,"Earle Holland,Karen Carlson, MD,Joy Victory",en
Checking up on your fitness form.,Reliable,PUBHEALTH,Health News,claim,dataset_label,data/raw/pubhealth,1855,Dorene Internicola,en
"As drug supplies run short, Egyptians turn to herbal remedies.",Reliable,PUBHEALTH,Health News,claim,dataset_label,data/raw/pubhealth,1539,"Mohamed Zaki, Mohamed Abd El-Ghany",en
South Africa slams Big Pharma in generic drugs row.,Reliable,PUBHEALTH,Health News,claim,dataset_label,data/raw/pubhealth,2840,Tiisetso Motsoeneng,en
Individual U.S. states would be legally authorized to impose criminal penalties on individuals who refused to undergo a mandatory COVID-19 vaccination.,Reliable,PUBHEALTH,"Legal Affairs, COVID-19, Editor's Picks",claim,dataset_label,data/raw/pubhealth,35357,Dan MacGuill,en
Charity sporting events offer incentives to get fit.,Reliable,PUBHEALTH,Health News,claim,dataset_label,data/raw/pubhealth,2414,Dorene Internicola,en
Seventy percent of all Texans are overweight or obese.,Reliable,PUBHEALTH,"Children, Health Care, Public Health, Texas, Baker Harrell, ",claim,dataset_label,data/raw/pubhealth,13651,W. Gardner Selby,en
White House recommends tests for all nursing home residents.,Reliable,PUBHEALTH,"AP Top News, Understanding the Outbreak, Health, General News, Lifestyle, Nursing homes, Virus Outbreak, Michael Pence, U.S. News",claim,dataset_label,data/raw/pubhealth,7597,Kevin Freking And Bernard Condon,en
"""AARP is """"endorsing"""" the health care reform bill.""",Misinformation,PUBHEALTH,"National, Health Care, Barack Obama, ",claim,dataset_label,data/raw/pubhealth,24594,Robert Farley,en
Bird flu cases revive fear of repeat of major 2015 outbreak.,Reliable,PUBHEALTH,"North America, Wisconsin, U.S. Department of Agriculture, Health, Flu, Business, Tennessee, Bird flu, Agriculture, U.S. News",claim,dataset_label,data/raw/pubhealth,6166, Steve Karnowski,en
Chris Larson Says the April 22 jump in COVID-19 cases was related to the election.,Misinformation,PUBHEALTH,"Elections, Health Care, Public Health, Wisconsin, Coronavirus, Chris Larson, ",claim,dataset_label,data/raw/pubhealth,26407,Eric Litke,en
Coiled mattresses cause cancer by amplifying radio waves.,Misinformation,PUBHEALTH,"Medical, joseph mercola",claim,dataset_label,data/raw/pubhealth,31889,Alex Kasprak,en
J&J liable for $572 million in Oklahoma opioid epidemic trial; shares rise.,Reliable,PUBHEALTH,Health News,claim,dataset_label,data/raw/pubhealth,208,"Heide Brandes, Nate Raymond",en
"""Nobody's addicted to"""" marijuana.""",Misinformation,PUBHEALTH,"Drugs, Florida, Marijuana, John Morgan, ",claim,dataset_label,data/raw/pubhealth,17850,Rochelle Koff,en
Multi-gene test may find risk for heart disease and more.,Reliable,PUBHEALTH,"Heart disease, AP Top News, Genetics, Health, Genetic Frontiers, Cholesterol, Heart attack, U.S. News",claim,dataset_label,data/raw/pubhealth,7396, Lauran Neergaard,mixed
The FDA classified walnuts as drugs.,Misinformation,PUBHEALTH,"Uncategorized, alternative health, FDA, fda warning letters",claim,dataset_label,data/raw/pubhealth,32852,Kim LaCapria,en
"Unlike marijuana, medical cannabis oil cannot get you high.",Reliable,PUBHEALTH,"Georgia, Health Care, States, Marijuana, Allen Peake, ",claim,dataset_label,data/raw/pubhealth,16113,April Hunt,en
Film captures mood swings of bipolar disorder.,Reliable,PUBHEALTH,Health News,claim,dataset_label,data/raw/pubhealth,2117,Natasha Elkington,en
All in the family: Inbreeding key to bedbug spread.,Reliable,PUBHEALTH,Health News,claim,dataset_label,data/raw/pubhealth,1904,Julie Steenhuysen,en
Parkland commission urges boost in mental health funding.,Reliable,PUBHEALTH,"Shootings, Mental health, Health, General News, Violence, Florida, School shootings, School safety, Parkland, Florida, school shooting, U.S. News",claim,dataset_label,data/raw/pubhealth,3549, Bob Caina Calvan,en
Cancer group finds biggest one-year drop in U.S. death rate.,Reliable,PUBHEALTH,"AP Top News, Cancer, Health, General News, Death rates, Lung cancer, U.S. News",claim,dataset_label,data/raw/pubhealth,4235, Mike Stobbe,en
"New abortion clinic being built in Illinois, near St. Louis.",Reliable,PUBHEALTH,"Michael Brown, St. Louis, General News, Abortion, Mississippi River, Illinois, Health, U.S. News",claim,dataset_label,data/raw/pubhealth,4208, Jim Salter,en
Study estimates 2.8% coronavirus infection rate for Indiana.,Reliable,PUBHEALTH,"Virus Outbreak, Health, General News, Indianapolis, Indiana, Public health",claim,dataset_label,data/raw/pubhealth,7446, Tom Davies,en
“I’ll soon sign into the law the largest legislative effort in history to address the opioid crisis. ... Very little Democrat support.”,Misinformation,PUBHEALTH," Affordable Care Act, health care, medicare, medicare-for-all, opioids, preexisting conditions, right to try, ",claim,dataset_label,data/raw/pubhealth,41831,Lori Robertson,en
"Hundreds gather in Goma, Congo for “Stop Ebola” march.",Reliable,PUBHEALTH,"Health, Africa, General News, Ebola virus",claim,dataset_label,data/raw/pubhealth,5671, Saleh Mwanamilongo And Al-Hadji Kudra Maliro,en
“Sunlight actually can kill the (novel coronavirus.)”,Misinformation,PUBHEALTH,"Public Health, North Carolina, Coronavirus, Greg Murphy, ",claim,dataset_label,data/raw/pubhealth,26631,Paul Specht,en
"“I didn’t say that” some of the medical equipment that governors are requesting, they don't actually need.",Misinformation,PUBHEALTH,"Public Health, Coronavirus, Donald Trump, ",claim,dataset_label,data/raw/pubhealth,26578,Louis Jacobson,en
Former President Bill Clinton and his Clinton Health Access Initiative (CHAI) distributed ‘watered-down’ HIV/AIDS drugs to patients in sub-Saharan Africa.,Misinformation,PUBHEALTH,"Global News Service, Consumer Safety, Corrections and Updates, Public Health, Daily Caller, ",claim,dataset_label,data/raw/pubhealth,13466,Jon Greenberg,en
Reports have gone viral that the Centers for Disease Control and Prevention (CDC) is testing a trial vaccine for the Ebola virus that only works for people with white skin.,Misinformation,PUBHEALTH,Medical,claim,dataset_label,data/raw/pubhealth,40313,  Rich Buhler & Staff  ,en
"Warnings spread across social media about Cadbury products being infected with HIV-positive blood in the weeks leading up to Easter, when many Cadbury products are purchased.",Misinformation,PUBHEALTH,Health / Medical,claim,dataset_label,data/raw/pubhealth,38054,  Rich Buhler & Staff  ,en
A gluten-free for all drives product sales.,Reliable,PUBHEALTH,Health News,claim,dataset_label,data/raw/pubhealth,1935,Lisa Baertlein,en
“Anybody that wants a test (for the coronavirus) can get a test.”,Misinformation,PUBHEALTH,"Health Care, Public Health, Health Check, Coronavirus, Donald Trump, ",claim,dataset_label,data/raw/pubhealth,26703,Miriam Valverde,en
New plan to cut the fat of the military.,Reliable,PUBHEALTH,Health News,claim,dataset_label,data/raw/pubhealth,1882,Deborah Charles,en
"""Heroin and prescription opioids are """"the number one cause of accidental or preventable death in Wisconsin.""",Misinformation,PUBHEALTH,"Drugs, Health Care, Crime, Public Health, Wisconsin, Brad Schimel, ",claim,dataset_label,data/raw/pubhealth,16558,Tom Kertscher,en
FDA finally admits dental fillings are toxic.,Misinformation,PUBHEALTH,"Health Care, Facebook Fact-checks, Bloggers, ",claim,dataset_label,data/raw/pubhealth,26976,Ciara O'Rourke,en
"Pentagon eyes Chicago, Michigan, Florida, Louisiana as coronavirus spreads.",Reliable,PUBHEALTH,Health News,claim,dataset_label,data/raw/pubhealth,8666,"Phil Stewart, Idrees Ali",en
"""Forty-five percent of doctors """"say they'll quit"""" if health care reform passes.""",Misinformation,PUBHEALTH,"National, Health Care, Pundits, Glenn Beck, ",claim,dataset_label,data/raw/pubhealth,24482,Louis Jacobson,en
Pre-ski preparations help before hitting the slopes.,Reliable,PUBHEALTH,Health News,claim,dataset_label,data/raw/pubhealth,1879,Dorene Internicola,en
Sisterhood shown to be powerful incentive at women's gyms.,Reliable,PUBHEALTH,Health News,claim,dataset_label,data/raw/pubhealth,2386,Dorene Internicola,mixed
Florida Gov. Scott signs bills mandating backup power.,Reliable,PUBHEALTH,"Nursing homes, Health, Legislation, Hurricane Irma, Florida, Rick Scott, Assisted living, Hurricanes, U.S. News",claim,dataset_label,data/raw/pubhealth,6766, Joe Reedy,en
"With head in the sand, Indonesia struggles to tackle AIDS.",Reliable,PUBHEALTH,Health News,claim,dataset_label,data/raw/pubhealth,2000,"Tan Ee Lyn, Fitri Wulandari",en
"Amgen antibody shows promise in myeloma trial, gets FDA fast track.",Reliable,PUBHEALTH,Health News,claim,dataset_label,data/raw/pubhealth,7624,Deena Beasley,en
Whooping cough case at Texas Capitol leads to vaccinations.,Reliable,PUBHEALTH,"Legislature, Houston, Immunizations, North America, Health, Infectious diseases, Whooping cough, Texas",claim,dataset_label,data/raw/pubhealth,4117, Paul J. Weber,mixed
Number of US overdose deaths appears to be falling.,Reliable,PUBHEALTH,"AP Top News, Alex Azar, Health, General News, U.S. News",claim,dataset_label,data/raw/pubhealth,6679, Mike Stobbe,en
76 percent of Americans want a public health care option.,Misinformation,PUBHEALTH,"National, Health Care, Progressive Change Campaign Committee, ",claim,dataset_label,data/raw/pubhealth,24583,Catharine Richert,en
E-cigarette firms probed over health concerns by U.S. House panel.,Reliable,PUBHEALTH,Health News,claim,dataset_label,data/raw/pubhealth,217,Bryan Pietsch,en
Pakistan's first coronavirus death exposes nation's vulnerability.,Reliable,PUBHEALTH,Health News,claim,dataset_label,data/raw/pubhealth,7888,Jibran Ahmad,en
A long list shows “new CDC guidelines for reopening schools.”,Reliable,PUBHEALTH,"Facebook Fact-checks, Coronavirus, Viral image, ",claim,dataset_label,data/raw/pubhealth,26254,Ciara O'Rourke,en
Utah lawmakers approve changes to medical cannabis law.,Reliable,PUBHEALTH,"Medical marijuana, Utah, Marijuana, Crime, General News, Gary Herbert",claim,dataset_label,data/raw/pubhealth,4919, Morgan Smith,en
Spanish hospital offers nipple tattoos to breast cancer survivors.,Reliable,PUBHEALTH,Health News,claim,dataset_label,data/raw/pubhealth,1527,Amanda Calvo,en
"""Richard Rose of Port Clinton, Ohio died of COVID-19 after earlier vowing not to buy a face mask and dismissing advice to use face masks as """"hype.""",Reliable,PUBHEALTH,"Medical, COVID-19, Editor's Picks",claim,dataset_label,data/raw/pubhealth,35380,Dan MacGuill,en
There will be no public funding for abortion in this legislation.,Reliable,PUBHEALTH,"Abortion, National, Health Care, Bart Stupak, ",claim,dataset_label,data/raw/pubhealth,24143,Robert Farley,en
A new product allows people to perform laser surgery on their own eyes at home.,Misinformation,PUBHEALTH,"Inboxer Rebellion, ASP Article, eye surgery, hoaxes",claim,dataset_label,data/raw/pubhealth,33734,David Mikkelson,mixed
Coronavirus forces states to order nearly one in three Americans to stay home.,Reliable,PUBHEALTH,Health News,claim,dataset_label,data/raw/pubhealth,8128,"Jonnelle Marte, Barbara Goldberg",en
Indians pitcher Carrasco being treated for leukemia.,Reliable,PUBHEALTH,"Baseball, MLB, Terry Francona, Health, Leukemia, Sports, Cleveland, Carlos Carrasco",claim,dataset_label,data/raw/pubhealth,4792, Tom Withers,en
"Reports have emerged claiming that a new form of HPV that spread by kissing, and it kills faster than AIDS.",Misinformation,PUBHEALTH,Medical,claim,dataset_label,data/raw/pubhealth,38337,  Rich Buhler & Staff  ,en
"Health reform eliminates co-pays, deductibles, and other costs for preventative care and provides for free annual wellness checkups starting next year.",Reliable,PUBHEALTH,"Georgia, Health Care, Jane Kidd, ",claim,dataset_label,data/raw/pubhealth,23833,Willoughby Mariano,en
Zanzibar tests drones spraying rice fields to fight malaria.,Reliable,PUBHEALTH,"Health, Africa, General News, Tanzania, Malaria",claim,dataset_label,data/raw/pubhealth,5934, Ali Sultan,en
Celebrex-Lipitor combo may fight prostate cancer.,Reliable,PUBHEALTH,Health News,claim,dataset_label,data/raw/pubhealth,8831,Deena Beasley,tl
British PM May apologizes as overwhelmed hospitals cancel non-emergency operations.,Reliable,PUBHEALTH,Health News,claim,dataset_label,data/raw/pubhealth,1344,Andrew Macaskill,tl
"Exclusive: India proposes ban on e-cigarettes, with jail terms for offenders - government documents.",Reliable,PUBHEALTH,Health News,claim,dataset_label,data/raw/pubhealth,212,Aditya Kalra,en
"In July 2020, U.S. President Donald Trump's administration established new guidelines for hospitals to report COVID-19 patient information that eliminates the Centers for Disease Control and Prevention (CDC) as the leader of data collection.",Reliable,PUBHEALTH,"Politics, COVID-19, Editor's Picks",claim,dataset_label,data/raw/pubhealth,35382,Jessica Lee,en
“Covid-19 is NOT killing people. Weak immune systems and bad doctors are.”,Misinformation,PUBHEALTH,"Facebook Fact-checks, Coronavirus, Viral image, ",claim,dataset_label,data/raw/pubhealth,25635,Ciara O'Rourke,en
Ongoing tetanus vaccine campaigns in Kenya are a ruse to sterilize women of childbearing age.,Misinformation,PUBHEALTH,"Medical, Disease",claim,dataset_label,data/raw/pubhealth,33423,David Mikkelson,en
Unhappy LASIK patients urge FDA to take action.,Reliable,PUBHEALTH,Health News,claim,dataset_label,data/raw/pubhealth,8823,Susan Heavey,en
The government of Italy is calling for the arrest of Bill Gates.,Misinformation,PUBHEALTH,"Politics, COVID-19",claim,dataset_label,data/raw/pubhealth,35540,Dan Evon,en
"""Club for Growth Says Donald Trump promised """"to take care of everybody (through government-run healthcare and) the government's going to pay for it.""",Misinformation,PUBHEALTH,"National, Drugs, Economy, Federal Budget, Health Care, Poverty, Public Health, Club for Growth, ",claim,dataset_label,data/raw/pubhealth,14423,C. Eugene Emery Jr.,en
"""The Dog Meat Festival in Yulin, China, """"threatens global public health.""",Misinformation,PUBHEALTH,"Global News Service, Animals, Public Health, Alcee Hastings, ",claim,dataset_label,data/raw/pubhealth,14073,Jon Greenberg,en
"UN chief visits Congo Ebola region, pledging support.",Reliable,PUBHEALTH,"International News, Peacekeeping forces, Ebola virus, Armed forces, Africa, Health, Felix Tshisekedi, Antonio Guterres, General News",claim,dataset_label,data/raw/pubhealth,4692, Al-Hadji Kudra Maliro,en
Bill allowing pharmacists to give kids the flu shot at risk.,Reliable,PUBHEALTH,"Health, General News, Connecticut, Flu, Public health",claim,dataset_label,data/raw/pubhealth,3398, Susan Haigh,mixed
Sydneysiders find their happy place catching a wave on 'Fluoro Friday'.,Reliable,PUBHEALTH,Health News,claim,dataset_label,data/raw/pubhealth,1082,Jill Gralow,en
Romneycare was model for Obamacare.,Reliable,PUBHEALTH,"Health Care, Texas, Rick Perry, ",claim,dataset_label,data/raw/pubhealth,21227,Meghan Ashford-Grooms,en
Special Report: Powder Keg - FDA bowed to industry for decades as alarms were sounded over talc.,Reliable,PUBHEALTH,Health News,claim,dataset_label,data/raw/pubhealth,43,"Lisa Girion, Chad Terhune",en
"Oakland council bans coal shipments, citing health risks.",Reliable,PUBHEALTH,"Top News, California, Health, Utah, Environmental concerns, Environment, Business, Oakland, Public health, U.S. News",claim,dataset_label,data/raw/pubhealth,6473, Janie Har,en
Stop! Washing your Thanksgiving turkey could spread germs.,Reliable,PUBHEALTH,"AP Top News, Health, General News, Thanksgiving, Lifestyle, Banks, U.S. News, Weekend Reads",claim,dataset_label,data/raw/pubhealth,6606, Candice Choi,en
"Herbs, supplements often sold deceptively: U.S. report.",Reliable,PUBHEALTH,Health News,claim,dataset_label,data/raw/pubhealth,2118,Susan Heavey,en
"The Best Foods for Thought, Literally",Misinformation,PUBHEALTH,Mediterranean diet,claim,dataset_label,data/raw/pubhealth,9800,"Gary Schwitzer,Kevin Lomangino",en
"Doctors, nurses leave homes to protect families from virus.",Reliable,PUBHEALTH,"St. Paul, Health, General News, Lifestyle, AP Top News, Virus Outbreak, U.S. News",claim,dataset_label,data/raw/pubhealth,7329, Amy Forliti,en
HPV Vaccine Can Protect Women Across a Broad Age Range,Misinformation,PUBHEALTH,"Academic medical center news release,Cancer",claim,dataset_label,data/raw/pubhealth,10813,"Susan Wei, PhD,Doug Campos-Outcalt, MD, MPA,Kathlyn Stone",en
Heroin .. pours across our southern borders.,Reliable,PUBHEALTH,"National, Drugs, Donald Trump, ",claim,dataset_label,data/raw/pubhealth,13294,Jon Greenberg,en
"Italian coronavirus deaths jump, dashing hopes that worst was over.",Reliable,PUBHEALTH,Health News,claim,dataset_label,data/raw/pubhealth,7885,"Crispian Balmer, Angelo Amante",en
The vast majority of people in this country are keeping their (health insurance) plan.,Reliable,PUBHEALTH,"National, Health Care, Pundits, David Axelrod, ",claim,dataset_label,data/raw/pubhealth,17763,Jon Greenberg,en
Tucatinib (ONT-380) progressing in pivotal trial against HER2+ breast cancer,Misinformation,PUBHEALTH,"tucatinib,University of Colorado Anschutz Medical Campus",claim,dataset_label,data/raw/pubhealth,9206,"Kim Walsh-Childers, PhD,Deanna Attai, MD, FACS,Kathlyn Stone",en
"Post-Ebola, West Africans flock back to bushmeat, with risk.",Reliable,PUBHEALTH,"Animals, AP International News, Ebola virus, Africa, Abidjan, Africa, Bats, West Africa, Health, Ivory Coast",claim,dataset_label,data/raw/pubhealth,6747, Hilaire Zon And Carley Petesch,en
"During the 1918 flu pandemic, San Francisco residents formed the “Anti-Mask League.” San Francisco “was ultimately one of the cities that suffered the most with a high death rate.”",Reliable,PUBHEALTH,"California, Coronavirus, Facebook posts, ",claim,dataset_label,data/raw/pubhealth,26412,Amy Sherman,en
N. Carolina court: State retirees should pay health premiums.,Reliable,PUBHEALTH,"State courts, North Carolina Supreme Court, Access to health care, State governments, Health, North Carolina, Courts, John Tyson",claim,dataset_label,data/raw/pubhealth,5786, Emery P. Dalesio,en
"""As a candidate, President Obama """"declared that everyone deserves access to reproductive health care that includes abortion, and vowed that this 'right' would be at the heart of his health care reform plan if elected president.""",Reliable,PUBHEALTH,"Abortion, National, Health Care, John Boehner, ",claim,dataset_label,data/raw/pubhealth,24543,Louis Jacobson,mixed
Hearing begins on fate of Missouri’s lone abortion clinic.,Reliable,PUBHEALTH,"Michael Brown, Health, General News, Abortion, St. Louis",claim,dataset_label,data/raw/pubhealth,5595, Jim Salter,en
Minnesota woman starts support program for Lyme disease.,Reliable,PUBHEALTH,"Lyme disease, Health, Minnesota",claim,dataset_label,data/raw/pubhealth,4058, Deanna Weniger,en
“Drug overdose deaths decreased in 2018 for the first time in 30 years.”,Reliable,PUBHEALTH,"Drugs, Health Care, Health Check, Ryan Holets, ",claim,dataset_label,data/raw/pubhealth,25692,Julie Appleby,en
"Older Americans upbeat about aging, future: survey.",Reliable,PUBHEALTH,Health News,claim,dataset_label,data/raw/pubhealth,2626,Patricia Reaney,en
Medical insurance bypasses Native Americans in New Mexico.,Reliable,PUBHEALTH,"Access to health care, General News, New Mexico, Native Americans",claim,dataset_label,data/raw/pubhealth,4960, Morgan Lee,en
A woman who used a recalled brand of tampons saw herself become infested with ants and had to be treated with a grotesque fungus that turned those ants into zombies.,Misinformation,PUBHEALTH,"Fauxtography, ants, Medical, tampons",claim,dataset_label,data/raw/pubhealth,32136,Alex Kasprak,en
California could be 1st state to sell own prescription drugs.,Reliable,PUBHEALTH,"Medication, Health, General News, Business, California, Prescription drugs, Gavin Newsom, U.S. News",claim,dataset_label,data/raw/pubhealth,3817, Adam Beam,en
The CDC recommends that only people with COVID-19 symptoms should wear masks.,Misinformation,PUBHEALTH,"Public Health, Facebook Fact-checks, Coronavirus, Facebook posts, ",claim,dataset_label,data/raw/pubhealth,26384,Tom Kertscher,en
"Ariad to resume sales of cancer drug Iclusig, shares jump.",Reliable,PUBHEALTH,Health News,claim,dataset_label,data/raw/pubhealth,2967,"Toni Clarke, Esha Dey",en
"Report calls for hog farm moratorium, new permit system.",Reliable,PUBHEALTH,"Iowa, University of Iowa, Health, Environment, Environmental health, Public health",claim,dataset_label,data/raw/pubhealth,4266, David Pitt,en
"""The new health care law will """"force seniors into Barack Obama's government-run health care program.""",Misinformation,PUBHEALTH,"National, Medicare, Message Machine 2010, Retirement, Dan Coats, ",claim,dataset_label,data/raw/pubhealth,23142,Angie Drobnic Holan,en
UN chief: Use pandemic to ‘rebuild our world for the better’.,Reliable,PUBHEALTH,"Climate, Climate change, Health, General News, Antonio Guterres, International News, Pandemics, United Nations, Europe, Science",claim,dataset_label,data/raw/pubhealth,7576, Frank Jordans,en
Trump speculates that China released virus in lab ‘mistake’.,Reliable,PUBHEALTH,"Intelligence agencies, AP Top News, Understanding the Outbreak, Technology, General News, Politics, Wuhan, Health, Infectious diseases, Science, Asia Pacific, Donald Trump, China, Virus Outbreak, Pandemics",claim,dataset_label,data/raw/pubhealth,7386, Zeke Miller,en
"Amid criticism, Macron vows to raise medical gear output to tackle coronavirus.",Reliable,PUBHEALTH,Health News,claim,dataset_label,data/raw/pubhealth,7991,"Marine Pennetier, John Irish",en
California county tries to ban pot farms as medical weed business thrives.,Reliable,PUBHEALTH,Health News,claim,dataset_label,data/raw/pubhealth,2350,Sharon Bernstein,en
"""A majority of Americans """"since Harry Truman days"""" support single-payer health insurance, or """"full Medicare for all.""",Misinformation,PUBHEALTH,"Federal Budget, Health Care, History, Medicare, Polls and Public Opinion, Public Health, Wisconsin, Ralph Nader, ",claim,dataset_label,data/raw/pubhealth,17019,Tom Kertscher,en
"Raggedy Ann dolls were created by a grief-stricken father who lost his daughter to a vaccine-related illness, and who wished to broadcast the risks of vaccination.",Misinformation,PUBHEALTH,"Horrors, anti-vaccine, raggedy ann, vaccine misinformation",claim,dataset_label,data/raw/pubhealth,29391,Kim LaCapria,en
"""Citizen Action of Wisconsin Says """"people who come to"""" their dissent actions """"get a ‘cease and desist’ letter"""" from Ron Johnson's office.""",Misinformation,PUBHEALTH,"Civil Rights, Health Care, Polls and Public Opinion, Wisconsin, Citizen Action of Wisconsin, ",claim,dataset_label,data/raw/pubhealth,12808,Tom Kertscher,en
Dentists carefully reopen in France after 2-month lockdown.,Reliable,PUBHEALTH,"AP Top News, Health, General News, France, Lifestyle, Paris, Dentistry, Virus Outbreak, Europe, International News",claim,dataset_label,data/raw/pubhealth,7379, Thomas Adamson And Nicolas Garriga,en
MS drug may work against viral infection: study.,Reliable,PUBHEALTH,Health News,claim,dataset_label,data/raw/pubhealth,8782,Will Dunham,tl
"EpiPen shortages seen in Canada, UK but U.S. supply intact.",Reliable,PUBHEALTH,Health News,claim,dataset_label,data/raw/pubhealth,1326,Bill Berkrot,en
Novel imaging technique improves prostate cancer detection,Misinformation,PUBHEALTH,"gleason score,overdiagnosis,overtreatment,prostate cancer,University of California San Diego",claim,dataset_label,data/raw/pubhealth,9291,"A'ndrea Elyse Messer, MS, PhD,Richard Hoffman, MD,Kevin Lomangino",en
"Delhi shuts schools, halts construction to tackle pollution.",Reliable,PUBHEALTH,"Health, India, Air pollution, Asia Pacific, Smog, New Delhi, Arvind Kejriwal, Pollution",claim,dataset_label,data/raw/pubhealth,6580, Muneeza Naqvi,en
California health officials sound alarm over hookah smoking.,Reliable,PUBHEALTH,Health News,claim,dataset_label,data/raw/pubhealth,2565,Ronnie Cohen,en
Trebling tobacco tax 'could prevent 200 million early deaths'.,Reliable,PUBHEALTH,Health News,claim,dataset_label,data/raw/pubhealth,2942,Kate Kelland,en
"""A medical committee withheld a heart transplant from a woman saying that she needed to have at least $10,000 for immunosuppressant medication and suggested """"a fundraising effort.""",Reliable,PUBHEALTH,"Fact Checks, Health / Medical, Politics, Viral Content",claim,dataset_label,data/raw/pubhealth,36624,  Brooke Binkowski  ,mixed
A photograph shows the damage to a person's lung from the COVID-19 coronavirus disease.,Reliable,PUBHEALTH,"Medical, COVID-19",claim,dataset_label,data/raw/pubhealth,35410,Dan Evon,en
School offers medicinal gardening class.,Reliable,PUBHEALTH,"Health, Gardening, Herbal medicine",claim,dataset_label,data/raw/pubhealth,3596, Harmony Birch,en
Why is New Orleans' coronavirus death rate twice New York's? Obesity is a factor.,Reliable,PUBHEALTH,Health News,claim,dataset_label,data/raw/pubhealth,8650,Brad Brooks,en
U.S. judge appoints Ken Feinberg mediator for Bayer Roundup settlement talks.,Reliable,PUBHEALTH,Health News,claim,dataset_label,data/raw/pubhealth,322,Tina Bellon,en
"Dr. Hardin B. Jones recently revealed that chemotherapy doesn't work 97% of the time, and doctors only recommend it to get kickbacks.",Misinformation,PUBHEALTH,"Medical, anonhq, cancer, chemotherapy",claim,dataset_label,data/raw/pubhealth,32312,Kim LaCapria,en
Say Bill Gates is linked to HPV vaccine related deaths in India.,Misinformation,PUBHEALTH,"Global News Service, Public Health, Bloggers, ",claim,dataset_label,data/raw/pubhealth,13046,Jon Greenberg,en
"“Due to the large number of people who will refuse the forthcoming COVID-19 vaccine because it will include tracking microchips, the Gates Foundation is now spending billions to ensure that all medical and dental injections and procedures include the chips.”",Misinformation,PUBHEALTH,"Facebook Fact-checks, Coronavirus, Facebook posts, ",claim,dataset_label,data/raw/pubhealth,26267,Ciara O'Rourke,en
"Car bomb collides with vehicles in Egypt capital, killing 20.",Reliable,PUBHEALTH,"Religion, Health, Cairo, General News, Egypt, Militant groups, Nile River, Accidents, Middle East, International News",claim,dataset_label,data/raw/pubhealth,4502, Samy Magdy,en
WHO urges tougher food marketing rules to curb childhood obesity.,Reliable,PUBHEALTH,Health News,claim,dataset_label,data/raw/pubhealth,2496,Kate Kelland,en
"Exclusive: Top U.S. insurer to cover Amgen, Eli Lilly migraine drugs, exclude Teva.",Reliable,PUBHEALTH,Health News,claim,dataset_label,data/raw/pubhealth,403,Caroline Humer,en
Experimental gene therapy improves sight in patients going blind.,Reliable,PUBHEALTH,Health News,claim,dataset_label,data/raw/pubhealth,2852,"Kate Kelland, Health, Science Correspondent",en
"Florida Legislature sets sights on education, health care.",Reliable,PUBHEALTH,"Legislature, Health care costs, Health, General News, Florida, Immigration, Elections, Education",claim,dataset_label,data/raw/pubhealth,2998, Bob Caina Calvan,en
Romania shuts hospital after babies diagnosed with superbug.,Reliable,PUBHEALTH,"Bucharest, Romania, Health, International News, Europe, Public health",claim,dataset_label,data/raw/pubhealth,7225, Alison Mutler,en
Stem cell transplants may induce long-term remission of multiple sclerosis,Misinformation,PUBHEALTH,"National Institutes of Health (NIH),stem cells",claim,dataset_label,data/raw/pubhealth,9197,"Mary Chris Jaklevic,Dan Mayer, MD,Kathlyn Stone",mixed
Thai leader to invoke emergency powers as virus infections climb.,Reliable,PUBHEALTH,Health News,claim,dataset_label,data/raw/pubhealth,8115,"Panu Wongcha-Um, Kay Johnson",en
"For younger people, seasonal flu is “in many cases” a deadlier virus than COVID-19",Reliable,PUBHEALTH,"Children, Public Health, Wisconsin, Coronavirus, Ron Johnson, ",claim,dataset_label,data/raw/pubhealth,25623,Madeline Heim,en
"Study: For babies born with HIV, start treatment right away.",Reliable,PUBHEALTH,"Medication, International News, General News, Africa, Health, Science, Botswana",claim,dataset_label,data/raw/pubhealth,3922, Lauran Neergaard,en
"Turmeric can prevent dementia; as a result, India, whose food contains a large amount of the spice, has the lowest rates of dementia worldwide.",Misinformation,PUBHEALTH,"Medical, alzheimer's disease, curcumin, dementia",claim,dataset_label,data/raw/pubhealth,30800,Alex Kasprak,en
Trump health chief asks Congress to pass drug discount plan.,Reliable,PUBHEALTH,"AP Top News, Alex Azar, Health, Politics, North America, Medication, Medicare, Prescription drugs, Government programs, Medicaid",claim,dataset_label,data/raw/pubhealth,6687, Ricardo Alonso-Zaldivar,en
"Comedians have psychotic personality traits, study finds.",Reliable,PUBHEALTH,Health News,claim,dataset_label,data/raw/pubhealth,2393,Kate Kelland,en
Kansas Sen. Roberts pushing to move GOP health plan forward.,Reliable,PUBHEALTH,"Health care reform, Legislation, Kansas, Pat Roberts, Jerry Moran, Topeka, Barack Obama",claim,dataset_label,data/raw/pubhealth,4858, John Hanna,en
Archaeologists discover earliest example of human with cancer.,Reliable,PUBHEALTH,Health News,claim,dataset_label,data/raw/pubhealth,2373,Kate Kelland,en
France toughens lockdown penalties as coronavirus kills medic.,Reliable,PUBHEALTH,Health News,claim,dataset_label,data/raw/pubhealth,8142,"Elizabeth Pineau, Laurence Frost",en
"Malnutrition, disease rising in North Korea: aid organization.",Reliable,PUBHEALTH,Health News,claim,dataset_label,data/raw/pubhealth,912,Josh Smith,en
"Trump declares coronavirus national emergency, says he will most likely be tested.",Reliable,PUBHEALTH,Health News,claim,dataset_label,data/raw/pubhealth,8676,"Steve Holland, Jeff Mason, Makini Brice",en
"US flu season arrives early, driven by an unexpected virus.",Reliable,PUBHEALTH,"Health, General News, AP Top News, Flu",claim,dataset_label,data/raw/pubhealth,4834, Mike Stobbe,en
"""We have more hospitals that are children’s hospitals than any other state in the union."""" """,Misinformation,PUBHEALTH,"Ohio, Health Care, William G. Batchelder, ",claim,dataset_label,data/raw/pubhealth,19065,Reginald Fields,en
"As virus outbreaks multiply, UN declines to declare pandemic.",Reliable,PUBHEALTH,"AP Top News, Italy, Health, South Korea, Middle East, Latin America, Africa, Pandemics, United Nations, Iran, General News, Asia Pacific, Virus Outbreak, Europe, Ebola virus, U.S. News",claim,dataset_label,data/raw/pubhealth,7500, Maria Cheng,en
Jean Hilliard made a full recovery after she was found frozen in sub-zero temperatures.,Reliable,PUBHEALTH,"Medical, jean hilliard, medical miracles, Medical Myths",claim,dataset_label,data/raw/pubhealth,27706,Snopes Staff,en
Exclusive: Philip Morris suspends social media campaign after Reuters exposes young 'influencers'.,Reliable,PUBHEALTH,Health News,claim,dataset_label,data/raw/pubhealth,337,Chris Kirkham,en
Northern Irish women told to sail to England for abortions despite pandemic.,Reliable,PUBHEALTH,Health News,claim,dataset_label,data/raw/pubhealth,8694,Amanda Ferguson,en
Government report finds 2.3 percent of Americans gay or bisexual.,Reliable,PUBHEALTH,Health News,claim,dataset_label,data/raw/pubhealth,1823,Curtis Skinner,en
Washington state confirms second U.S. coronavirus death; New York reports first case.,Reliable,PUBHEALTH,Health News,claim,dataset_label,data/raw/pubhealth,8355,"Brad Brooks, David Shepardson",en
T-cell therapy results more modest than hoped for chronic leukemia,Reliable,PUBHEALTH,"cancer,immunotherapy,leukemia,University of Pennsylvania",claim,dataset_label,data/raw/pubhealth,9743,"Sally James,Harold J. DeMonaco, MS,Kevin Lomangino",en
Trial begins in challenge to 4 abortion laws in Virginia.,Reliable,PUBHEALTH,"Planned Parenthood, Health, Lawsuits, Abortion, Virginia, Richmond, Womens health, Alabama",claim,dataset_label,data/raw/pubhealth,7296, Denise Lavoie,en
India set to ship drug sought by Trump for coronavirus.,Reliable,PUBHEALTH,Health News,claim,dataset_label,data/raw/pubhealth,8534,"Zeba Siddiqui, Sumit Khanna",en
Budget deal puts access to health care above curbing costs.,Reliable,PUBHEALTH,"Access to health care, Health, General News, Politics, Business, Steven Mnuchin, Kathleen Sebelius, Barack Obama",claim,dataset_label,data/raw/pubhealth,3403, Ricardo Alonso-Zaldivar,en
'Scoring System' May Spot Those in Greatest Need of Colonoscopy; But one expert cautions that even 'low risk' patients can still develop suspicious polyps,Reliable,PUBHEALTH,"Cancer,HealthDay,Screening",claim,dataset_label,data/raw/pubhealth,11090,"Kathleen Fairfield, MD, DrPH,Kevin Lomangino",mixed
U.S. lawmakers grill e-cigarette maker Juul over efforts targeted at schoolchildren.,Reliable,PUBHEALTH,Health News,claim,dataset_label,data/raw/pubhealth,242,"Chris Kirkham, Bryan Pietsch",tl
J&J CEO spurns U.S. congressional hearing on carcinogens in talc products.,Reliable,PUBHEALTH,Health News,claim,dataset_label,data/raw/pubhealth,36,"Lisa Girion, Carl O'Donnell",en
"“In Chicago, Covid-19 actually LOWERED the death rate.”",Misinformation,PUBHEALTH,"Crime, Wisconsin, Coronavirus, Facebook posts, ",claim,dataset_label,data/raw/pubhealth,26552,Haley BeMiller,en
"Facebook post Says Ohio Gov. Mike DeWine released 4,300 prisoners and is now warning residents of a possible crime wave.",Misinformation,PUBHEALTH,"Ohio, Facebook Fact-checks, Coronavirus, Facebook posts, ",claim,dataset_label,data/raw/pubhealth,26215,Samantha Putterman,en
Diamond Princess critic says Tokyo Olympics should be halted.,Reliable,PUBHEALTH,Health News,claim,dataset_label,data/raw/pubhealth,8173,Rocky Swift,en
Data show more immunization rates dropped below guidelines.,Reliable,PUBHEALTH,"Rubella, Immunizations, Health, Measles, General News, Connecticut, Mumps, Public health",claim,dataset_label,data/raw/pubhealth,4011, Susan Haigh,en
"A new analysis of the residue on common American foods showed high levels of the herbicide glyphosate and Monsanto, the EPA, and the FDA are in cahoots to silence word of the chemical’s harmful effects and its high concentration in foods.",Misinformation,PUBHEALTH,"Medical, food babe, glyphosate, monsanto",claim,dataset_label,data/raw/pubhealth,31998,Alex Kasprak,en
"In Singapore, migrant coronavirus cases highlight containment weak link.",Reliable,PUBHEALTH,Health News,claim,dataset_label,data/raw/pubhealth,8448,"John Geddie, Aradhana Aravindan",en
USC agrees to pay $215M to settle doctor sex abuse claims.,Reliable,PUBHEALTH,"AP Top News, Health, Lawsuits, University of Southern California, North America, Los Angeles, California, U.S. News, Sexual abuse",claim,dataset_label,data/raw/pubhealth,7076, Amanda Lee Myers,en
Medication lockers help Miami’s homeless living with HIV.,Reliable,PUBHEALTH,"Medication, Health, General News, Miami, AP Top News, U.S. News",claim,dataset_label,data/raw/pubhealth,3926, Ellis Rua,en
New deals for drugs: No heart attack or your money back.,Reliable,PUBHEALTH,"Cancer, Health, Prescription drug costs, Business, Heart attack, Prescription drugs",claim,dataset_label,data/raw/pubhealth,3814, Linda A. Johnson,en
"North Korea running low on TB meds, experts fear epidemic.",Reliable,PUBHEALTH,"Medication, Seoul, Health, South Korea, North Korea, Epidemics, Tuberculosis, Asia Pacific",claim,dataset_label,data/raw/pubhealth,4346, Eric Talmadge And Kim Tong-Hyung,en
"A third of all the young people in America are not in America today because of abortion, because one in three pregnancies end in abortion.",Misinformation,PUBHEALTH,"Abortion, National, Health Care, Social Security, Rick Santorum, ",claim,dataset_label,data/raw/pubhealth,22340,Louis Jacobson,en
"UN health agency chief unbowed amid attacks, Trump criticism.",Reliable,PUBHEALTH,"AP Top News, Race and ethnicity, Geneva, International News, Media, General News, Social media, Africa, Health, Pandemics, United Nations, Xi Jinping, Virus Outbreak, Europe",claim,dataset_label,data/raw/pubhealth,7353, Jamey Keaten,en
Drinking four glasses of water at the beginning of each day will prevent heart attacks and cure various diseases.,Misinformation,PUBHEALTH,"Medical, cancer, Medical Myths",claim,dataset_label,data/raw/pubhealth,33476,Snopes Staff,mixed
"""U.S. President Donald Trump said he """"tested very positively"""" for COVID-19, meaning his test results came back negative, and he did not have the coronavirus disease.""",Reliable,PUBHEALTH,"Politics, COVID-19",claim,dataset_label,data/raw/pubhealth,35711,Bethania Palma,en
"“Church services can’t resume until we’re all vaccinated, says Bill Gates.”",Misinformation,PUBHEALTH,"Religion, Facebook Fact-checks, Coronavirus, Bloggers, ",claim,dataset_label,data/raw/pubhealth,26491,Ciara O'Rourke,en
"China sees rise in asymptomatic coronavirus cases, to tighten controls at land borders.",Reliable,PUBHEALTH,Health News,claim,dataset_label,data/raw/pubhealth,8614,"Lusha Zhang, Tony Munroe",mixed
“Italian Parliament Calls For The Arrest of Bill Gates”,Misinformation,PUBHEALTH,"Fake news, Facebook Fact-checks, Coronavirus, Bloggers, ",claim,dataset_label,data/raw/pubhealth,26253,Madison Czopek,en
Will new royal baby’s name honor Princess Diana? Stay tuned.,Reliable,PUBHEALTH,"Prince Harry, AP Top News, International News, Entertainment, Lifestyle, Health, Princess Diana, Celebrities, Europe",claim,dataset_label,data/raw/pubhealth,5505, Gregory Katz,en
Gene therapy makes a big advance treating hemophilia B blood disorder,Reliable,PUBHEALTH,"drug costs,gene therapy",claim,dataset_label,data/raw/pubhealth,9429,"Sharon Dunwoody, PhD,Preeti N. Malani, MD, MSJ,Joy Victory",en
"""A Japanese study found electronic cigarettes (popularly called """"e-cigs"""") contain ten times as many carcinogens as tobacco cigarettes.""",Misinformation,PUBHEALTH,"Medical, cancer, e-cigarettes, melt my hearth",claim,dataset_label,data/raw/pubhealth,29341,Kim LaCapria,en
Disease that killed millions of China's pigs poses global threat.,Reliable,PUBHEALTH,Health News,claim,dataset_label,data/raw/pubhealth,8935,Tom Polansek,en
California bill would limit genitalia surgery for children.,Reliable,PUBHEALTH,"Health, California, Legislation, Scott Wiener",claim,dataset_label,data/raw/pubhealth,3753, Kathleen Ronayne,en
Congo police detain ex-health minister in Ebola funds probe.,Reliable,PUBHEALTH,"Religion, Arrests, Health, Ebola virus, Africa, International News, Felix Tshisekedi, General News",claim,dataset_label,data/raw/pubhealth,5669, Saleh Mwanamilongo,en
"To boost milk, dairy groups support high school coffee bars.",Reliable,PUBHEALTH,"Coffee, New York, General News, Lifestyle, Health, Business, U.S. News",claim,dataset_label,data/raw/pubhealth,6494, Candice Choi,en
"""According to the CDC, """"110 million Americans now have a sexually transmitted illness.""",Misinformation,PUBHEALTH,"Health Care, Public Health, PunditFact, Phil Robertson, ",claim,dataset_label,data/raw/pubhealth,15841,Louis Jacobson,en
Concussions keep hockey players off ice for longer.,Reliable,PUBHEALTH,Health News,claim,dataset_label,data/raw/pubhealth,1997,Jeffrey Jones,en
Zeltia drug delays progression of ovarian cancer.,Reliable,PUBHEALTH,Health News,claim,dataset_label,data/raw/pubhealth,8750,Ben Hirschler,en
"Philly hospital’s plight spurs aid pledge, Sanders rally.",Reliable,PUBHEALTH,"Health, General News, Philadelphia, Election 2020, Tom Wolf, Bernie Sanders, Jim Kenney",claim,dataset_label,data/raw/pubhealth,6246, Marc Levy,en
"During pregnancy, if the mother suffers organ damage, the baby in the womb sends stem cells to repair the damaged organ.",Reliable,PUBHEALTH,"Medical, fetus, pregnancy, science memes",claim,dataset_label,data/raw/pubhealth,28167,Alex Kasprak,en
California officials: Immigration facilities lack oversight.,Reliable,PUBHEALTH,"Access to health care, Health, Immigration, California, Xavier Becerra",claim,dataset_label,data/raw/pubhealth,5046, Paul Elias,en
Missouri agency tracked Planned Parenthood patients’ periods.,Reliable,PUBHEALTH,"Michael Brown, Health, General News, Kansas, Abortion, St. Louis, U.S. News",claim,dataset_label,data/raw/pubhealth,5593, Jim Salter,en
UConn men’s coach Hurley back at work after spinal surgery.,Reliable,PUBHEALTH,"Health, Basketball, Mens basketball, Dan Hurley, Mens college basketball, College basketball",claim,dataset_label,data/raw/pubhealth,5704, Pat Eaton-Robb,tl
"AbbVie sees 2014 approval of hepatitis drugs, shares rise.",Reliable,PUBHEALTH,Health News,claim,dataset_label,data/raw/pubhealth,2761,Ransdell Pierson,en
"More Breast Cancer Patients Should Consider Radiation, New Guidelines Say",Reliable,PUBHEALTH,breast cancer,claim,dataset_label,data/raw/pubhealth,9564,"Matt Shipman,Deanna Attai, MD, FACS,Joy Victory",en
"""CNN aired a story about a university student who discovered a """"diet hack"""" involving apple cider vinegar.""",Misinformation,PUBHEALTH,"Food, Amanda Haughman, apple cider vinegar, diet",claim,dataset_label,data/raw/pubhealth,31461,Dan Evon,en
Teens to share their vaping experiences with Melania Trump.,Reliable,PUBHEALTH,"Alex Azar, General News, Kellyanne Conway, Politics, Vaping, Public health",claim,dataset_label,data/raw/pubhealth,6262, Darlene Superville,en
The GOP health care proposal would slash more than $135 million in federal funding available to PA schools.,Misinformation,PUBHEALTH,"Health Care, Pennsylvania, Bob Casey, ",claim,dataset_label,data/raw/pubhealth,12324,Anna Orso,mixed
GOOGLE RETINAL SCANS CAN PREDICT IF YOU WILL HAVE A HEART ATTACK,Misinformation,PUBHEALTH,heart disease,claim,dataset_label,data/raw/pubhealth,9402,"Earle Holland,Christopher Labos, MD,Mary Chris Jaklevic",en
"""Ebola is """"incredibly contagious,"""" """"very transmissible"""" and """"easy to catch.""",Misinformation,PUBHEALTH,"National, Ebola, Public Health, Rand Paul, ",claim,dataset_label,data/raw/pubhealth,16254,Steve Contorno,en
“Florida hospital reports a coronavirus ‘infestation’ with multiple confirmed patients.”,Misinformation,PUBHEALTH,"Public Health, Facebook Fact-checks, Coronavirus, YourContent, ",claim,dataset_label,data/raw/pubhealth,26774,Daniel Funke,en
Wrestling Wonsettlers are now getting physical with therapy.,Reliable,PUBHEALTH,"Health, Washington, Wrestling, Physical therapy",claim,dataset_label,data/raw/pubhealth,5252," Rick Shrum, (Washington) Observer-Reporter",en
Some North Dakotans turn to Canada for prescription pills.,Reliable,PUBHEALTH,"Medication, Health, General News, Financial markets, Bismarck, Prescription drugs, North Dakota, Canada",claim,dataset_label,data/raw/pubhealth,3837, Blair Emerson,en
Why Tortillas May Hold The Key To Healthier Babies,Reliable,PUBHEALTH,"FDA,folic acid,Hispanic,March of Dimes,neural tube defects",claim,dataset_label,data/raw/pubhealth,9695,"Sally James,Karen Carlson, MD,Kevin Lomangino",mixed
“Shands Hospital of Gainesville Florida has confirmed its first case of coronavirus.”,Misinformation,PUBHEALTH,"Florida, Facebook Fact-checks, Coronavirus, Viral image, ",claim,dataset_label,data/raw/pubhealth,26763,Ciara O'Rourke,en
Doctor: Hernandez’s brain was severely damaged by disease.,Reliable,PUBHEALTH,"NFL football, New England Patriots, Health, Boston, Aaron Hernandez, Boston University, North America, Sports, Football",claim,dataset_label,data/raw/pubhealth,5654, Alanna Durkin Richer,en
"There are four young people with no underlying illnesses in an intensive care unit in Cork due to Covid-19, who had all been taking anti-inflammatory drugs.",Misinformation,PUBHEALTH,health,claim,dataset_label,data/raw/pubhealth,41634,Kate Lewis,en
U.S. military specialists in Liberia to conduct Ebola testing: general.,Reliable,PUBHEALTH,Health News,claim,dataset_label,data/raw/pubhealth,1776,David Alexander,en
"The CDC said it “made a mistake” and reduced its count of Florida COVID-19 cases from 90,000 to 11,000.",Misinformation,PUBHEALTH,"Public Health, Florida, Facebook Fact-checks, Coronavirus, Viral image, ",claim,dataset_label,data/raw/pubhealth,25891,Tom Kertscher,en
"With fewer humans to fear, flamingos flock to Albania lagoon.",Reliable,PUBHEALTH,"Albania, International News, General News, Health, Adriatic Sea, Science, Virus Outbreak, Europe, Birds",claim,dataset_label,data/raw/pubhealth,7550, Hektor Pustina,en
"Nancy Pelosi visited Wuhan, China, in November 2019, just a month before the COVID-19 outbreak there.",Misinformation,PUBHEALTH,"Politics, COVID-19",claim,dataset_label,data/raw/pubhealth,35309,David Mikkelson,en
"""Vaping"""" a slow burner in China, world's maker of e-cigarettes.""",Reliable,PUBHEALTH,Health News,claim,dataset_label,data/raw/pubhealth,2855,Adam Jourdan,en
"U.S. women push back against stigma, cost of menstruation.",Reliable,PUBHEALTH,Health News,claim,dataset_label,data/raw/pubhealth,1593,Barbara Goldberg,en
“You see suicide rates are skyrocketing now…”,Misinformation,PUBHEALTH,"Economy, Public Health, Coronavirus, Virginia, Tim Murtaugh, ",claim,dataset_label,data/raw/pubhealth,26176,Warren Fiske,en
A man named Shane Patrick Boyle died shortly after starting a GoFundMe fundraiser for insulin.,Reliable,PUBHEALTH,"Politics, diabetes, insulin",claim,dataset_label,data/raw/pubhealth,27440,Dan Evon,en
A “face mask exempt card” allows you to cite the ADA and not wear a mask.,Misinformation,PUBHEALTH,"Civil Rights, Facebook Fact-checks, Coronavirus, Instagram posts, ",claim,dataset_label,data/raw/pubhealth,26052,Daniel Funke,en
“FREE HORSES!!!! 52 thoroughbred horses need homes. Will go to Sugarcreek this Sat. for slaughter. Gentleman died due to COVID-19 and his son wants nothing to do with them.”,Misinformation,PUBHEALTH,"Animals, Facebook Fact-checks, Coronavirus, Facebook posts, ",claim,dataset_label,data/raw/pubhealth,26118,Ciara O'Rourke,en
Longtime antidepressant could slow Parkinson's,Misinformation,PUBHEALTH,"Michigan State University,Parkinson's disease",claim,dataset_label,data/raw/pubhealth,9095,"Sally James,Doug Campos-Outcalt, MD, MPA,Kathlyn Stone",en
Supreme Court leaves Kentucky’s ultrasound law in place.,Reliable,PUBHEALTH,"AP Top News, Matt Bevin, Health, General News, Abortion, Politics, Kentucky, U.S. Supreme Court, Ultrasound, Courts, Gun politics, Laws",claim,dataset_label,data/raw/pubhealth,5191, Mark Sherman,en
Georgia bill would seek limited access to medical marijuana strain.,Reliable,PUBHEALTH,Health News,claim,dataset_label,data/raw/pubhealth,2784,David Beasley,en
We know how to stop AIDS: persuade men not to have sex with men.,Misinformation,PUBHEALTH,"Gays and Lesbians, Health Care, PunditFact, Bryan Fischer, ",claim,dataset_label,data/raw/pubhealth,16690,Katie Sanders,en
New milestone for device that can 'smell' prostate cancer,Misinformation,PUBHEALTH,"Academic medical center news release,Prostate cancer,Screening tests",claim,dataset_label,data/raw/pubhealth,9923,"A'ndrea Elyse Messer, MS, PhD,Doug Campos-Outcalt, MD, MPA,Kathlyn Stone",en
Paris streets near Notre Dame to be decontaminated from lead.,Reliable,PUBHEALTH,"Lead poisoning, Health, General News, Notre Dame Cathedral, Paris, Fires, Travel, Poisoning, Europe, International News",claim,dataset_label,data/raw/pubhealth,3446,Associated Press,en
"Expectant couples avoiding Latin America, other Zika hotspots.",Reliable,PUBHEALTH,Health News,claim,dataset_label,data/raw/pubhealth,1597,"Jeffrey Dastin, Malathi Nayak",en
Apparent suicides renew concern for end of Minnesota hotline.,Reliable,PUBHEALTH,"Health, Celebrity, Minnesota, Anthony Bourdain, Kate Spade, Mark Dayton",claim,dataset_label,data/raw/pubhealth,7137, Youssef Rddad,en
"As troops prepare to leave Afghanistan, will aid stream out?.",Reliable,PUBHEALTH,"Afghanistan, AP Top News, Foreign aid, General News, Kabul, International News, Asia Pacific, Health, United States",claim,dataset_label,data/raw/pubhealth,6207, Cara Anna,en
"Forty years ago, hardly anybody in the country had health insurance.",Misinformation,PUBHEALTH,"National, Health Care, Louie Gohmert, ",claim,dataset_label,data/raw/pubhealth,17469,Louis Jacobson,en
Arizona is only state where tribes avoid Medicaid work rules.,Reliable,PUBHEALTH,"Medicare, Arizona, Health, Politics, Native Americans, North America, Treaties, Business, Medicaid, U.S. News",claim,dataset_label,data/raw/pubhealth,6380, Felicia Fonseca,en
Several brands of baby wipes available in the U.S. were recalled in 2017 because they pose a risk of serious infection.,Misinformation,PUBHEALTH,"Medical, baby wipes, health and diy tips, nutek",claim,dataset_label,data/raw/pubhealth,31660,Kim LaCapria,en
Medical tourism offers travel firms untapped growth.,Reliable,PUBHEALTH,Health News,claim,dataset_label,data/raw/pubhealth,2538,"Maria Sheahan, Andreas Kroener",en
The son of child care expert Dr. Benjamin Spock killed himself.,Misinformation,PUBHEALTH,"Medical, ASP Article, Doctor Doctor",claim,dataset_label,data/raw/pubhealth,33688,David Mikkelson,en
NIAID Director Dr. Anthony Fauci criticized the Trump administration's decision to impose travel restrictions on China to stem the spread of COVID-19.,Misinformation,PUBHEALTH,"Politics, 2020 election, COVID-19",claim,dataset_label,data/raw/pubhealth,35913,David Mikkelson,en
Commission’s order supports ban on marijuana vaping products.,Reliable,PUBHEALTH,"Medical marijuana, General News, Marijuana, Charlie Baker, Vaping, Tobacco industry regulation",claim,dataset_label,data/raw/pubhealth,5132, Steve Leblanc,en
YouTube videos Says the Vatican confirmed that Pope Francis and two aides tested positive for coronavirus.,Misinformation,PUBHEALTH,"Facebook Fact-checks, Coronavirus, YouTube videos, ",claim,dataset_label,data/raw/pubhealth,26771,Samantha Putterman,en
[N]early one in three primary care doctors are forced to limit the number of Medicare patients they see.,Reliable,PUBHEALTH,"Georgia, Health Care, Tom Price, ",claim,dataset_label,data/raw/pubhealth,20758,Willoughby Mariano,en
Bolsonaro vs NGOs: Amazon town becomes ground zero for spat.,Reliable,PUBHEALTH,"Brazil, Caribbean, Leonardo Dicaprio, International News, General News, Forests, Latin America, Environment, Jair Bolsonaro, Non-governmental organizations",claim,dataset_label,data/raw/pubhealth,3209, David Biller And Diane Jeantet,en
Sanders accuses Biden of distorting ‘Medicare for All’ plan.,Reliable,PUBHEALTH,"Health, General News, Universal health care, Joe Biden, Carson City, Campaigns, Election 2020, Medicare, Politics, Bernie Sanders, Nevada",claim,dataset_label,data/raw/pubhealth,5147, Scott Sonner,en
House Speaker Nancy Pelosi said this week that the Democrats have to pass their terrible health care bill so that the American people can actually find out what's in it.,Reliable,PUBHEALTH,"Health Care, Texas, Republican Party of Texas, ",claim,dataset_label,data/raw/pubhealth,24170,W. Gardner Selby,en
Researchers close in on a blood test for Alzheimer's disease,Misinformation,PUBHEALTH,"Alzheimer's disease,Association/Society news release",claim,dataset_label,data/raw/pubhealth,11213,"Gary Schwitzer,Susan Molchan, MD, MA",en
Medicaid patients were 97 percent more likely to die than those with private insurance.,Misinformation,PUBHEALTH,"Health Care, Medicaid, State Budget, Florida, Richard Corcoran, ",claim,dataset_label,data/raw/pubhealth,15673,Joshua Gillin,en
Chinese researcher claims first gene-edited babies.,Reliable,PUBHEALTH,"AP Top News, Genetics, Hong Kong, Genetic Frontiers, Health, China, Science, Asia Pacific, United States, International News",claim,dataset_label,data/raw/pubhealth,7391, Marilynn Marchione,en
California brain-dead girl nears deadline for ventilator.,Reliable,PUBHEALTH,Health News,claim,dataset_label,data/raw/pubhealth,2948,Laila Kearney,en
Hays County in Central Texas has seen an “incredible 845% increase in (COVID-19) cases since June 7.”,Reliable,PUBHEALTH,"Texas, Coronavirus, Lloyd Doggett, ",claim,dataset_label,data/raw/pubhealth,26053,Madlin Mekelburg,en
A forwarded email tells the story of a young Palestinian burn patient who was caught entering Israel wearing a suicide belt with plans to blow up the doctors who saved her life.,Reliable,PUBHEALTH,"Medical, Miscellaneous",claim,dataset_label,data/raw/pubhealth,39639,  Rich Buhler & Staff  ,en
"In the health care bill, we're now offering insurance for dogs.",Misinformation,PUBHEALTH,"National, Health Care, Pundits, Glenn Beck, ",claim,dataset_label,data/raw/pubhealth,24427,Robert Farley,en
"As virus makes goodbyes hard, fears of many more rise in US.",Reliable,PUBHEALTH,"AP Top News, Health, Anthony Fauci, Middle East, Latin America, Africa, New York, Infectious diseases, Travel, Donald Trump, Asia Pacific, Virus Outbreak, Europe, General News, International News",claim,dataset_label,data/raw/pubhealth,7543," Matt Sedensky, Michael R. Sisak And Stefanie Dazio",en
Stem cells may significantly improve tendon healing by regulating inflammation,Misinformation,PUBHEALTH,"Federation of American Societies for Experimental Biology,stem cells",claim,dataset_label,data/raw/pubhealth,9144,"Sharon Dunwoody, PhD,Doug Campos-Outcalt, MD, MPA,Kathlyn Stone",mixed
California considers requiring zero emission truck sales.,Reliable,PUBHEALTH,"Health, General News, California, Science, U.S. News, Air quality, Pollution",claim,dataset_label,data/raw/pubhealth,3159, Adam Beam,en
World's governments draft manufacturers for virus treatment arsenal.,Reliable,PUBHEALTH,Health News,claim,dataset_label,data/raw/pubhealth,7927,"Sarah Young, Costas Pitas, Giulio Piovaccari, Elvira Pollina",en
US to waive environmental reviews for San Diego border wall.,Reliable,PUBHEALTH,"San Diego, North America, Environment, National security, Environmental policy, U.S. News, Donald Trump",claim,dataset_label,data/raw/pubhealth,5622, Elliot Spagat,en
"""Mental health provisions related to mass shootings """"got over 90 votes in the Senate.""",Reliable,PUBHEALTH,"New Hampshire, Health Care, Guns, Kelly Ayotte, ",claim,dataset_label,data/raw/pubhealth,17901,Steve Gilbert,en
CVS drug coverage plan based on outside pricing review is off to a slow start.,Reliable,PUBHEALTH,Health News,claim,dataset_label,data/raw/pubhealth,145,Caroline Humer,en
"Speaking of his restriction on travel from China, “I had (Joe) Biden calling me xenophobic. … He called me a racist, because of the fact that he felt it was a racist thing to stop people from China coming in.”",Misinformation,PUBHEALTH,"China, Health Care, Public Health, Coronavirus, Donald Trump, ",claim,dataset_label,data/raw/pubhealth,26583,Miriam Valverde,en
"“To children and the vast majority of young and middle-aged adults and the vast majority of teachers, (the coronavirus) poses virtually zero threat.",Misinformation,PUBHEALTH,"Children, Education, Public Health, Pundits, PunditFact, Coronavirus, Tucker Carlson, ",claim,dataset_label,data/raw/pubhealth,25967,Bill McCarthy,en
Pennsylvania families demand investigation into rare cancers.,Reliable,PUBHEALTH,"U.S. News, Cancer, Hydraulic fracturing, Health, General News, Pennsylvania, Tom Wolf, Childhood cancer, Pollution",claim,dataset_label,data/raw/pubhealth,4246, Michael Rubinkam,en
Rush is First to Use Microburst Vagus Nerve Stimulation for Drug-Resistant Epilepsy,Misinformation,PUBHEALTH,Academic medical center news release,claim,dataset_label,data/raw/pubhealth,10712,"Joann Rodgers, MS,Harold J. DeMonaco, MS,Kathlyn Stone",en
Special report: Targeting teens for gastric bands.,Reliable,PUBHEALTH,Health News,claim,dataset_label,data/raw/pubhealth,2090,Debra Sherman,en
"""Over half of the young people"""" in medical, dental and law schools are women.""",Misinformation,PUBHEALTH,"National, Education, Health Care, Legal Issues, Women, Rand Paul, ",claim,dataset_label,data/raw/pubhealth,17451,Steve Contorno,en
Going into hospital far riskier than flying: WHO.,Reliable,PUBHEALTH,Health News,claim,dataset_label,data/raw/pubhealth,1966,Stephanie Nebehay,en
"Sugar Is Definitely Toxic, a New Study Says",Reliable,PUBHEALTH,"diabetes,Dr. Robert Lustig,sugar,weight loss",claim,dataset_label,data/raw/pubhealth,9716,"Joann Rodgers, MS,Kathleen Fairfield, MD, DrPH,Kevin Lomangino",en
Incontinence Drug May Cut Hot Flashes in Breast Cancer Survivors,Reliable,PUBHEALTH,"breast cancer,hot flashes",claim,dataset_label,data/raw/pubhealth,9307,"Sue Rochman,Karen Carlson, MD,Joy Victory",mixed
"A hapless man somehow got his head stuck in his wife's vagina during sex, resulting in the couple's hospitalization.",Misinformation,PUBHEALTH,"Junk News, fake news, medical accidents, pagez",claim,dataset_label,data/raw/pubhealth,30993,Dan Evon,en
India breaks free of polio in boost to global immunization drive.,Reliable,PUBHEALTH,Health News,claim,dataset_label,data/raw/pubhealth,2887,Nita Bhalla,en
Washington state to sue over Trump’s new abortion policy.,Reliable,PUBHEALTH,"Planned Parenthood, Health, Abortion, Lawsuits, Washington, Politics, North America, Bob Ferguson, U.S. News, Donald Trump",claim,dataset_label,data/raw/pubhealth,5692, Gene Johnson,en
"Brain changes seen in pregnancy, may help preparing for baby.",Reliable,PUBHEALTH,"Health, Motherhood, AP Top News, Science, Spain",claim,dataset_label,data/raw/pubhealth,7041, Malcolm Ritter,mixed
Medicare officials have treated Humana and AARP inconsistently on how they can communicate with seniors.,Misinformation,PUBHEALTH,"National, Health Care, Medicare, House Republican Conference, ",claim,dataset_label,data/raw/pubhealth,24508,Angie Drobnic Holan,en
The Who’s Roger Daltrey visits teenage cancer patients.,Reliable,PUBHEALTH,"Cancer, Music, Entertainment, North America, Health, Pete Townshend, Cleveland, Roger Daltrey",claim,dataset_label,data/raw/pubhealth,7175, Tom Withers,en
Viral image Says kitchen worker in viral video is potentially spreading coronavirus by blowing into food containers.,Misinformation,PUBHEALTH,"Facebook Fact-checks, Coronavirus, Viral image, ",claim,dataset_label,data/raw/pubhealth,26286,Ciara O'Rourke,en
"""Texas has """"the nation's highest rate and highest number of uninsured.""",Reliable,PUBHEALTH,"Health Care, State Budget, States, Texas, Donna Howard, ",claim,dataset_label,data/raw/pubhealth,15426,W. Gardner Selby,en
Photo shows a crowded New York City subway train during stay-at-home order.,Reliable,PUBHEALTH,"Transportation, Facebook Fact-checks, New York, Coronavirus, Viral image, ",claim,dataset_label,data/raw/pubhealth,26533,Samantha Putterman,tl
"""U.S. President Donald Trump's diagnosis with COVID-19 spurred the launch of """"doomsday planes."""" """,Misinformation,PUBHEALTH,"Politics, 2020 election, COVID-19",claim,dataset_label,data/raw/pubhealth,35884,Dan Evon,en
Taiwan rebuffs accusations it racially attacked WHO chief.,Reliable,PUBHEALTH,Health News,claim,dataset_label,data/raw/pubhealth,8559,Ben Blanchard,en
Overnight Fasting May Reduce Breast Cancer Risk in Women,Misinformation,PUBHEALTH,"Academic medical center news release,Breast cancer",claim,dataset_label,data/raw/pubhealth,10339,"Mandy Stahre, PhD,Deanna Attai, MD, FACS,Gary Schwitzer",mixed
"In the case of a catastrophic event, the Atlanta-area offices of the Centers for Disease Control and Prevention will self-destruct.",Misinformation,PUBHEALTH,"Georgia, Health Care, Pop Culture, The Walking Dead, ",claim,dataset_label,data/raw/pubhealth,22874,Willoughby Mariano,en
US permits sale of cigarettes with 95% less nicotine.,Reliable,PUBHEALTH,"Health, General News, Business, Smoking, U.S. News, Tobacco industry regulation",claim,dataset_label,data/raw/pubhealth,3774, Matthew Perrone,en
A Missouri school district asked parents to sign a COVID-19 liability waiver in advance of the 2020-2021 school year.,Reliable,PUBHEALTH,"Politics Education, COVID-19",claim,dataset_label,data/raw/pubhealth,35457,Madison Dapcevich,en
Maryland governor eases restrictions caused by virus.,Reliable,PUBHEALTH,"Technology, General News, Business, Larry Hogan, Maryland, Virus Outbreak, Public health",claim,dataset_label,data/raw/pubhealth,7444, Brian Witte,en
A critically endangered Malabar civet was seen for the first time since the 1990s during a COVID-19 lockdown in India.,Misinformation,PUBHEALTH,"Critter Country, COVID-19",claim,dataset_label,data/raw/pubhealth,35110,Dan Evon,en
Dandelion root can kill 98 percent of cancer cells in 48 hours.,Misinformation,PUBHEALTH,"Medical, alternative medicine, cancer, cancer conspiracy",claim,dataset_label,data/raw/pubhealth,29458,Kim LaCapria,en
"""Jerome R. Corsi Says Dr. Anthony Fauci's name appears on """"4 U.S. patents for a key glycoprotein” used to “create the current COVID-19 epidemic.”""",Misinformation,PUBHEALTH,"Facebook Fact-checks, Coronavirus, Jerome R. Corsi, ",claim,dataset_label,data/raw/pubhealth,26327,Daniel Funke,en
"Amid holiday canned-food drives, U.S. food banks take up farming.",Reliable,PUBHEALTH,Health News,claim,dataset_label,data/raw/pubhealth,2419,Daniel Kelley,en
Reggae icon Bob Marley's family to lend name to cannabis brand.,Reliable,PUBHEALTH,Health News,claim,dataset_label,data/raw/pubhealth,1753,Eric M. Johnson,en
Region hit hard by opioids embraces jail-based treatment.,Reliable,PUBHEALTH,"Opioids, Prisons, Health, General News, Addiction treatment, Crime, Massachusetts, U.S. News, Springfield",claim,dataset_label,data/raw/pubhealth,5237, Philip Marcelo,en
US screens more staff in China over mystery health issues.,Reliable,PUBHEALTH,"Heather Nauert, AP Top News, Cuba, International News, Guangzhou, Politics, North America, Health, China, Asia Pacific",claim,dataset_label,data/raw/pubhealth,6601, Kelvin Chan And Dake Kang,en
“Almost 75 percent of the deaths from COVID-19 in the state of Texas are a result of people contracting COVID-19 who are age 65 and older.”,Reliable,PUBHEALTH,"Texas, Coronavirus, Greg Abbott, ",claim,dataset_label,data/raw/pubhealth,26264,Taylor Goldenstein,en
"""Joseph Maldonado-Passage, better known as Joe Exotic of """"Tiger King,"""" has COVID-19 coronavirus disease.""",Misinformation,PUBHEALTH,"Entertainment, COVID-19",claim,dataset_label,data/raw/pubhealth,35229,Dan Evon,en
"Bill to raise tobacco age has unlikely allies: Altria, Juul.",Reliable,PUBHEALTH,"AP Top News, Health, General News, Legislation, Politics, Laws, Vaping, Bills, Tobacco industry regulation, U.S. News",claim,dataset_label,data/raw/pubhealth,3763, Matthew Perrone And Richard Lardner,en
Roche 'brain shuttle' technology offers Alzheimer's hope.,Reliable,PUBHEALTH,Health News,claim,dataset_label,data/raw/pubhealth,2919,Caroline Copley,en
Fighting halts polio vaccination in northern Syria.,Reliable,PUBHEALTH,Health News,claim,dataset_label,data/raw/pubhealth,2880,Stephanie Nebehay,en
"""Edward Markey Says HIV and AIDS rates have spiked """"due to increased heroin and fentanyl use.""",Misinformation,PUBHEALTH,"National, Public Health, Edward Markey, ",claim,dataset_label,data/raw/pubhealth,11942,Miriam Valverde,en
Opioid crisis (is) the worst in ObamaCare expansion states!,Misinformation,PUBHEALTH,"Medicaid, Florida, Matt Gaetz, ",claim,dataset_label,data/raw/pubhealth,11968,Allison Graves,en
"Georgia has the nation's fifth largest Women, Infants and Children (WIC) Supplemental Nutrition program, serving more than 270,000 mothers, babies and children every day.",Reliable,PUBHEALTH,"Georgia, Welfare, Georgia Department of Public Health, ",claim,dataset_label,data/raw/pubhealth,17134,Nancy Badertscher,en
CD34+ cell treatment reduced angina frequency for 'no option' patients,Misinformation,PUBHEALTH,"Academic medical center news release,cardiovascular disease",claim,dataset_label,data/raw/pubhealth,10336,"Matt Shipman,A'ndrea Elyse Messer, MS, PhD,Kathlyn Stone",en
Pelvic disorders common among women: study.,Reliable,PUBHEALTH,Health News,claim,dataset_label,data/raw/pubhealth,8747,Julie Steenhuysen,en
"There will be 50,000 more nurses going into the NHS.",Reliable,PUBHEALTH,health,claim,dataset_label,data/raw/pubhealth,41714,Claire Milne,en
Melatonin reduces blood pressure and tunes up disrupted circadian rhythms in the elderly,Misinformation,PUBHEALTH,"Academic medical center news release,cardiovascular disease",claim,dataset_label,data/raw/pubhealth,10291,"Sharon Dunwoody, PhD,Kathleen Fairfield, MD, DrPH,Kathlyn Stone",en
Child advocate sees lack of oversight at youth treatment hub.,Reliable,PUBHEALTH,"Health, New Hampshire, General News, Child welfare",claim,dataset_label,data/raw/pubhealth,4786, Holly Ramer,mixed
You Could Skip Your Colonoscopy If You’re Willing To Collect Your Poop,Reliable,PUBHEALTH,"colon cancer,uspstf",claim,dataset_label,data/raw/pubhealth,9588,"Earle Holland,Dan Mayer, MD,Joy Victory",en
"The CDC “adjusted the US Covid deaths from 153,504 to 9,210.”",Misinformation,PUBHEALTH,"Facebook Fact-checks, Coronavirus, Facebook posts, ",claim,dataset_label,data/raw/pubhealth,25664,Daniel Funke,en
"""North Carolina’s health department is """"telling hospitals that if they decide to do elective surgeries, they won’t be eligible to receive (protective equipment) from the state.”""",Misinformation,PUBHEALTH,"North Carolina, Coronavirus, Warren Daniel, ",claim,dataset_label,data/raw/pubhealth,26345,Paul Specht,en
Soft drink makers target U.S. youth online: study.,Reliable,PUBHEALTH,Health News,claim,dataset_label,data/raw/pubhealth,1920,Martinne Geller,en
Sibley Memorial Hospital Selects Hitachi for Their Proton Beam Therapy System in Washington D.C.,Misinformation,PUBHEALTH,"Johns Hopkins,proton therapy,Sibley Memorial Hospital,University of Maryland",claim,dataset_label,data/raw/pubhealth,9282,"Kathlyn Stone,Harold J. DeMonaco, MS,Kevin Lomangino",en
Nonprofit group commits $30M for new Omaha VA facility.,Reliable,PUBHEALTH,"Public-private partnerships, Omaha, Health, Nebraska, David Shulkin, Veterans, Veterans affairs, Barack Obama",claim,dataset_label,data/raw/pubhealth,6055, Nelson Lampe,en
Ukrainian doctors fly to Italy to help combat coronavirus.,Reliable,PUBHEALTH,Health News,claim,dataset_label,data/raw/pubhealth,8328,Sergiy Karazy,en
Spain's daily coronavirus deaths decline as testing increases.,Reliable,PUBHEALTH,Health News,claim,dataset_label,data/raw/pubhealth,8444,"Inti Landauro, Emma Pinedo",en
"Opioid 'kingpin' J&J fueled epidemic, Oklahoma argues at trial's end.",Reliable,PUBHEALTH,Health News,claim,dataset_label,data/raw/pubhealth,260,Heide Brandes,tl
A photograph shows protest signs carried by demonstrators calling for the loosening of COVID-19 social-distancing restrictions.,Misinformation,PUBHEALTH,"Fauxtography, COVID-19",claim,dataset_label,data/raw/pubhealth,35294,David Mikkelson,en
New York hospitalizations fall for first time in coronavirus pandemic: governor.,Reliable,PUBHEALTH,Health News,claim,dataset_label,data/raw/pubhealth,8305,"Nathan Layne, Maria Caspani",en
Afghan surgeon earns from rich to help pay for treating poor.,Reliable,PUBHEALTH,Health News,claim,dataset_label,data/raw/pubhealth,1632,"Jessica Donati, Mirwais Harooni",en
Florida is 49th in per capita spending on mental health care.,Reliable,PUBHEALTH,"Health Care, Florida, Bud Chiles, ",claim,dataset_label,data/raw/pubhealth,23477,Amy Sherman,en
"""Say Wisconsin Republican lawmakers have done nothing """"while neighboring states like Minnesota, Illinois and Michigan have already implemented safety precautions like requiring individuals to wear masks.""",Reliable,PUBHEALTH,"Public Health, States, Wisconsin, Coronavirus, Wisconsin state Senate Democrats, ",claim,dataset_label,data/raw/pubhealth,25860,Haley BeMiller,en
Aldo Dávila set to be Guatemala’s 1st openly gay congressman.,Reliable,PUBHEALTH,"Legislature, Religion, Health, General News, Latin America, Guatemala City, Caribbean, International News, Guatemala",claim,dataset_label,data/raw/pubhealth,5016, Sonia Pérez D.,en
A growing number of states call porn a public health crisis.,Reliable,PUBHEALTH,"Arizona, Health, Entertainment, Sylvia Allen, North America, Social issues, Pornography, U.S. News, Public health",claim,dataset_label,data/raw/pubhealth,3071, Lindsay Whitehurst And Jonathan J. Cooper,en
"“The Democrats are pushing for an implanted microchip in humans, and everyone to be vaccinated.”",Misinformation,PUBHEALTH,"Public Health, Privacy Issues, Facebook Fact-checks, Coronavirus, Facebook posts, ",claim,dataset_label,data/raw/pubhealth,26426,Louis Jacobson,en
Penn research: An FDA-approved Alzheimer's drug could help smokers quit,Reliable,PUBHEALTH,"Academic medical center news release,Alzheimer's disease",claim,dataset_label,data/raw/pubhealth,10568,"Kathlyn Stone,Susan Molchan, MD, MA,Kevin Lomangino",en
UK fears crisis as 11.5 million get potentially addictive drugs.,Reliable,PUBHEALTH,Health News,claim,dataset_label,data/raw/pubhealth,155,Kate Kelland,en
"""Tony Evers Says Wisconsin measures have """"prevented the death of at least 300 Wisconsinites, and perhaps as many as 1,400 lives.""",Reliable,PUBHEALTH,"Health Care, Public Health, Wisconsin, Coronavirus, Tony Evers, ",claim,dataset_label,data/raw/pubhealth,26381,Eric Litke,mixed
Kaine downplays presidential readiness amid Clinton illness.,Reliable,PUBHEALTH,"Tim Kaine, Hillary Clinton, New York City, Campaign 2016, New York, Michigan, AP Politics, Ted Strickland, Pneumonia, Health, Ann Arbor",claim,dataset_label,data/raw/pubhealth,5869, Will Weissert,en
Georgia has the highest flu activity in the country.,Reliable,PUBHEALTH,"Georgia, Drugs, Health Care, Public Health, States, Centers for Disease Control, ",claim,dataset_label,data/raw/pubhealth,15002,Nancy Badertscher,en
Marco Rubio voted against funding health clinics that provide critical care during this public health emergency (Zika).,Misinformation,PUBHEALTH,"Abortion, Congress, Health Care, Florida, NARAL Pro-Choice America, ",claim,dataset_label,data/raw/pubhealth,27013,Amy Sherman,en
"“President Trump, COVID-19 coronavirus: U.S. cases 1,329; U.S. deaths, 38; panic level: mass hysteria. President Obama, H1N1 virus: U.S. cases, 60.8 million; U.S. deaths, 12,469; panic level: totally chill. Do you all see how the media can manipulate your life.”",Misinformation,PUBHEALTH,"Corrections and Updates, Public Health, Facebook Fact-checks, Coronavirus, Viral image, ",claim,dataset_label,data/raw/pubhealth,26644,Tom Kertscher,en
"New York City could pay to house its homeless population in hotel rooms currently sitting vacant, but Mayor Bill de Blasio “has absolutely to this point refused to do that.”",Reliable,PUBHEALTH,"Homeless, Public Health, New York, Coronavirus, Coalition for the Homeless, ",claim,dataset_label,data/raw/pubhealth,26319,Rachel Kimmel,en
The Promise (and Limits) of Pediatric Proton Radiation,Reliable,PUBHEALTH,"Cancer,U.S. News & World Report",claim,dataset_label,data/raw/pubhealth,11192,"Joann Rodgers, MS,Steven J. Atlas, MD, MPH,Joy Victory",en
Nobody dies because they don’t have access to health care.,Misinformation,PUBHEALTH,"National, Health Care, Raul Labrador, ",claim,dataset_label,data/raw/pubhealth,12532,Louis Jacobson,en
Lovato has concert activities for mental health awareness.,Reliable,PUBHEALTH,"Mental health, Health, Entertainment, Bipolar disorder, North America, Newark, Music, Demi Lovato, Concerts",claim,dataset_label,data/raw/pubhealth,7016, John Carucci,en
"Preventive care … saves money, for families, for businesses, for government, for everybody.",Misinformation,PUBHEALTH,"National, Health Care, Barack Obama, ",claim,dataset_label,data/raw/pubhealth,20653,Louis Jacobson,en
New stroke imaging technology could reduce potential for patient brain damage,Misinformation,PUBHEALTH,"Society of NeuroInterventional Surgery,stroke imaging technology",claim,dataset_label,data/raw/pubhealth,8978,"Matt Shipman,Steven J. Atlas, MD, MPH,Kathlyn Stone",en
"""Americans without disabilities can legally use a federal ADA """"loophole"""" to avoid wearing a mask in stores that require them. """,Misinformation,PUBHEALTH,"Medical, COVID-19",claim,dataset_label,data/raw/pubhealth,35326,Dan Evon,en
Health care reform legislation is “likely to mandate free ‘sex change’ surgeries.”,Misinformation,PUBHEALTH,"National, Health Care, Bloggers, ",claim,dataset_label,data/raw/pubhealth,24604,Louis Jacobson,en
U.S. fast-food meat still mostly raised on antibiotics: consumer groups.,Reliable,PUBHEALTH,Health News,claim,dataset_label,data/raw/pubhealth,1631,Lisa Baertlein,en
Trump aims to reduce drug costs under Medicare.,Reliable,PUBHEALTH,"Seniors, Medication, Health, Politics, North America, Prescription drug costs, Business, Medicare, Prescription drugs, Donald Trump",claim,dataset_label,data/raw/pubhealth,3813, Ricardo Alonso-Zaldivar And Matthew Perrone,en
A Californian and Ecuadorian couple proved it is possible to live on nothing but air.,Misinformation,PUBHEALTH,"Medical, breatharian, breatharianism, dangerous woo",claim,dataset_label,data/raw/pubhealth,31259,Kim LaCapria,en
We’ve still had more deaths to the flu this year than we've had COVID-19.,Misinformation,PUBHEALTH,"Public Health, North Carolina, Coronavirus, Dan Forest, ",claim,dataset_label,data/raw/pubhealth,26358,Paul Specht,en
Facebook post Says to leave objects in the sun to avoid contracting the coronavirus.,Misinformation,PUBHEALTH,"Environment, Public Health, Facebook Fact-checks, Coronavirus, Facebook posts, ",claim,dataset_label,data/raw/pubhealth,26584,Tom Kertscher,en
"Without vaccine, hundreds of children die in Madagascar measles outbreak.",Reliable,PUBHEALTH,Health News,claim,dataset_label,data/raw/pubhealth,340,Lova Rabary,en
Seven out of ten doctors are not taking any new Medicaid patients as lower reimbursement rates make it cost-prohibitive.,Misinformation,PUBHEALTH,"Health Care, Medicaid, Texas, Donna Campbell, ",claim,dataset_label,data/raw/pubhealth,12649,W. Gardner Selby,en
50 children killed by measles in Samoa as outbreak worsens.,Reliable,PUBHEALTH,"Samoa, Health, Measles, General News, New Zealand, Epidemics, Asia Pacific, International News",claim,dataset_label,data/raw/pubhealth,3703, Nick Perry,en
"Obesity to worsen, weigh heavily on healthcare costs.",Reliable,PUBHEALTH,Health News,claim,dataset_label,data/raw/pubhealth,1950,Tan Ee Lyn,en
Social media posts warn dog owners not to give their dogs Canine Carry Outs brand dog treats because an anti-freeze called propylene glycol is listed in its ingredients and will poison their pet.,Misinformation,PUBHEALTH,"Animals, Food / Drink, Health / Medical",claim,dataset_label,data/raw/pubhealth,38984,  Rich Buhler & Staff  ,en
Femara Cuts Cancer Recurrence Even if Started Late.,Reliable,PUBHEALTH,Health News,claim,dataset_label,data/raw/pubhealth,8876,Julie Steenhuysen,en
Tick towns: Researchers target neighborhoods in Lyme effort.,Reliable,PUBHEALTH,"New York City, New York, Ticks, Lyme disease, Health, U.S. News",claim,dataset_label,data/raw/pubhealth,4066, Michael Hill,en
Missouri lawmakers OK mail-in voting on final day of work.,Reliable,PUBHEALTH,"Bills, Voting, Michael Brown, Health, General News, Elections, Crime, Virus Outbreak, Violent crime, Laws",claim,dataset_label,data/raw/pubhealth,7361, Summer Ballentine,en
"""Gwen Moore Says Wisconsin Gov. Scott Walker eliminated """"cancer screenings for uninsured women"""" and offered """"no alternatives.""",Misinformation,PUBHEALTH,"Corrections and Updates, Health Care, Women, Wisconsin, Gwen Moore, ",claim,dataset_label,data/raw/pubhealth,20872,Tom Kertscher,en
Caution: Kissing and cuddling chickens can be hazardous to your health.,Reliable,PUBHEALTH,"Georgia, Agriculture, Animals, Food Safety, Public Health, Urban, Centers for Disease Control, ",claim,dataset_label,data/raw/pubhealth,15297,Nancy Badertscher,en
High on the menu: cannabis spaghetti features at Italian foodfest.,Reliable,PUBHEALTH,Health News,claim,dataset_label,data/raw/pubhealth,1644,Pamela Barbaglia,mixed
Scientology cruise ship faces renewed quarantine at home port in Curacao.,Reliable,PUBHEALTH,Health News,claim,dataset_label,data/raw/pubhealth,1075,Steve Gorman,mixed
"Heather Holland, a 38-year-old grade school teacher in Willow Park, Texas, died because she couldn't afford the co-pay for her flu medication.",Misinformation,PUBHEALTH,"Medical, big pharma, flu, flu shot",claim,dataset_label,data/raw/pubhealth,29258,David Emery,en
“We’ve tested more than every country combined.”,Misinformation,PUBHEALTH,"Health Check, Coronavirus, Donald Trump, ",claim,dataset_label,data/raw/pubhealth,26390,Shefali Luthra,en
Kentucky lawmaker to continue campaign despite brain tumor.,Reliable,PUBHEALTH,"Health, Tumors, Elections, Kentucky, Campaigns",claim,dataset_label,data/raw/pubhealth,6876, Adam Beam,en
Clinical study finds a specialized lollipop can end a kid's earache in nine of ten cases,Misinformation,PUBHEALTH,"industry/commercial news releases,medical devices",claim,dataset_label,data/raw/pubhealth,10868,"William Heisel,Ishani Ganguli, MD, MPH,Kathlyn Stone",en
Alcohol deaths in England at record high after 6% rise in a year.,Reliable,PUBHEALTH,health,claim,dataset_label,data/raw/pubhealth,41703,Joël Reland,mixed
"“There have been five randomized controlled, placebo controlled trials that do not show any benefit to hydroxychloroquine.”",Reliable,PUBHEALTH,"National, Coronavirus, Brett Giroir, ",claim,dataset_label,data/raw/pubhealth,25828,Jon Greenberg,en
Puerto Rico discovers protective supply cache amid COVID-19.,Reliable,PUBHEALTH,"Hurricane Maria, Health, General News, Storms, Latin America, Caribbean, Puerto Rico, Hurricanes, Virus Outbreak",claim,dataset_label,data/raw/pubhealth,7332, Danica Coto,en
When working out is too much of a good thing.,Reliable,PUBHEALTH,Health News,claim,dataset_label,data/raw/pubhealth,1844,Dorene Internicola,en
Monstrous rumors stoke hostility to Pakistan's anti-polio drive.,Reliable,PUBHEALTH,Health News,claim,dataset_label,data/raw/pubhealth,1078,"Asif Shahzad, And Jibran Ahmad",en
"Warren, candidate with the answers, dodges tax hike question.",Reliable,PUBHEALTH,"Health care reform, General News, Politics, Election 2020, Elizabeth Warren, Medicare, Business, Health",claim,dataset_label,data/raw/pubhealth,4533, Will Weissert And Ricardo Alonso-Zaldivar,en
Key to High Intensity Interval Training found outside comfort zone.,Reliable,PUBHEALTH,Health News,claim,dataset_label,data/raw/pubhealth,1721,Dorene Internicola,en
Rick Perry Says New York has ‘bureaucrats telling you whether you can even drink a Big Gulp.’,Misinformation,PUBHEALTH,"City Government, Government Regulation, Public Health, Texas, Rick Perry, ",claim,dataset_label,data/raw/pubhealth,18249,Sue Owen,en
"""Samir Chachoua Says he cured Charlie Sheen and the island of Comoros of HIV with """"milk from goats, which had arthritis.""",Misinformation,PUBHEALTH,"Global News Service, Health Care, Public Health, Science, Samir Chachoua, ",claim,dataset_label,data/raw/pubhealth,14558,Linda Qiu,en
U.S. judge blocks graphic cigarette warnings.,Reliable,PUBHEALTH,Health News,claim,dataset_label,data/raw/pubhealth,1913,"Alina Selyukh, Jeremy Pelofsky",en
India proposes regional fund to fight coronavirus as cases exceed 100.,Reliable,PUBHEALTH,Health News,claim,dataset_label,data/raw/pubhealth,8215,Devjyot Ghoshal,en
Bayer faces fourth U.S. Roundup cancer trial in Monsanto's hometown.,Reliable,PUBHEALTH,Health News,claim,dataset_label,data/raw/pubhealth,8915,Tina Bellon,en
"Artificial intelligence can predict Alzheimer’s 6 years earlier than medics, study finds",Misinformation,PUBHEALTH,alzheimer's disease,claim,dataset_label,data/raw/pubhealth,9317,"Michael Joyce, MD,Susan Molchan, MD, MA,Joy Victory",en
Crumbling health bill dents McConnell image as top tactician.,Reliable,PUBHEALTH,"AP Top News, Barack Obama, Rand Paul, Health care reform, Statutes, Legislation, Politics, North America, Jerry Moran, Medicaid, Bills, Mitch McConnell, Mike Lee",claim,dataset_label,data/raw/pubhealth,4859, Alan Fram,en
Governor outlines effort to bolster mental health services.,Reliable,PUBHEALTH,"Mental health, Opioids, Health, General News, Pennsylvania, Tom Wolf",claim,dataset_label,data/raw/pubhealth,3664, Mark Scolforo,en
Gates Foundation stands to make nearly £31.5 billion on a coronavirus vaccine in U.K.,Misinformation,PUBHEALTH,"Facebook Fact-checks, Coronavirus, Facebook posts, ",claim,dataset_label,data/raw/pubhealth,26313,Daniel Funke,en
Red Cross reports new outbreak of dengue fever in Yemen.,Reliable,PUBHEALTH,"Dengue fever, Malaria, Health, Cholera, General News, United Nations, Yemen, Middle East, U.S. News",claim,dataset_label,data/raw/pubhealth,4823, Edith M. Lederer,en
Scientists build DNA from scratch to alter life’s blueprint.,Reliable,PUBHEALTH,"AP Top News, Technology, Genetic Frontiers, North America, Health, Science, Asia Pacific, U.S. News, Europe",claim,dataset_label,data/raw/pubhealth,7409, Malcolm Ritter,en
Trump to name former pharma exec as vaccine czar.,Reliable,PUBHEALTH,"Understanding the Outbreak, Army, General News, Politics, Science, Donald Trump, Virus Outbreak, United States",claim,dataset_label,data/raw/pubhealth,7471, Zeke Miller,en
"If you die, you can send your ashes to legislators as one final act of protest.",Reliable,PUBHEALTH,"Politics, American Health Care Act, posthumous, protests",claim,dataset_label,data/raw/pubhealth,27551,Arturo Garcia,en
"""Wrong"""" COVID-19 case count by Orlando Health """"explains the 'outbreak' in Florida.""",Misinformation,PUBHEALTH,"Public Health, Florida, Facebook Fact-checks, Coronavirus, Facebook posts, ",claim,dataset_label,data/raw/pubhealth,25951,Tom Kertscher,en
“Bill Gates admits his COVID-19 vaccine might kill nearly 1 million people.”,Misinformation,PUBHEALTH,"Public Health, Facebook Fact-checks, Coronavirus, Facebook posts, ",claim,dataset_label,data/raw/pubhealth,26289,Tom Kertscher,en
Tumor gene testing urged to tell if drug targets your cancer.,Reliable,PUBHEALTH,"AP Top News, Cancer, Health, Tumors, Politics, Uterine cancer, Genetic Frontiers, North America",claim,dataset_label,data/raw/pubhealth,7410, Lauran Neergaard,en
"""U.S. Rep. John Barrow’s plan """"puts the IRS in charge of your health care.""",Misinformation,PUBHEALTH,"Georgia, Health Care, National Republican Congressional Committee, ",claim,dataset_label,data/raw/pubhealth,18309,Eric Stirgus,en
"""Seniors and the disabled """"will have to stand in front of Obama's 'death panel' so his bureaucrats can decide, based on a subjective judgment of their 'level of productivity in society,' whether they are worthy of health care.""",Misinformation,PUBHEALTH,"National, Health Care, Sarah Palin, ",claim,dataset_label,data/raw/pubhealth,24600,Angie Drobnic Holan,en
Vietnamese hat seller turns to homemade face shields in virus fight.,Reliable,PUBHEALTH,Health News,claim,dataset_label,data/raw/pubhealth,8600,Yen Duong,en
Past few days ‘difficult’ for former Tennessee coach Summitt.,Reliable,PUBHEALTH,"Womens basketball, Top News, Health, Isabelle Harrison, Knoxville, Pat Summitt, Sports, Basketball, College Sports, Tamika Catchings, Tennessee, Alzheimers disease",claim,dataset_label,data/raw/pubhealth,6594, Steve Megargee,en
Onions placed in bowls around your home will fight off the flu virus.,Misinformation,PUBHEALTH,"Medical, Home Cures",claim,dataset_label,data/raw/pubhealth,35180,Snopes Staff,en
Facebook post Says a “5G LAW PASSED while everyone was distracted” with the coronavirus pandemic and lists 20 symptoms associated with 5G exposure.,Misinformation,PUBHEALTH,"Facebook Fact-checks, Coronavirus, Facebook posts, ",claim,dataset_label,data/raw/pubhealth,26547,Daniel Funke,en
Two charities to pay $6 million to resolve U.S. pharma kickback probe.,Reliable,PUBHEALTH,Health News,claim,dataset_label,data/raw/pubhealth,103,Nate Raymond,en
Abortion-rights activists renew battle in Argentina.,Reliable,PUBHEALTH,"Campaigns, Reproductive rights, Health, Abortion, Buenos Aires, Legislation, Latin America, Caribbean, Penelope Cruz, Pope Francis, Womens health, Argentina, Bills, Religion",claim,dataset_label,data/raw/pubhealth,5292, Luis Andres Henao,en
GSK's long acting HIV injection gets boost from study.,Reliable,PUBHEALTH,Health News,claim,dataset_label,data/raw/pubhealth,214,"Ludwig Burger, Pushkala Aripaka",en
"In a first, Peruvian with Down syndrome runs for parliament .",Reliable,PUBHEALTH,"Caribbean, Down syndrome, Health, General News, Latin America, Campaigns, Peru, Lima",claim,dataset_label,data/raw/pubhealth,4710, Franklin Briceño,en
"Lung cancer rates decline for U.S. men, women: study.",Reliable,PUBHEALTH,Health News,claim,dataset_label,data/raw/pubhealth,2902,David Beasley,en
Melinda Gates wore an upside-down cross in broadcast interviews in May 2020 to denounce Christianity.,Misinformation,PUBHEALTH,"Politics, COVID-19",claim,dataset_label,data/raw/pubhealth,35541,Jessica Lee,mixed
Zimbabwe doctors say receiving death threats over strike.,Reliable,PUBHEALTH,Health News,claim,dataset_label,data/raw/pubhealth,724,Macdonald Dzirutwe,en
"Global Fund raises $13.92 billion to fight AIDS, TB, malaria.",Reliable,PUBHEALTH,"Bill Gates, Malaria, Emmanuel Macron, General News, Entertainment, France, Africa, Health, Bono, Tuberculosis, Celebrities, Europe",claim,dataset_label,data/raw/pubhealth,4333, Sylvie Corbet,en
A man who spent six days in a coma after an attack awoke speaking ancient Hebrew and has no recollection of his former life.,Misinformation,PUBHEALTH,Health / Medical,claim,dataset_label,data/raw/pubhealth,38838,  Rich Buhler & Staff  ,en
Nobel peace winners demand action against sex abuse.,Reliable,PUBHEALTH,"Nadia Murad, Denis Mukwege, International News, Norway, Africa, Health, Nobel Prizes, Iraq, Europe",claim,dataset_label,data/raw/pubhealth,7045, David Keyton,en
"Japan empress turns 56, still recovering her mental health.",Reliable,PUBHEALTH,"Stress, Mental health, International News, General News, Birthdays, Health, Japan, Asia Pacific, Naruhito",claim,dataset_label,data/raw/pubhealth,3900, Mari Yamaguchi,en
Johnson & Johnson says new tests show no asbestos in Johnson's Baby Powder.,Reliable,PUBHEALTH,Health News,claim,dataset_label,data/raw/pubhealth,45,"Sanjana  Shivdas, Carl O'Donnell",en
Weight-Loss Surgery Sheds Pounds Long Term,Reliable,PUBHEALTH,bariatric surgery,claim,dataset_label,data/raw/pubhealth,9573,"Sharon Dunwoody, PhD,Yoni Freedhoff, MD,Joy Victory",en
Utah soccer star overcomes challenges as openly gay athlete.,Reliable,PUBHEALTH,"Health, Utah, Womens soccer, Soccer, General News",claim,dataset_label,data/raw/pubhealth,6776, Kurt Kragthorpe,en
Study finds alcohol abuse a problem in UK forces.,Reliable,PUBHEALTH,Health News,claim,dataset_label,data/raw/pubhealth,2124,Kate Kelland,en
Samoa measles epidemic worsens with 24 children now dead.,Reliable,PUBHEALTH,"Samoa, Health, Measles, General News, New Zealand, Epidemics",claim,dataset_label,data/raw/pubhealth,3706, Nick Perry,en
Vikings unveil community food truck to serve hungry youth.,Reliable,PUBHEALTH,"Nutrition, Health, NFL, Minnesota, Dalvin Cook",claim,dataset_label,data/raw/pubhealth,3559, Dave Campbell,en
"Religious groups have raised concerns that the ALS Association, which has seen an overwhelming influx of donations through its ice bucket challenge, supports embryonic stem cell research to help find a cure for the degenerative neurological condition.",Reliable,PUBHEALTH,"Medical, Miscellaneous",claim,dataset_label,data/raw/pubhealth,39293,  Rich Buhler & Staff  ,en
"""An Iowa policy """"provides for a state round up of Iowa citizens who might be exposed to the swine flu virus.""",Misinformation,PUBHEALTH,"National, Health Care, Chain email, ",claim,dataset_label,data/raw/pubhealth,24483,Robert Farley,en
NOT REAL NEWS: Reports of Ebola cases in Texas unfounded.,Reliable,PUBHEALTH,"Health, Media, General News, Social media, Immigration, Not Real News, Africa, Texas, AP Fact Check",claim,dataset_label,data/raw/pubhealth,5060, Paul J. Weber,en
Fitness after 65 is no one-size-fits-all endeavor.,Reliable,PUBHEALTH,Health News,claim,dataset_label,data/raw/pubhealth,2524,Dorene Internicola,en
Caesarean births hit record high in 2007.,Reliable,PUBHEALTH,Health News,claim,dataset_label,data/raw/pubhealth,2684,Joanne Allen,en
"Protective gear, cellphone, video chats: How America's clergy minister to COVID-19 patients.",Reliable,PUBHEALTH,Health News,claim,dataset_label,data/raw/pubhealth,8290,Rich Mckay,en
“American coronavirus vaccine killed five Ukrainians.”,Misinformation,PUBHEALTH,"Public Health, Facebook Fact-checks, Coronavirus, Facebook posts, ",claim,dataset_label,data/raw/pubhealth,25872,Tom Kertscher,en
"In new headache, WeWork says it found cancer-causing chemical in its phone booths.",Reliable,PUBHEALTH,Health News,claim,dataset_label,data/raw/pubhealth,128,Herbert Lash,en
"While Americans pray for Paris, the government has acted on mandatory national vaccinations.",Misinformation,PUBHEALTH,"Georgia, Congress, Public Health, Terrorism, Viral image, ",claim,dataset_label,data/raw/pubhealth,14891,April Hunt,en
Detroit mayor sounds statewide alarm as coronavirus cases surge.,Reliable,PUBHEALTH,Health News,claim,dataset_label,data/raw/pubhealth,8061,Michael Martina,en
Everyone with cancer has a pH that is too acidic.,Misinformation,PUBHEALTH,"Medical, cancer, david avocado wolfe",claim,dataset_label,data/raw/pubhealth,31919,Alex Kasprak,en
"""Health insurance companies deny """"1 out of 5 treatments prescribed by doctors.""",Misinformation,PUBHEALTH,"National, Health Care, Health Care for America Now, ",claim,dataset_label,data/raw/pubhealth,24531,Louis Jacobson,en
Philadelphia tops list of U.S. most toxic cities.,Reliable,PUBHEALTH,Health News,claim,dataset_label,data/raw/pubhealth,2019,Bernd Debusmann Jr.,en
"UN rights chief airs worries on climate change, migrant kids.",Reliable,PUBHEALTH,"Climate, Climate change, General News, India, Immigration, Israel, Environment, Environmental concerns, Chile, Michelle Bachelet, Europe, United States",claim,dataset_label,data/raw/pubhealth,6459, Jamey Keaten,en
Lawmakers decry perilous federal lockups for migrant kids.,Reliable,PUBHEALTH,"AP Top News, General News, Immigration, El Paso, McAllen, Border patrols, Latin America, Health, Texas, U.S. News",claim,dataset_label,data/raw/pubhealth,5008," Cedar Attanasio, Garance Burke And Martha Mendoza",en
Choctaw historian to release new book on food sovereignty.,Reliable,PUBHEALTH,"Lawrence, Health, University of Kansas, Kansas, Nonfiction, Healthy eating, Native Americans, United States",claim,dataset_label,data/raw/pubhealth,6519, Kathy Hanks,en
"""Ed Perlmutter voted for """"Viagra for rapists"""" paid for with tax dollars.""",Misinformation,PUBHEALTH,"National, Health Care, Crime, Message Machine 2010, American Action Network, ",claim,dataset_label,data/raw/pubhealth,23104,Angie Drobnic Holan,en
"US officials: Don’t eat romaine grown in Salinas, California.",Reliable,PUBHEALTH,"Food poisoning, AP Top News, Health, General News, Salinas, California, Poisoning, U.S. News",claim,dataset_label,data/raw/pubhealth,4028, Candice Choi,en
Health chief requires FOIA from senator to release emails.,Reliable,PUBHEALTH,"Freedom of information, Quincy, Health, Legionnaires disease, Illinois, Freedom of Information Act, Bruce Rauner, Disease outbreaks, Veterans, Public health",claim,dataset_label,data/raw/pubhealth,5464, John O'Connor,en
France: Groups want Notre Dame enclosed during lead cleanup.,Reliable,PUBHEALTH,"Paris, General News, Labor unions, France, Environment, Health, Travel, Notre Dame Cathedral, Europe",claim,dataset_label,data/raw/pubhealth,3449,Associated Press,en
Malia Obama was arrested while attempting to purchase marijuana in Chicago.,Misinformation,PUBHEALTH,"Junk News, chicago, doctored photos, land of the free",claim,dataset_label,data/raw/pubhealth,31113,Kim LaCapria,en
Images show mass graves being dug in New York to bury victims of the COVID-19 coronavirus disease pandemic in 2020.,Reliable,PUBHEALTH,"Fauxtography, COVID-19",claim,dataset_label,data/raw/pubhealth,35248,Dan Evon,en
"""Back door gun control is in full effect in the United States"""" due to """"Obama’s Environmental Protection Agency.""",Misinformation,PUBHEALTH,"Environment, Health Care, Public Health, Florida, Guns, Allen West, ",claim,dataset_label,data/raw/pubhealth,17634,Amy Sherman,en
Rwanda avoids US-style opioids crisis by making own morphine.,Reliable,PUBHEALTH,"Opioids, International News, General News, Africa, Health, Rwanda",claim,dataset_label,data/raw/pubhealth,3665, Cara Anna And Claire Galofaro,en
"Peanuts, peanut butter may hold key to preventing obesity",Misinformation,PUBHEALTH,Academic medical center news release,claim,dataset_label,data/raw/pubhealth,11303,"Joann Rodgers, MS,Yoni Freedhoff, MD,Kathlyn Stone",mixed
Anti-abortion group releases more video of Planned Parenthood.,Reliable,PUBHEALTH,Health News,claim,dataset_label,data/raw/pubhealth,2026,Lauren Keiper,en
"Ovarian cancer blood tests: Available, not widely used",Reliable,PUBHEALTH,"ovarian cancer,screening tests",claim,dataset_label,data/raw/pubhealth,9617,"Sharon Dunwoody, PhD,Ishani Ganguli, MD, MPH,Joy Victory",en
"""A """"massive"""" federal computer network will make your medical records available to """"millions of people"""" with a """"complete lack of privacy and confidentiality,"""" while doctors and hospitals who don't take part face """"stiff penalties.""",Misinformation,PUBHEALTH,"National, Health Care, Technology, Privacy Issues, Senior Citizens League, ",claim,dataset_label,data/raw/pubhealth,24469,Louis Jacobson,en
"Iran coronavirus death toll reaches 26, many Friday prayers canceled.",Reliable,PUBHEALTH,Health News,claim,dataset_label,data/raw/pubhealth,8731,"Parisa Hafezi, Nafisa Eltahir",en
"British media personality Piers Morgan penned a scathing open letter to U.S. President Donald Trump, marking the end of their years-long friendship.",Reliable,PUBHEALTH,"Politics, COVID-19",claim,dataset_label,data/raw/pubhealth,35710,Bethania Palma,en
Facebook post Says Kamala Harris wants to eliminate beef.,Misinformation,PUBHEALTH,"Agriculture, National, California, Coronavirus, Facebook posts, ",claim,dataset_label,data/raw/pubhealth,25763,Sophie Austin,en
Oklahoma AG calls company ‘kingpin’ in state’s opioid crisis.,Reliable,PUBHEALTH,"Chronic pain, Norman, Opioids, Health, General News, Marketing campaigns, Business, U.S. News, Oklahoma",claim,dataset_label,data/raw/pubhealth,3427, Sean Murphy,en
Peanut butter can be used to diagnose Alzheimer’s Disease.,Misinformation,PUBHEALTH,"Medical, alzheimer's, david avocado wolfe, peanut butter",claim,dataset_label,data/raw/pubhealth,29344,Alex Kasprak,en
U.S. youth activity report card gives poor grades to adults.,Reliable,PUBHEALTH,Health News,claim,dataset_label,data/raw/pubhealth,7807,Dorene Internicola,en
Emails: Trump nominee involved in shelving CDC virus guide.,Reliable,PUBHEALTH,"AP Top News, Health, General News, Politics, Pandemics, Virus Outbreak, Science",claim,dataset_label,data/raw/pubhealth,7352, Jason Dearen And Michael Biesecker,en
U.S. CDC recommends against using vapes with marijuana ingredient.,Reliable,PUBHEALTH,Health News,claim,dataset_label,data/raw/pubhealth,673,"Manas Mishra, Saumya Joseph",en
Working out when to exercise in the cold and flu season.,Reliable,PUBHEALTH,Health News,claim,dataset_label,data/raw/pubhealth,7833,Dorene Internicola,en
"Eric Esshaki Says Haley Stevens’ plan for “socialized medicine” would “eliminate 100,000 doctors and nurses.”",Misinformation,PUBHEALTH,"Health Care, Health Check, Michigan, Eric Esshaki, ",claim,dataset_label,data/raw/pubhealth,25840,Clara Hendrickson,en
"""Jeanne Shaheen Says Donald Trump's abortion rule """"puts at risk 15 times more funding and millions more women and families ... than previous similar policies by Republican presidents.""",Reliable,PUBHEALTH,"Global News Service, Foreign Policy, Public Health, Jeanne Shaheen, ",claim,dataset_label,data/raw/pubhealth,12923,Jon Greenberg,mixed
Wisconsin has “no tracing program going on that we can speak of.,Misinformation,PUBHEALTH,"Public Health, States, Wisconsin, Scott Fitzgerald, ",claim,dataset_label,data/raw/pubhealth,26369,Eric Litke,en
Colorado farmers get home detention for 2011 listeria outbreak.,Reliable,PUBHEALTH,Health News,claim,dataset_label,data/raw/pubhealth,2785,Robert Boczkiewicz,en
EPA proposes rewrite of rules on lead contamination in water.,Reliable,PUBHEALTH,"Health, General News, Politics, Environment, Business, Flint, Michigan",claim,dataset_label,data/raw/pubhealth,6279, Ellen Knickmeyer,en
“It’s not the coronavirus that’s killing people. It is the economy.”,Misinformation,PUBHEALTH,"National, Facebook Fact-checks, Coronavirus, Bloggers, ",claim,dataset_label,data/raw/pubhealth,26315,Jon Greenberg,en
City asks judge to let case against OxyContin maker proceed.,Reliable,PUBHEALTH,"Health, Lawsuits, Washington, Patrick Fitzgerald, Courts, Seattle, Everett",claim,dataset_label,data/raw/pubhealth,7213, Phuong Le,en
Viral image Says the 2008 book “End of Days” predicted the current coronavirus outbreak.,Misinformation,PUBHEALTH,"Pop Culture, Public Health, Coronavirus, Viral image, ",claim,dataset_label,data/raw/pubhealth,26819,Ciara O'Rourke,en
"Castro vows to champion health care, housing during 2020 bid.",Reliable,PUBHEALTH,"San Antonio, Iowa, Health, Universal health care, North America, Campaigns, Politics, United States, Julian Castro",claim,dataset_label,data/raw/pubhealth,7194, Ryan J. Foley,en
We’re losing as many people to heroin and opioid overdoses as we lost to the AIDS epidemic at its peak.,Misinformation,PUBHEALTH,"Drugs, New York, Andrew Cuomo, ",claim,dataset_label,data/raw/pubhealth,13912,Dan Clark,mixed
Overdosing is now the number one accidental killer in our Commonwealth.,Reliable,PUBHEALTH,"Drugs, Pennsylvania, Josh Shapiro, ",claim,dataset_label,data/raw/pubhealth,13685,Anna Orso,en
Jane Fonda uses 80th birthday to help others with fundraiser.,Reliable,PUBHEALTH,"Georgia, Health, Jane Fonda, Entertainment, Movies, North America, Teen pregnancy, Atlanta",claim,dataset_label,data/raw/pubhealth,5305, Jonathan Landrum Jr.,en
Less than 5 percent of registered users in states allowing medical marijuana have cancer or AIDS.,Reliable,PUBHEALTH,"Health Care, Florida, Marijuana, Don't Let Florida Go To Pot, ",claim,dataset_label,data/raw/pubhealth,16971,Joshua Gillin,en
Pictures and reports of “empty hospitals” prove COVID-19 spread is “fake crisis for real government planned agendas.”,Misinformation,PUBHEALTH,"Health Care, Public Health, Facebook Fact-checks, Coronavirus, Facebook posts, ",claim,dataset_label,data/raw/pubhealth,26549,Tom Kertscher,en
Sweet potato experts win World Food Prize.,Reliable,PUBHEALTH,Health News,claim,dataset_label,data/raw/pubhealth,1575,Isma'Il Kushkush,en
"1-year-old daughter, wife of Congo’s Goma victim have Ebola.",Reliable,PUBHEALTH,"AP Top News, Health, General News, Africa, International News, Rwanda, Ebola virus",claim,dataset_label,data/raw/pubhealth,4619, Saleh Mwanamilongo And Ignatius Ssuuna,en
Antigenics wins Russian approval of cancer vaccine.,Reliable,PUBHEALTH,Health News,claim,dataset_label,data/raw/pubhealth,8835,Toni Clarke,en
Kate Spade New York fulfills $1 million mental health pledge.,Reliable,PUBHEALTH,"Mental health, Kate Spade, Health, General News, Entertainment, Lifestyle, New York, Celebrities",claim,dataset_label,data/raw/pubhealth,7232, The Associated Press,en
France turns to speedy trains to catch up in virus response.,Reliable,PUBHEALTH,"AP Top News, Transportation, Understanding the Outbreak, Health, General News, France, Lifestyle, Paris, Science, Emmanuel Macron, Virus Outbreak, Europe, International News",claim,dataset_label,data/raw/pubhealth,7325, Sylvie Corbet And Angela Charlton,en
"Science Says: Kate’s morning sickness brutal, not dangerous.",Reliable,PUBHEALTH,"Health, Science Says, Science, Kate Middleton, Prince William, Europe",claim,dataset_label,data/raw/pubhealth,5278, Maria Cheng,en
Casual pot use causes brain abnormalities in the young: study.,Reliable,PUBHEALTH,Health News,claim,dataset_label,data/raw/pubhealth,2361,Alex Dobuzinskis,en
South Africa prepares quarantine sites as coronavirus cases rise to 709.,Reliable,PUBHEALTH,Health News,claim,dataset_label,data/raw/pubhealth,8092,"Wendell Roelf, Emma Rumney",en
Irish rally for government action on abortion.,Reliable,PUBHEALTH,Health News,claim,dataset_label,data/raw/pubhealth,7837,Conor Humphries,en
New York ends religious exemption to vaccine mandates.,Reliable,PUBHEALTH,"AP Top News, Immunizations, Religion, New York, Measles, Legislation, Health, Andrew Cuomo, U.S. News, General News",claim,dataset_label,data/raw/pubhealth,5745, David Klepper,en
Pass the salt: The minute details that helped Germany build virus defenses.,Reliable,PUBHEALTH,Health News,claim,dataset_label,data/raw/pubhealth,8550,"Jörn Poltz, Paul Carrel",en
UK panel says new three-parent IVF technique now safe for 'cautious use'.,Reliable,PUBHEALTH,Health News,claim,dataset_label,data/raw/pubhealth,2261,Kate Kelland,en
The Department of Health and Human Services has scheduled web site maintenance for Healthcare.gov on most Sundays during Obamacare open enrollment.,Reliable,PUBHEALTH,"Politics, affordable care act, donald trump, health and human services",claim,dataset_label,data/raw/pubhealth,27472,Dan MacGuill,en
HETLIOZ® (tasimelteon) Demonstrates Efficacy to Treat Jet Lag Disorder in an 8 Hour Phase Advance Clinical Study,Misinformation,PUBHEALTH,"jet lag,tasimelteon,Vanda Pharmaceuticals",claim,dataset_label,data/raw/pubhealth,9027,"Joann Rodgers, MS,Dan Mayer, MD,Kathlyn Stone",en
"""Planned Parenthood is """"nothing more than a referral service. … They don’t do anything except profit from killing babies and then selling body parts of those aborted babies.""",Misinformation,PUBHEALTH,"Abortion, Health Care, Public Health, State Budget, Texas, Dan Patrick, ",claim,dataset_label,data/raw/pubhealth,15014,W. Gardner Selby,en
CURE FOR CANCER? FDA ANNOUNCES NEW AGGRESSIVE DRUG ATTACKING ORIGINATING GENES,Misinformation,PUBHEALTH,"cancer,precision medicine",claim,dataset_label,data/raw/pubhealth,9310,"Andrew Holtz, MPH,Andrae Vandross, MD,Mary Chris Jaklevic",en
Salina center’s therapy dogs help manage mental health.,Reliable,PUBHEALTH,"Health, Salina, Dogs, Mental health",claim,dataset_label,data/raw/pubhealth,5716, Gary Demuth,en
Outbreak at German slaughterhouse reveals migrants’ plight.,Reliable,PUBHEALTH,"Understanding the Outbreak, International News, General News, Eastern Europe, Health, Business, Germany, Pandemics, Virus Outbreak, Europe, Meat processing",claim,dataset_label,data/raw/pubhealth,7474, Frank Jordans,tl
Vaccine shows promising results for early-stage breast cancer patients,Misinformation,PUBHEALTH,"DCIS,Ductal Carcinoma In Situ,Moffitt Cancer Center,vaccine",claim,dataset_label,data/raw/pubhealth,9211,"Mary Chris Jaklevic,Deanna Attai, MD, FACS,Kathlyn Stone",en
Congo minister's resignation over Ebola snub could unblock new vaccine.,Reliable,PUBHEALTH,Health News,claim,dataset_label,data/raw/pubhealth,894,Fiston Mahamba,en
Mississippi blues: The cost of rejecting Medicaid expansion.,Reliable,PUBHEALTH,Health News,claim,dataset_label,data/raw/pubhealth,2439,Julie Steenhuysen,en
"Cardiac stem cells from young hearts could rejuvenate old hearts, new study shows",Misinformation,PUBHEALTH,"cardiac stem cells,Cedars-Sinai Medical Center,heart disease",claim,dataset_label,data/raw/pubhealth,9106,"Mary Chris Jaklevic,Harold J. DeMonaco, MS,Kathlyn Stone",en
Trans teen’s war with his body started when he was just 10.,Reliable,PUBHEALTH,"Gender identity, AP Top News, Health, North America, U.S. News",claim,dataset_label,data/raw/pubhealth,3755, Tamara Lush,en
“Wisconsin is the only state where all Republicans voted against protecting its citizens.”,Reliable,PUBHEALTH,"Public Health, Wisconsin, Coronavirus, Facebook posts, ",claim,dataset_label,data/raw/pubhealth,26622,Eric Litke,en
"""John Whitmire Says the Texas Board of Nursing has a backlog of """"3,000 complaints against nurses, many of them sexual assaults, malfeasance.""",Reliable,PUBHEALTH,"Health Care, Crime, Regulation, Texas, John Whitmire, ",claim,dataset_label,data/raw/pubhealth,22095,Ciara O'Rourke,en
EU official warns of extremists exploiting virus outbreak.,Reliable,PUBHEALTH,"Understanding the Outbreak, Counterterrorism, International News, General News, Health, Terrorism, Virus Outbreak, Europe",claim,dataset_label,data/raw/pubhealth,7476, David Rising,en
Gambians file suit against ex-leader over alleged HIV ‘cure’.,Reliable,PUBHEALTH,"Yahya Jammeh, International News, Gambia, Lawsuits, Africa, Health, Senegal, West Africa, HIV and AIDS",claim,dataset_label,data/raw/pubhealth,5023, Carley Petesch,en
FDA approves new combination treatment for acute myeloid leukemia,Reliable,PUBHEALTH,"FDA,leukemia",claim,dataset_label,data/raw/pubhealth,9155,"Earle Holland,Steven J. Atlas, MD, MPH,Kathlyn Stone",en
A photograph shows a man who was diagnosed with eye cancer due to using his cell phone at night.,Misinformation,PUBHEALTH,"Uncategorized, cancer, cell phones",claim,dataset_label,data/raw/pubhealth,32177,Dan Evon,mixed
Barack Obama “is the first ex-president to ever speak against his successor.”,Misinformation,PUBHEALTH,"National, Coronavirus, Tweets, ",claim,dataset_label,data/raw/pubhealth,26332,Jon Greenberg,en
Sting like a bee: alternative therapy in Gaza.,Reliable,PUBHEALTH,Health News,claim,dataset_label,data/raw/pubhealth,1583,Nidal Al-Mughrabi,en
"""Suicide comes from federal government largesse """"saying you are not worth anything but you are going to get something for nothing.""",Misinformation,PUBHEALTH,"National, Race and Ethnicity, Public Health, Don Young, ",claim,dataset_label,data/raw/pubhealth,16251,Louis Jacobson,en
Viral image Says 20 million Chinese converted to Islam after it’s proven that the coronavirus doesn’t affect Muslims.,Misinformation,PUBHEALTH,"China, Islam, Public Health, Religion, Coronavirus, Viral image, ",claim,dataset_label,data/raw/pubhealth,26830,Ciara O'Rourke,en
"Uganda clears three experimental Ebola treatments, watches for spread.",Reliable,PUBHEALTH,Health News,claim,dataset_label,data/raw/pubhealth,1004,Elias Biryabarema,en
"U.S. pediatricians back gay marriage, adoption rights.",Reliable,PUBHEALTH,Health News,claim,dataset_label,data/raw/pubhealth,2528,"Susan Heavey, Genevra Pittman",en
"Under the current system, people on a work, study or family visa only pay a £400 surcharge to use the NHS.",Reliable,PUBHEALTH,health-tourism,claim,dataset_label,data/raw/pubhealth,40836,Claire Milne,en
New York City wants to ban cigarette sales to people under 21.,Reliable,PUBHEALTH,Health News,claim,dataset_label,data/raw/pubhealth,2521,Edith Honan,en
Hundreds of cannabis workers fall ill in Albanian village.,Reliable,PUBHEALTH,Health News,claim,dataset_label,data/raw/pubhealth,7818,Benet Koleka,en
Six thousand people have sought addiction treatment through expanded Medicaid.,Misinformation,PUBHEALTH,"New Hampshire, Bipartisanship, Drugs, Medicaid, Maggie Hassan, ",claim,dataset_label,data/raw/pubhealth,15419,Clay Wirestone,en
An aspirin a day – for years – may keep colon cancer away,Reliable,PUBHEALTH,"Cancer,Reuters Health",claim,dataset_label,data/raw/pubhealth,9973,"Doug Campos-Outcalt, MD, MPA,Kevin Lomangino",mixed
A Vox infographic calculated Republican lawmaker deaths against lives potentially saved by their effects on healthcare policy.,Misinformation,PUBHEALTH,"Fauxtography, healthcare, infographic, vox",claim,dataset_label,data/raw/pubhealth,31263,Kim LaCapria,en
The path to ObamaCare becoming law all started with Charlie Crist supporting President Obama's $787 billion stimulus.,Misinformation,PUBHEALTH,"Health Care, Stimulus, Florida, Marco Rubio, ",claim,dataset_label,data/raw/pubhealth,24090,Aaron Sharockman,en
Opponents drop bid to block California vaccination law.,Reliable,PUBHEALTH,"Sacramento, General News, California, Public health, Laws",claim,dataset_label,data/raw/pubhealth,3391,Don Thompson,en
"FDA approves new, targeted treatment for bladder cancer",Reliable,PUBHEALTH,"Cancer,FDA,Government agency news release",claim,dataset_label,data/raw/pubhealth,11483,"Sally James,Susan Molchan, MD, MA,Kathlyn Stone",en
Indonesia transport minister confirmed to have coronavirus as cases climb.,Reliable,PUBHEALTH,Health News,claim,dataset_label,data/raw/pubhealth,8673,"Tabita Diela, Stanley Widianto",en
Four killed in attacks against Ebola response centers in Congo.,Reliable,PUBHEALTH,Health News,claim,dataset_label,data/raw/pubhealth,528,Fiston Mahamba,en
Dryer sheets permeated with fabric softener contain at least seven dangerous toxic chemicals.,Misinformation,PUBHEALTH,"Medical, chemophobia, dryer sheets, fabric softener",claim,dataset_label,data/raw/pubhealth,29523,Kim LaCapria,mixed
Special Report: FDA targets e-cigs that hook teens but don't help smokers quit.,Reliable,PUBHEALTH,Health News,claim,dataset_label,data/raw/pubhealth,475,Chris Kirkham,en
The media “pulled down an entire shelf of goods so that they can present the news of people buying stuff in a hysteria over the coronavirus.,Misinformation,PUBHEALTH,"Facebook Fact-checks, Coronavirus, Facebook posts, ",claim,dataset_label,data/raw/pubhealth,26735,Daniel Funke,en
Sexual health report says $25 per woman per year would reduce deaths.,Reliable,PUBHEALTH,Health News,claim,dataset_label,data/raw/pubhealth,1745,Kate Kelland,en
"U.S. judges stop Texas, Ohio, Alabama from curbing abortions during coronavirus crisis.",Reliable,PUBHEALTH,Health News,claim,dataset_label,data/raw/pubhealth,8006,Andrew Chung,en
"""Herman Cain Says """"in Canada, the number of CT scan machines per 1,000 people is like one-tenth of what we have here in this country. That's why people have to wait.""",Misinformation,PUBHEALTH,"Georgia, Health Care, Herman Cain, ",claim,dataset_label,data/raw/pubhealth,22173,M.B. Pell,en
Rural doctor shortage prompts opening of medical school.,Reliable,PUBHEALTH,Health News,claim,dataset_label,data/raw/pubhealth,1964,Kevin Murphy,en
"Cuomo’s 2020 agenda: Fight hate, help planet, legalize pot.",Reliable,PUBHEALTH,"Albany, New York, Andrew Cuomo, General News, Marijuana, Environment, Medicaid",claim,dataset_label,data/raw/pubhealth,3195, Marina Villeneuve And Ryan Tarinelli,en
CDC removes unusual guidance to doctors about drug favored by Trump.,Reliable,PUBHEALTH,Health News,claim,dataset_label,data/raw/pubhealth,8583,"Aram Roston, Marisa Taylor",en
"""A dangerous new drug known as """"gray death"""" can kill through the air and skin contact.""",Reliable,PUBHEALTH,"Uncategorized, carfentanil, drugs, gray death",claim,dataset_label,data/raw/pubhealth,27546,Bethania Palma,en
Trump proposes reduction of drug costs under Medicare.,Reliable,PUBHEALTH,"Seniors, Medication, Health, North America, Prescription drug costs, Prescription drugs, Medicare, Donald Trump",claim,dataset_label,data/raw/pubhealth,3812, Ricardo Alonso-Zaldivar And Matthew Perrone,en
"Posthumous sperm donation should be allowed, say UK experts.",Reliable,PUBHEALTH,Health News,claim,dataset_label,data/raw/pubhealth,8276,Kate Kelland,en
Mississippi governor signs ‘heartbeat’ abortion law.,Reliable,PUBHEALTH,"Mississippi, Reproductive rights, Health, Lawsuits, Abortion, North America, Phil Bryant, Planned Parenthood",claim,dataset_label,data/raw/pubhealth,7308, Emily Wagster Pettus,en
"Feminist icon Gloria Steinem adored, reviled in divided Ohio.",Reliable,PUBHEALTH,"Abortion, Planned Parenthood, Health, Gloria Steinem, Entertainment, Womens rights, Womens health, Celebrities, Ohio",claim,dataset_label,data/raw/pubhealth,7010, Julie Carr Smyth,en
Weight-loss drugs may harm developing brain: study.,Reliable,PUBHEALTH,Health News,claim,dataset_label,data/raw/pubhealth,8808,Julie Steenhuysen,tl
"""Marijuana is a Schedule I drug, """"which you understand means that you can’t do any research about it.""",Misinformation,PUBHEALTH,"National, Drugs, Government Regulation, Regulation, Science, Marijuana, Hillary Clinton, ",claim,dataset_label,data/raw/pubhealth,14237,Lauren Carroll,en
"""When the Milwaukee County mental health facility is full, """"cops sit out there in their squad cars with a mentally ill patient"""" and sometimes """"spend an entire shift out there doing that.""",Misinformation,PUBHEALTH,"County Budget, Health Care, Wisconsin, Jim Sullivan, ",claim,dataset_label,data/raw/pubhealth,22628,Tom Kertscher,en
"McDonald's to offer first-ever organic burger, in Germany.",Reliable,PUBHEALTH,Health News,claim,dataset_label,data/raw/pubhealth,7799,Lisa Baertlein,en
A scientific study shows the death of Alfie Evans was caused by aluminum additives in vaccines.,Misinformation,PUBHEALTH,"Junk News, alfie evans, fake news, vaccines",claim,dataset_label,data/raw/pubhealth,30424,Dan MacGuill,en
India charges Muslim leader with culpable homicide for coronavirus surge.,Reliable,PUBHEALTH,Health News,claim,dataset_label,data/raw/pubhealth,8433,"Sanjeev Miglani, Aftab Ahmed",en
The Trump administration has had “zero unfulfilled equipment and supply requests from state governors.”,Misinformation,PUBHEALTH,"Health Care, Public Health, Pundits, States, PunditFact, Coronavirus, Sean Hannity, ",claim,dataset_label,data/raw/pubhealth,25893,Bill McCarthy,en
Our (COVID-19) numbers are better than almost all countries.,Misinformation,PUBHEALTH,"National, Coronavirus, Donald Trump, ",claim,dataset_label,data/raw/pubhealth,25746,Jon Greenberg,en
Ovarian Tissue Transplant Can Help Some Women Have Kids After Cancer Treatment Researchers in Denmark report a success rate of about 30 percent,Reliable,PUBHEALTH,"fertility,freezing,IVF,ovarian cancer,ovaries",claim,dataset_label,data/raw/pubhealth,9724,"Sally James,Karen Carlson, MD,Kevin Lomangino",en
Pakistan issues health IDs for trans people to improve care.,Reliable,PUBHEALTH,"Pakistan, Religion, Health, Islamabad, General News, Lifestyle, Asia Pacific",claim,dataset_label,data/raw/pubhealth,3354, Asim Tanvir And Zarar Khan,en
Nancy Pelosi Says President Donald Trump is “morbidly obese.”,Misinformation,PUBHEALTH,"Congress, California, Coronavirus, Nancy Pelosi, ",claim,dataset_label,data/raw/pubhealth,26278,Emily Venezky,en
Some Kenyan nurses refuse coronavirus patients in protest over shortages: union.,Reliable,PUBHEALTH,Health News,claim,dataset_label,data/raw/pubhealth,8048,Katharine Houreld,en
Genetic testing helps set safe dose of common blood thinner,Reliable,PUBHEALTH,"genetic testing,warfarin,Washington University School of Medicine",claim,dataset_label,data/raw/pubhealth,9085,"Joann Rodgers, MS,Christopher Labos, MD,Kathlyn Stone",en
I've shut down pill mills.,Misinformation,PUBHEALTH,"Health Care, Crime, Florida, Pam Bondi, ",claim,dataset_label,data/raw/pubhealth,23573,Aaron Sharockman,en
Gay juror's ouster forces new U.S. pharma trial.,Reliable,PUBHEALTH,Health News,claim,dataset_label,data/raw/pubhealth,2825,Dan Levine,en
FDA says generic Wellbutrin OK despite reports.,Reliable,PUBHEALTH,Health News,claim,dataset_label,data/raw/pubhealth,8829,Susan Heavey,en
Navajo Nation residents to be under strictest lockdown yet.,Reliable,PUBHEALTH,"U.S. News, Health, General News, New Mexico, Virus Outbreak",claim,dataset_label,data/raw/pubhealth,7339, Felicia Fonseca,en
"Vaccine shows protection against gonorrhea for first time, study says",Reliable,PUBHEALTH,"gonorrhea,sexually transmitted,vaccines",claim,dataset_label,data/raw/pubhealth,9493,"Mary Chris Jaklevic,A'ndrea Elyse Messer, MS, PhD,Joy Victory",en
Study shows first signs that ADHD drug may improve cognitive difficulties in menopausal women,Misinformation,PUBHEALTH,"menopause,Shire Pharmaceuticals,Vyvnase",claim,dataset_label,data/raw/pubhealth,9280,"Earle Holland,Susan Molchan, MD, MA,Kevin Lomangino",mixed
"""The California governor """"says yes to poisoning more children with mercury and aluminum"""" in vaccines.""",Misinformation,PUBHEALTH,"Georgia, Autism, Public Health, Science, Jim Carrey, ",claim,dataset_label,data/raw/pubhealth,15366,April Hunt,en
"A year after Michael, Florida community still in crisis.",Reliable,PUBHEALTH,"AP Top News, Mental health, Hurricane Michael, General News, Violence, Storms, Florida, Hurricanes, Domestic violence, U.S. News, United States",claim,dataset_label,data/raw/pubhealth,3347, Mike Schneider,en
"COVID-19’s “contagion probability” between two people is 70% if the carrier is not masked, 5% if the carrier is masked, and 1.5% if both parties are.",Misinformation,PUBHEALTH,"Facebook Fact-checks, Health Check, Coronavirus, Viral image, ",claim,dataset_label,data/raw/pubhealth,26025,Victoria Knight,en
"“Taxpayers spent $70,000,000 to develop this drug ( remdesivir).",Reliable,PUBHEALTH,"Drugs, Health Care, Wisconsin, Coronavirus, Public Citizen, ",claim,dataset_label,data/raw/pubhealth,25913,Madeline Heim,en
University studies cancer risk and testing for black women.,Reliable,PUBHEALTH,"Health, General News, Genetics, Cancer, Breast cancer",claim,dataset_label,data/raw/pubhealth,4450," Matt Jones, Daily Press",en
Texas guard Andrew Jones diagnosed with leukemia.,Reliable,PUBHEALTH,"NBA basketball, Andrew Jones, Leukemia, Health, Sports, Shaka Smart, College Sports, Texas",claim,dataset_label,data/raw/pubhealth,5703, Jim Vertuno,en
Europe is epicenter of coronavirus pandemic: WHO.,Reliable,PUBHEALTH,Health News,claim,dataset_label,data/raw/pubhealth,8680,Stephanie Nebehay,en
"""Rick Perry Says Houston is """"home to more doctors, more nurses, more researchers than any other place in the world.""",Misinformation,PUBHEALTH,"Health Care, Medicaid, Public Health, Texas, Rick Perry, ",claim,dataset_label,data/raw/pubhealth,18614,W. Gardner Selby,en
"Jets QB Sam Darnold cleared to play, will start vs. Cowboys.",Reliable,PUBHEALTH,"New York, Sam Darnold, NFL, Philadelphia, Health, Sports, New York Jets, Dallas Cowboys, Football",claim,dataset_label,data/raw/pubhealth,6608, Dennis Waszak Jr.,en
Castro meets with Nevada Latino leaders ahead of 2020 bid.,Reliable,PUBHEALTH,"Education, Barack Obama, Julian Castro, Universal health care, Immigration, San Antonio, Las Vegas, Nevada, United States",claim,dataset_label,data/raw/pubhealth,7193, Michelle L. Price,en
Illinois patient’s death may be first in US tied to vaping.,Reliable,PUBHEALTH,"AP Top News, Lung disease, Health, General News, Marijuana, Illinois, U.S. News, United States",claim,dataset_label,data/raw/pubhealth,4089, Don Babwin And Mike Stobbe,mixed
"GSK upbeat on heart drug, cancer vaccine despite setbacks.",Reliable,PUBHEALTH,Health News,claim,dataset_label,data/raw/pubhealth,2732,Ben Hirschler,en
"For New York hospital's patients, miniature horses are a strong medicine.",Reliable,PUBHEALTH,Health News,claim,dataset_label,data/raw/pubhealth,1590,Barbara Goldberg,en
"""A recent report from the president's deficit commission was """"completely empty"""" on controlling health care costs.""",Misinformation,PUBHEALTH,"National, Federal Budget, Health Care, Medicare, This Week - ABC News, Paul Krugman, ",claim,dataset_label,data/raw/pubhealth,22979,Angie Drobnic Holan,en
"U.S. companies, labs rush to produce blood test for coronavirus immunity.",Reliable,PUBHEALTH,Health News,claim,dataset_label,data/raw/pubhealth,8088,"Chad Terhune, Allison Martell, Julie Steenhuysen",en
"""President Obama’s health care law """"represents a government takeover of health care.""",Misinformation,PUBHEALTH,"National, Health Care, Mitt Romney, ",claim,dataset_label,data/raw/pubhealth,22101,Louis Jacobson,en
"""Tweets Says Rudy Giuliani """"bought $2M in shares of Novartis, a primary supplier of hydroxychloroquine"""" in early February.""",Misinformation,PUBHEALTH,"Drugs, Ethics, Facebook Fact-checks, Coronavirus, Tweets, ",claim,dataset_label,data/raw/pubhealth,26514,Daniel Funke,en
Officials study link between rain and bacteria in water.,Reliable,PUBHEALTH,"Water quality, Health, Environment, Environmental health, Public health",claim,dataset_label,data/raw/pubhealth,4268, Anna Bisaro,en
"Salt lamps, because they emit negatively charged ions, impart myriad health benefits including reduced anxiety, improved sleep, increased energy, and protection from an “electric smog.”",Misinformation,PUBHEALTH,"Medical, salt lamps",claim,dataset_label,data/raw/pubhealth,31885,Alex Kasprak,en
"Global life expectancy rises, but people live sicker for longer.",Reliable,PUBHEALTH,Health News,claim,dataset_label,data/raw/pubhealth,1635,Kate Kelland,en
"""NARAL Pro-Choice America Says Scott Walker """"said that forcing women facing abortion to get invasive ultrasounds was 'just a cool thing.'""",Misinformation,PUBHEALTH,"Abortion, Health Care, Government Regulation, Public Health, Women, Wisconsin, NARAL Pro-Choice America, ",claim,dataset_label,data/raw/pubhealth,27015,Tom Kertscher,en
There is no reason for anybody to be losing any of their current benefits under Medicaid.,Misinformation,PUBHEALTH,"Health Care, Medicaid, Florida, Marco Rubio, ",claim,dataset_label,data/raw/pubhealth,12346,Jon Greenberg,en
"Only 56 coronavirus deaths a day was enough to collapse the world economy, even though thousands of people die daily from tuberculosis, hepatitis B, and other diseases.",Misinformation,PUBHEALTH,"Public Health, Facebook Fact-checks, Coronavirus, Facebook posts, ",claim,dataset_label,data/raw/pubhealth,25958,Louis Jacobson,en
Celebrity suicides highlight troubling trend in midlife.,Reliable,PUBHEALTH,"Mental health, Health, Celebrity, Entertainment, North America, Anthony Bourdain, Kate Spade, Celebrities, Fashion design",claim,dataset_label,data/raw/pubhealth,3239, Lindsey Tanner,en
"Kennedy Center, PBS donated to Democrats after getting COVID-19 stimulus money.",Misinformation,PUBHEALTH,"Campaign Finance, Facebook Fact-checks, Coronavirus, Facebook posts, ",claim,dataset_label,data/raw/pubhealth,26436,Tom Kertscher,en
US to screen airline passengers from China for new illness.,Reliable,PUBHEALTH,"AP Top News, San Francisco, New York City, Health, Ebola virus, Wuhan, New York, China, Asia Pacific, U.S. News, General News",claim,dataset_label,data/raw/pubhealth,7516, Mike Stobbe,en
A photograph of a shark leaping out of the water is real and won an award from National Geographic.,Misinformation,PUBHEALTH,"Fauxtography, altered photo, animal photos, doctored photos",claim,dataset_label,data/raw/pubhealth,31948,Dan Evon,en
"Almost 200 people in Italy died from the coronavirus in a 24-hour period between March 11 and 12, 2020.",Reliable,PUBHEALTH,"Medical, coronavirus, COVID-19",claim,dataset_label,data/raw/pubhealth,35055,Bethania Palma,en
"As Cron, Rosario return, Twins put Buxton on concussion list.",Reliable,PUBHEALTH,"MLB, Baseball, Byron Buxton, Rocco Baldelli, Health, C.J. Cron, Minnesota, Mike Morin, Eddie Rosario, Injuries",claim,dataset_label,data/raw/pubhealth,4791, Dave Campbell,en
Congo student with Ebola still finds a way to take exams.,Reliable,PUBHEALTH,"AP Top News, International News, General News, Africa, Health, Ebola virus",claim,dataset_label,data/raw/pubhealth,5659, Krista Larson,en
"Yet, for all that spending, health outcomes today on Medicaid are mediocre and many patients have difficulty accessing care.”",Misinformation,PUBHEALTH,"Health Check, Seema Verma, ",claim,dataset_label,data/raw/pubhealth,26856,Phil Galewitz,en
Exclusive: Emails show U.S. officials brushed off state concerns on drive-through virus tests.,Reliable,PUBHEALTH,Health News,claim,dataset_label,data/raw/pubhealth,8471,"Ned Parker, Chad Terhune",en
"""Under the new health care law, the elderly will be denied care when they have """"passed the age limit for treatment.""",Misinformation,PUBHEALTH,"Health Care, Medicare, Message Machine 2010, Florida, Dan Fanelli, ",claim,dataset_label,data/raw/pubhealth,23901,Amy Sherman,en
New Data From the Elekta Lung Research Group Support the use of Stereotactic Body Radiation Therapy in Elderly Patients With Early-stage Lung Cancer,Misinformation,PUBHEALTH,"Elekta,lung cancer,stereotactic body radiotherapy",claim,dataset_label,data/raw/pubhealth,9132,"William Heisel,Steven J. Atlas, MD, MPH,Kathlyn Stone",en
Bribery serves as life-support for Chinese hospitals.,Reliable,PUBHEALTH,Health News,claim,dataset_label,data/raw/pubhealth,2474,Kazunori Takada,en
"Despite coronavirus, Americans fight for their right to a birthday party.",Reliable,PUBHEALTH,Health News,claim,dataset_label,data/raw/pubhealth,8463,Barbara Goldberg,en
"""The Affordable Care Act """"will likely go down as the biggest tax increase in history.""",Misinformation,PUBHEALTH,"Ohio, Financial Regulation, Health Care, Taxes, Josh Mandel, ",claim,dataset_label,data/raw/pubhealth,19773,Tom Feran,en
More states sue opioid maker alleging deceptive marketing.,Reliable,PUBHEALTH,"District of Columbia, Health, General News, Hawaii, Business, Maine, California, Xavier Becerra, U.S. News, Lawsuits",claim,dataset_label,data/raw/pubhealth,5042, Andrew Oxford,en
"Canada to press U.S. further on medical supplies, Trudeau says.",Reliable,PUBHEALTH,Health News,claim,dataset_label,data/raw/pubhealth,8580,David Ljunggren,en
Staff at Gold Coast Hospital in Australia rolled in a Wilson volleyball to keep Tom Hanks company in quarantine after he was diagnosed with the coronavirus.,Misinformation,PUBHEALTH,"Humor, COVID-19",claim,dataset_label,data/raw/pubhealth,35141,Dan Evon,mixed
Images show COVID-19 victims being buried in mass graves in New York City.,Reliable,PUBHEALTH,"Facebook Fact-checks, Coronavirus, Facebook posts, ",claim,dataset_label,data/raw/pubhealth,26479,Samantha Putterman,en
New Mexico takes more drastic measures against virus hotspot.,Reliable,PUBHEALTH,"Michelle Lujan Grisham, U.S. News, U.S. News, Health, General News, Albuquerque, Nursing homes, New Mexico, Virus Outbreak",claim,dataset_label,data/raw/pubhealth,7605, Morgan Lee And Felicia Fonseca,en
"With U.S. Ebola fear running high, African immigrants face ostracism.",Reliable,PUBHEALTH,Health News,claim,dataset_label,data/raw/pubhealth,1765,Sharon Bernstein,en
"The 1981 Farmer's Almanac contained a passage predicting that a severe, pneumatic illness would spread around the globe in 2020.",Misinformation,PUBHEALTH,"Questionable Quotes, COVID-19",claim,dataset_label,data/raw/pubhealth,35350,Nur Ibrahim,en
"""You catch a criminal, and you have to release him,"""" referring to people caught trying to enter the U.S. illegally. """,Misinformation,PUBHEALTH," border fence, border security, border wall, Customs and Border Protection, Diversity Immigrant Visa Program, drugs, human trafficking, Illegal immigration, immigration, trade deficit, ",claim,dataset_label,data/raw/pubhealth,41787,Eugene Kiely,en
Over 300K home owner suicides attributed to foreclosures.,Misinformation,PUBHEALTH,"National, Economy, Health Care, Housing, Public Health, Facebook posts, ",claim,dataset_label,data/raw/pubhealth,17089,Louis Jacobson,en
Merck says FDA rejects its new cholesterol drug.,Reliable,PUBHEALTH,Health News,claim,dataset_label,data/raw/pubhealth,8818,Bill Berkrot,en
Cedars-Sinai Surgeon Uses New Device to Perform First-Ever Surgery,Misinformation,PUBHEALTH,Hospital news release,claim,dataset_label,data/raw/pubhealth,11444,"Alan Cassels,Christopher Labos, MD,Kathlyn Stone",en
United Nations reports 'dramatic' progress in fight against AIDS.,Reliable,PUBHEALTH,Health News,claim,dataset_label,data/raw/pubhealth,2446,Kate Kelland,en
Obesity research takes high-tech twist at Florida school.,Reliable,PUBHEALTH,Health News,claim,dataset_label,data/raw/pubhealth,1780,Letitia Stein,tl
"""As a result of Obamacare, """"California seniors face benefit cuts of over $1,700.""",Misinformation,PUBHEALTH,"National, Federal Budget, Health Care, Medicare, Message Machine 2014, American Crossroads, ",claim,dataset_label,data/raw/pubhealth,16225,Lauren Carroll,en
An undercover Planned Parenthood video claims that the group sells fetal body parts from partial birth abortions for profit.,Misinformation,PUBHEALTH,"Health / Medical, Medical",claim,dataset_label,data/raw/pubhealth,38906,  Rich Buhler & Staff  ,en
"Parks, playgrounds offer fresh air alternatives to gym workouts.",Reliable,PUBHEALTH,Health News,claim,dataset_label,data/raw/pubhealth,1803,Dorene Internicola,en
African-American children are 500 percent more likely to die from asthma than white kids.,Reliable,PUBHEALTH,"National, Children, Health Care, Race and Ethnicity, Public Health, Hillary Clinton, ",claim,dataset_label,data/raw/pubhealth,15266,Christian Belanger,en
"As Europe reopens, key virus protections are still elusive.",Reliable,PUBHEALTH,"AP Top News, Italy, Understanding the Outbreak, International News, General News, Health, Business, Pandemics, Technology, Virus Outbreak, Europe, Public health, Weekend Reads",claim,dataset_label,data/raw/pubhealth,7452, Nicole Winfield And Sylvie Corbet,en
Montana health department to enforce flavored vaping ban.,Reliable,PUBHEALTH,"Health, General News, Montana, Vaping, Public health, Steve Bullock",claim,dataset_label,data/raw/pubhealth,3382, Amy Beth Hanson,en
PepsiCo's workplace wellness program fails the bottom line: study.,Reliable,PUBHEALTH,Health News,claim,dataset_label,data/raw/pubhealth,2928,Sharon Begley,en
New tech promises easier cervical cancer screening,Misinformation,PUBHEALTH,"cancer screening,Cervical cancer,Duke University,medical device",claim,dataset_label,data/raw/pubhealth,9140,"Ann Miller, PhD,Karen Carlson, MD,Kevin Lomangino",en
"80 percent of the (individual mandate) tax falls on those who make $50,000 a year or less.",Reliable,PUBHEALTH,"National, Health Care, Taxes, John Thune, ",claim,dataset_label,data/raw/pubhealth,11872,Jon Greenberg,en
Doctors’ long-running advice: Get checked before a marathon.,Reliable,PUBHEALTH,"Health, Boston, AP Top News, Boston Marathon, Marathons, Heart attack, North America, Sports, U.S. News",claim,dataset_label,data/raw/pubhealth,4977, William J. Kole,en
"More U.S. households smoke-free, study says.",Reliable,PUBHEALTH,Health News,claim,dataset_label,data/raw/pubhealth,1794,David Beasley,en
$2.4 million of the NIH dollars was spent on ‘origami’ condoms.,Reliable,PUBHEALTH,"Ebola, Public Health, Virginia, Rand Paul, ",claim,dataset_label,data/raw/pubhealth,16255,Sean Gorman,en
"Coronavirus causes historic market drop, global scramble to contain 'invisible enemy'.",Reliable,PUBHEALTH,Health News,claim,dataset_label,data/raw/pubhealth,7939,"Doina Chiacu, Guy Faulconbridge",en
"There are 16,481 fewer beds in hospitals since 2010.",Reliable,PUBHEALTH,health,claim,dataset_label,data/raw/pubhealth,41646,Joël Reland and Grace Rahman,en
Reports have gone viral that 23 seniors died after receiving flu shots sold at pharmacies.,Misinformation,PUBHEALTH,Health / Medical,claim,dataset_label,data/raw/pubhealth,38806,  Rich Buhler & Staff  ,mixed
"Michelle Obama, Laura Bush spotlight Africa women's health.",Reliable,PUBHEALTH,Health News,claim,dataset_label,data/raw/pubhealth,2488,Mark Felsenthal,en
"‘Mom’ star Janney visits, donates to Planned Parenthood.",Reliable,PUBHEALTH,"Entertainment, Planned Parenthood, Allison Janney, Health, Cecile Richards, North America, Teen pregnancy, Sitcoms, TV",claim,dataset_label,data/raw/pubhealth,7068, Frazier Moore,en
"Many women could benefit from earlier mammograms, analysis finds",Misinformation,PUBHEALTH,"breast cancer,cancer,mammography",claim,dataset_label,data/raw/pubhealth,9655,"Mandy Stahre, PhD,Christine K. Norton, MA,Joy Victory",en
Scotland’s drug-related death rate is the highest in the EU.,Reliable,PUBHEALTH,health,claim,dataset_label,data/raw/pubhealth,41673,Claire Milne,en
'Delivering coffins non-stop': coronavirus stalks a Paris nursing home.,Reliable,PUBHEALTH,Health News,claim,dataset_label,data/raw/pubhealth,8084,"John Irish, Gonzalo Fuentes",en
"A man in Stockholm, Sweden died from a fat embolism after undergoing penis enlargement surgery.",Reliable,PUBHEALTH,"Medical, cosmetic surgery, penis enlargement, sweden",claim,dataset_label,data/raw/pubhealth,27509,Dan MacGuill,en
Using gasoline is a recommended treatment for getting rid of head and body lice.,Misinformation,PUBHEALTH,"Medical, Home Cures",claim,dataset_label,data/raw/pubhealth,33704,Snopes Staff,en
French parliament debates 'deep sleep' bill for end of life.,Reliable,PUBHEALTH,Health News,claim,dataset_label,data/raw/pubhealth,1706,"Nicholas Vinocur, Pauline Mevel",en
South Africa braces for lockdown as coronavirus cases spike to 554.,Reliable,PUBHEALTH,Health News,claim,dataset_label,data/raw/pubhealth,8113,"Alexander Winning, Olivia Kumwenda-Mtambo",en
Nick Freitas “supports a plan letting insurance companies deny coverage for preexisting conditions like asthma or diabetes.”,Reliable,PUBHEALTH,"Health Care, Voting Record, Virginia, Democratic Congressional Campaign Committee, ",claim,dataset_label,data/raw/pubhealth,25643,Warren Fiske,en
"20 years later, Libby’s asbestos fight goes on.",Reliable,PUBHEALTH,"Financial markets, Health care reform, Lung disease",claim,dataset_label,data/raw/pubhealth,4093, Tristan Scott,en
High-Precision Proton Therapy More Effective in Treating Certain Cancers When Combined with Thermal Therapy,Misinformation,PUBHEALTH,Hospital news release,claim,dataset_label,data/raw/pubhealth,10500,"Leah Rosenbaum,Steven J. Atlas, MD, MPH,Kathlyn Stone",en
London can host 2020 Games if moved over coronavirus - mayor candidate.,Reliable,PUBHEALTH,Health News,claim,dataset_label,data/raw/pubhealth,8267,"Ju-Min Park, Guy Faulconbridge",en
Gene raises risk of lifetime smoking habit: study.,Reliable,PUBHEALTH,Health News,claim,dataset_label,data/raw/pubhealth,8785,Julie Steenhuysen,en
"""Clean Water Portland Says """"If you compare the Portland Metro area to the CDC’s statewide cavity rates ... the Portland Metro area would actually rank as having the 15th lowest cavity rate in the U.S.""",Misinformation,PUBHEALTH,"Oregon, Public Health, Water, Clean Water Portland, ",claim,dataset_label,data/raw/pubhealth,18489,Janie Har,en
"""The federal health care law is """"probably the biggest tax increase ever in the history of our country.""",Misinformation,PUBHEALTH,"Health Care, Taxes, Florida, Rick Scott, ",claim,dataset_label,data/raw/pubhealth,22608,Aaron Sharockman,en
There’s been an increase in the number of EU staff in the NHS since the referendum.,Reliable,PUBHEALTH,health,claim,dataset_label,data/raw/pubhealth,40776,Joël Reland,en
California jury hits Bayer with $2 billion award in Roundup cancer trial.,Reliable,PUBHEALTH,Health News,claim,dataset_label,data/raw/pubhealth,334,Tina Bellon,en
No-Drill Dentistry: Fluoride Treatments Can Prevent Cavities In Adults,Reliable,PUBHEALTH,"cavities,dentistry,oral health",claim,dataset_label,data/raw/pubhealth,9668,"Andrew Holtz, MPH,Doug Campos-Outcalt, MD, MPA,Joy Victory",en
"Wisconsin is not as obese as the national average is. The national average, 35.7 percent of the population is obese. In Wisconsin, it's closer to 26 percent.",Misinformation,PUBHEALTH,"Corrections and Updates, Health Care, Public Health, States, Wisconsin, Tommy Thompson, ",claim,dataset_label,data/raw/pubhealth,17780,Tom Kertscher,en
Anthony Fauci was on the Clinton Foundation board for 20 years and “currently serves on Gates Foundation.”,Misinformation,PUBHEALTH,"Facebook Fact-checks, Coronavirus, Facebook posts, ",claim,dataset_label,data/raw/pubhealth,26288,Ciara O'Rourke,en
CES tech show: Say no to junk food; machines make cocktails.,Reliable,PUBHEALTH,"Nutrition, Products and services, Technology, Consumer Electronics Show, General News, Consumer electronics, Cocktails, Health, Business, Las Vegas, U.S. News, Lifestyle",claim,dataset_label,data/raw/pubhealth,2979, Rachel Lerman And Joseph Pisani,en
Device for irregular heartbeat may be more cost-effective than medication,Misinformation,PUBHEALTH,"Academic medical center news release,cardiovascular disease",claim,dataset_label,data/raw/pubhealth,10210,"Susan Molchan, MD, MA,Kathlyn Stone",mixed
The Gardasil HPV vaccine has been proved to have caused the deaths of 32 women.,Misinformation,PUBHEALTH,"Medical, cervical cancer, drugs, gardasil",claim,dataset_label,data/raw/pubhealth,33471,David Mikkelson,en
"In July 2010 the government said small businesses -- 60 percent -- will lose their health care, 45 percent of big business and a large percentage of individual health.",Misinformation,PUBHEALTH,"Health Care, PunditFact, Sean Hannity, ",claim,dataset_label,data/raw/pubhealth,17701,Jon Greenberg,en
The flu didn't kill any Americans this year.,Misinformation,PUBHEALTH,"Public Health, Facebook Fact-checks, Coronavirus, Facebook posts, ",claim,dataset_label,data/raw/pubhealth,26231,Samantha Putterman,en
A major Hepatitis A outbreak in San Diego has been pinned on undocumented immigrants there.,Misinformation,PUBHEALTH,"Medical, Hepatitis A, san diego, San Diego County",claim,dataset_label,data/raw/pubhealth,31034,Arturo Garcia,en
Virus raises specter of gravest attacks in modern US times.,Reliable,PUBHEALTH,"AP Top News, Understanding the Outbreak, Health, General News, Politics, Infectious diseases, Virus Outbreak, Michael Pence, Donald Trump",claim,dataset_label,data/raw/pubhealth,7326, Will Weissert And Kevin Freking,en
"""There's no statistical evidence that"""" a waiting period for handgun purchases """"reduces violence whatsoever.""",Reliable,PUBHEALTH,"Crime, Public Health, Guns, Wisconsin, Van Wanggaard, ",claim,dataset_label,data/raw/pubhealth,15659,Tom Kertscher,en
"“Now, they’re doing tests on airlines — very strong tests — for getting on, getting off. They’re doing tests on trains — getting on, getting off.”",Misinformation,PUBHEALTH,"Coronavirus, Donald Trump, ",claim,dataset_label,data/raw/pubhealth,26538,Amy Sherman,en
Drinking hot water with lemons will cure or prevent COVID-19; drinking hot water with lemons and sodium bicarbonate will “alkalize the immune system” and cure or prevent COVID-19.,Misinformation,PUBHEALTH,"Medical, COVID-19",claim,dataset_label,data/raw/pubhealth,35059,Alex Kasprak,en
"""The COVID-19 Testing, Reaching, And Contacting Everyone (TRACE) Act, or H.R. 6666, would authorize federally administered COVID-19 testing groups to enter American homes and force testing against residents' will, and then """"take"""" those who test positive to quarantine sites.""",Misinformation,PUBHEALTH,"Politics, COVID-19",claim,dataset_label,data/raw/pubhealth,35334,Jessica Lee,en
Facebook post Says the NIH “15 years ago published a study on chloroquine. It is effective against COVID-(1).”,Misinformation,PUBHEALTH,"Public Health, Facebook Fact-checks, Coronavirus, Facebook posts, ",claim,dataset_label,data/raw/pubhealth,25880,Samantha Putterman,en
Bayer bets on 'silver bullet' defense in Roundup litigation; experts see hurdles.,Reliable,PUBHEALTH,Health News,claim,dataset_label,data/raw/pubhealth,328,Tina Bellon,en
The number of operations classed as urgent that have been cancelled twice have doubled since 2010.,Reliable,PUBHEALTH,health,claim,dataset_label,data/raw/pubhealth,41655,Joël Reland and Grace Rahman,en
Spironolactone may be an alternative to antibiotics in women's acne treatment,Misinformation,PUBHEALTH,"acne,antibiotic,spironolactone,University of Pennsylvania School of Medicine",claim,dataset_label,data/raw/pubhealth,8994,"Sally James,Kathleen Fairfield, MD, DrPH,Kathlyn Stone",mixed
"""Planned Parenthood Says """"Scott Walker tried to pass a law to allow pharmacists to block women’s access to birth control.""",Misinformation,PUBHEALTH,"Health Care, Message Machine 2010, Women, Wisconsin, Planned Parenthood, ",claim,dataset_label,data/raw/pubhealth,23183,Tom Kertscher,en
Synairgen gets green light for coronavirus drug trial.,Reliable,PUBHEALTH,Health News,claim,dataset_label,data/raw/pubhealth,7931,Paul Sandle,en
Brazil turns to local industry to build ventilators as China orders fall through.,Reliable,PUBHEALTH,Health News,claim,dataset_label,data/raw/pubhealth,8564,Anthony Boadle,en
Cavs’ Love raises mental health awareness with ‘locker’ talk.,Reliable,PUBHEALTH,"Cleveland Cavaliers, Anxiety, Mental health, Health, Cleveland, Kevin Love, Basketball, NBA, Sports, Depression",claim,dataset_label,data/raw/pubhealth,7587, Tom Withers,en
"Mercury is used in vaccines, and there is no safe level of mercury.",Misinformation,PUBHEALTH,"Georgia, Public Health, Mike Adams, ",claim,dataset_label,data/raw/pubhealth,15920,April Hunt,en
Elderly man evicted over medical marijuana hits another snag.,Reliable,PUBHEALTH,"Homeless shelters, Legal Marijuana, Medical marijuana, New York, Marijuana, Health, Niagara Falls, U.S. News",claim,dataset_label,data/raw/pubhealth,5758, Carolyn Thompson,en
Health reports rosy in Ohio’s otherwise ugly US Senate race.,Reliable,PUBHEALTH,"Columbus, OH State Wire, Health, Ohio, Rob Portman, Ted Strickland",claim,dataset_label,data/raw/pubhealth,5870, Julie Carr Smyth,en
"""Facebook post Says the 2019 coronavirus """"causes sudden death syndrome.""",Misinformation,PUBHEALTH,"Public Health, Facebook Fact-checks, Coronavirus, Facebook posts, ",claim,dataset_label,data/raw/pubhealth,26906,Daniel Funke,en
Why Biogen is breathing a sigh of relief with the latest Alzheimer’s data,Reliable,PUBHEALTH,alzheimer's disease,claim,dataset_label,data/raw/pubhealth,9527,"Joann Rodgers, MS,Susan Molchan, MD, MA,Joy Victory",en
Experimental drug guadecitabine found safe in patients with colorectal cancer,Reliable,PUBHEALTH,"Academic medical center news release,colon cancer",claim,dataset_label,data/raw/pubhealth,10872,"Matt Shipman,Harold J. DeMonaco, MS,Kathlyn Stone",en
Congo confirms 1st Ebola case in city of Goma.,Reliable,PUBHEALTH,"AP Top News, Health, General News, Africa, Epidemics, Rwanda, International News",claim,dataset_label,data/raw/pubhealth,4621, Krista Larson,en
G7 told to act on antibiotics as dreaded superbug hits U.S.,Reliable,PUBHEALTH,Health News,claim,dataset_label,data/raw/pubhealth,1412,"Kylie Maclellan, Ben Hirschler",en
"Phelps honored for honesty on mental health, helping others.",Reliable,PUBHEALTH,"Mental health, Health, Baltimore, North America, Sports, Michael Phelps, Depression, Swimming",claim,dataset_label,data/raw/pubhealth,6595, David Ginsburg,en
J&J becomes first drugmaker to add prices to television ads.,Reliable,PUBHEALTH,Health News,claim,dataset_label,data/raw/pubhealth,396,Julie Steenhuysen,en
Feds crack Medicare gene test fraud that peddled cheek swabs.,Reliable,PUBHEALTH,"Seniors, Genetic testing, Health care industry, Health, General News, Politics, Business, Medicare",claim,dataset_label,data/raw/pubhealth,6124, Ricardo Alonso-Zaldivar,en
"""The word """"quarantine"""" stems from the Italian word for """"forty,"""" representing the number of days persons potentially exposed to communicable diseases had to remain in isolation.""",Reliable,PUBHEALTH,"Language, COVID-19",claim,dataset_label,data/raw/pubhealth,35282,David Mikkelson,en
"UCB recalls Parkinson's patch, reviews 2008 outlook.",Reliable,PUBHEALTH,Health News,claim,dataset_label,data/raw/pubhealth,8860,Philip Blenkinsop,en
"Every year in the United States between 3,000 and 4,500 severe vaccine reactions are reported to the Centers for Disease Control. Not mild reactions. Severe reactions that land somebody in the hospital, the intensive care unit or cause a permanent disability or death.",Misinformation,PUBHEALTH,"Health Care, Public Health, PunditFact, Bob Sears, ",claim,dataset_label,data/raw/pubhealth,15944,Aaron Sharockman,en
"The number of patients waiting more than 12 hours in A&E is up 2,700% since 2010.",Reliable,PUBHEALTH,health,claim,dataset_label,data/raw/pubhealth,41652,Joël Reland and Grace Rahman,en
Early data shows nearly 2x prolonged median survival for inoperable pancreatic cancer,Reliable,PUBHEALTH,"pancreatic cancer,ViewRay",claim,dataset_label,data/raw/pubhealth,9075,"Ann Miller, PhD,Doug Campos-Outcalt, MD, MPA,Kathlyn Stone",en
Chinese report says illnesses may be from new coronavirus.,Reliable,PUBHEALTH,"Health, General News, MERS, Wuhan, Pneumonia, China, Asia Pacific, International News",claim,dataset_label,data/raw/pubhealth,3733, Yanan Wang And Mike Stobbe,mixed
Kentucky governor reaffirms support for teacher pay raise.,Reliable,PUBHEALTH,"Legislature, Teacher pay, Health, General News, Kentucky, Education",claim,dataset_label,data/raw/pubhealth,2994, Bruce Schreiner,en
Reports have gone viral that a scientist from Johns Hopkins University said flu vaccines aren’t as effective as once thought and that studies used to promote widespread vaccines are often low quality.,Reliable,PUBHEALTH,Medical,claim,dataset_label,data/raw/pubhealth,39660,  Rich Buhler & Staff  ,en
"In Jeanne Shaheen, New Hampshire has a Senator who was the deciding vote to pass Obamacare.",Misinformation,PUBHEALTH,"New Hampshire, Health Care, Voting Record, Jim Rubens, ",claim,dataset_label,data/raw/pubhealth,17677,Jim Haddadin,en
"In voting by mail, “hundreds of thousands of ballots have been rejected for defects and millions more end up missing or in landfills.”",Misinformation,PUBHEALTH,"Elections, Coronavirus, J. Christian Adams, ",claim,dataset_label,data/raw/pubhealth,26156,Amy Sherman,en
"The government is putting 20,000 more police on the streets.",Reliable,PUBHEALTH,health,claim,dataset_label,data/raw/pubhealth,41717,Claire Milne,en
More U.S. doctors facing charges over drug abuse.,Reliable,PUBHEALTH,Health News,claim,dataset_label,data/raw/pubhealth,1941,Terry Baynes,en
Australia to retain coronavirus curbs for at least another four weeks.,Reliable,PUBHEALTH,Health News,claim,dataset_label,data/raw/pubhealth,8297,Colin Packham,mixed
"Utah governor talks Trump, gun control ahead of Pence visit.",Reliable,PUBHEALTH,"Global trade, Shootings, Mental health, Health, General News, Utah, Michael Pence, Gary Herbert, Donald Trump",claim,dataset_label,data/raw/pubhealth,4923, Morgan Smith,en
UK coronavirus death toll could be far higher than previously shown.,Reliable,PUBHEALTH,Health News,claim,dataset_label,data/raw/pubhealth,8710,Andy Bruce,en
Vancouver woman sharing signs of ovarian cancer with others.,Reliable,PUBHEALTH,"Health, Vancouver, Cancer, Ovarian cancer",claim,dataset_label,data/raw/pubhealth,4253, Marissa Harshman,en
Opioid settlement talks broaden ahead of 1st federal trial.,Reliable,PUBHEALTH,"AP Top News, Opioids, Trials, Epidemics, Business, Lawsuits, Cleveland, General News, Health, U.S. News",claim,dataset_label,data/raw/pubhealth,3712, Mark Gillispie And Geoff Mulvihill,en
Turkey struggles to ramp up tests as outbreak reaches critical phase.,Reliable,PUBHEALTH,Health News,claim,dataset_label,data/raw/pubhealth,8063,"Tuvan Gumrukcu, Can Sezer",en
Wisconsin Democratic Sen. Baldwin cruises to second term.,Reliable,PUBHEALTH,"Madison, Wisconsin, Tammy Baldwin, Health, Elections, Donald Trump",claim,dataset_label,data/raw/pubhealth,5013, Scott Bauer,en
Active Surveillance Preserves Quality of Life for Prostate Cancer Patients,Reliable,PUBHEALTH,"Academic medical center news release,Prostate cancer",claim,dataset_label,data/raw/pubhealth,10860,"Sally James,Harold J. DeMonaco, MS,Kathlyn Stone",en
U.N. wants more urgency in AIDS fight as gains and funding fade.,Reliable,PUBHEALTH,Health News,claim,dataset_label,data/raw/pubhealth,920,Kate Kelland,en
Cecile Richards stepping down as Planned Parenthood leader.,Reliable,PUBHEALTH,"Planned Parenthood, Health, Cecile Richards, Political activism, North America, U.S. News, United States",claim,dataset_label,data/raw/pubhealth,7067, David Crary,en
"""In South Sudan, """"more teenage girls die in childbirth than finish high school.""",Reliable,PUBHEALTH,"Global News Service, Education, Foreign Policy, Poverty, Public Health, Women, UN's UNICEF, ",claim,dataset_label,data/raw/pubhealth,13810,Jon Greenberg,en
Seven African countries cut child HIV infections by half.,Reliable,PUBHEALTH,Health News,claim,dataset_label,data/raw/pubhealth,2492,Kate Kelland,en
A&E four hour targets have been missed more than 10 million times since 2010.,Reliable,PUBHEALTH,health,claim,dataset_label,data/raw/pubhealth,41651,Joël Reland and Grace Rahman,en
"In just over a year, more than sixty holistic health practitioners have died suspicious deaths, and the media refuses to acknowledge that these deaths might be linked.",Misinformation,PUBHEALTH,"Medical, holistic doctors",claim,dataset_label,data/raw/pubhealth,31446,Alex Kasprak,en
"""In regards to reopening the economy during the COVID-19 pandemic, the former CEO of Wells Fargo stated, """"We’ll gradually bring those people back and see what happens. Some of them will get sick, some may even die, I don’t know.""",Reliable,PUBHEALTH,"Politics, COVID-19",claim,dataset_label,data/raw/pubhealth,35224,Bethania Palma,mixed
"Wary of irking China, Trump offers rosy take on virus threat.",Reliable,PUBHEALTH,"AP Top News, Health, Ebola virus, Politics, China, Virus Outbreak, Asia Pacific, U.S. News, U.S. News, General News, Donald Trump",claim,dataset_label,data/raw/pubhealth,7512," Darlene Superville, Aamer Madhani And Jonathan Lemire",en
"""The Department of Veterans Affairs has """"a manual out there telling our veterans stuff like, 'Are you really of value to your community?' You know, encouraging them to commit suicide.""",Misinformation,PUBHEALTH,"National, Health Care, Veterans, Michael Steele, ",claim,dataset_label,data/raw/pubhealth,24574,Robert Farley,en
Saudi healthcare booms as state scrambles to close welfare gap.,Reliable,PUBHEALTH,Health News,claim,dataset_label,data/raw/pubhealth,2832,"Marwa Rashad, Olzhas Auyezov",en
Israel attacks Council of Europe move to restrict male circumcision.,Reliable,PUBHEALTH,Health News,claim,dataset_label,data/raw/pubhealth,2440,Ori Lewis,en
Pakistani city is world's biggest reservoir of polio viruses.,Reliable,PUBHEALTH,Health News,claim,dataset_label,data/raw/pubhealth,2841,Katharine Houreld,en
The American Red Cross charges a fee to persons whom they assist.,Misinformation,PUBHEALTH,"Medical, Emergency Room, hurricane katrina, louisiana",claim,dataset_label,data/raw/pubhealth,29612,David Mikkelson,en
Local authorities: Mysterious illness in China is not SARS.,Reliable,PUBHEALTH,"Severe acute respiratory syndrome, Health, Hong Kong, General News, Wuhan, Epidemics, China, Asia Pacific",claim,dataset_label,data/raw/pubhealth,3698, Yanan Wang,en
Coronavirus clue? Most cases aboard U.S. aircraft carrier are symptom-free.,Reliable,PUBHEALTH,Health News,claim,dataset_label,data/raw/pubhealth,8414,"Phil Stewart, Idrees Ali",en
"In Thailand, baby gender selection loophole draws China, HK women to IVF clinics.",Reliable,PUBHEALTH,Health News,claim,dataset_label,data/raw/pubhealth,1822,"Ron Kaye, Khettiya Jittapong",en
"Facebook post Says Herman Cain died of cancer, not COVID-19.",Misinformation,PUBHEALTH,"Corrections and Updates, Facebook Fact-checks, Coronavirus, Facebook posts, ",claim,dataset_label,data/raw/pubhealth,25849,Ciara O'Rourke,en
"Despite detente, sanctions on North Korea fan TB epidemic.",Reliable,PUBHEALTH,"AP Top News, Health, North Korea, Epidemics, Tuberculosis, Pyongyang, Asia Pacific, Public health, International News",claim,dataset_label,data/raw/pubhealth,4350, Eric Talmadge,en
Prostate Cancer Drug Slows Memory Loss in Women with Alzheimer's Disease,Misinformation,PUBHEALTH,"Academic medical center news release,Alzheimer's disease",claim,dataset_label,data/raw/pubhealth,10414,"Harold J. DeMonaco, MS,Kevin Lomangino",en
Trump administration opposing bid for syphilis study museum.,Reliable,PUBHEALTH,"Sexually transmitted diseases, Race and ethnicity, Health, Lawsuits, Museums, Courts, Syphilis, Legal settlements",claim,dataset_label,data/raw/pubhealth,5854, Jay Reeves,en
"""A friend’s sister """"died from Obamacare"""" because Blue Shield """"completely just pulled out of California.""",Misinformation,PUBHEALTH,"Health Care, PunditFact, Ann Coulter, ",claim,dataset_label,data/raw/pubhealth,17407,Katie Sanders,en
India gets minister for yoga and traditional medicine.,Reliable,PUBHEALTH,Health News,claim,dataset_label,data/raw/pubhealth,1756,Aditya Kalra,en
Indian doctors evicted over coronavirus transmission fears: medical body.,Reliable,PUBHEALTH,Health News,claim,dataset_label,data/raw/pubhealth,8091,"Aditya Kalra, Devjyot Ghoshal",en
"Originally, Democrats promised that if you liked your health care plan, you could keep it. One year later we know that you need a waiver to keep your plan.",Misinformation,PUBHEALTH,"Health Care, Virginia, Morgan Griffith, ",claim,dataset_label,data/raw/pubhealth,22339,Jacob Geiger,en
"Forget the martini lunch, sweatworking mixes business with exercise.",Reliable,PUBHEALTH,Health News,claim,dataset_label,data/raw/pubhealth,1686,Dorene Internicola,en
Indonesia reports most coronavirus cases in Southeast Asia.,Reliable,PUBHEALTH,Health News,claim,dataset_label,data/raw/pubhealth,8403,"Agustinus Beo Da Costa, Stanley Widianto",en
Danone to sue New Zealand's Fonterra over baby formula recall.,Reliable,PUBHEALTH,Health News,claim,dataset_label,data/raw/pubhealth,2910,"Naomi Tajitsu, Geert De Clercq",en
One in four Americans told to stay home as Congress nears $1 trillion stimulus.,Reliable,PUBHEALTH,Health News,claim,dataset_label,data/raw/pubhealth,7894,"Nathan Layne, David Morgan",en
“This is what Bill Gates and George Soros want to do… secretly stick you with a chip while testing you for the coronavirus... the Dems have a bill on the House floor ready to vote on it to require this.”,Misinformation,PUBHEALTH,"Facebook Fact-checks, Coronavirus, Facebook posts, ",claim,dataset_label,data/raw/pubhealth,26221,Ciara O'Rourke,en
U.S. to help South Korea get flu drugs to North despite stalled nuclear talks.,Reliable,PUBHEALTH,Health News,claim,dataset_label,data/raw/pubhealth,7778,Hyonhee Shin,en
"15 years ago, cancer drugs cost an average of $10,000 a year. Now it’s $10,000 a month.",Reliable,PUBHEALTH,"Health Care, PunditFact, Bill Maher, ",claim,dataset_label,data/raw/pubhealth,14846,Lauren Carroll,en
"""Caddy McKeown Says """"A baby in Coos County is two times as likely to be born to a mother who is someone who used tobacco during her pregnancy as is the average baby born in Oregon or the U.S.""",Reliable,PUBHEALTH,"Oregon, County Government, Public Health, Taxes, Caddy McKeown, ",claim,dataset_label,data/raw/pubhealth,18530,Janie Har,en
“The CDC just confirmed a 0.2% death-rate for COVID19.”,Misinformation,PUBHEALTH,"Public Health, Facebook Fact-checks, California, Coronavirus, Facebook posts, ",claim,dataset_label,data/raw/pubhealth,26116,Chris Nichols,en
"Under a proposal by Rep. Paul Ryan, people on Medicare will only have $15,000 from the federal government to spend on their health care.",Misinformation,PUBHEALTH,"National, Federal Budget, Health Care, Medicare, Pundits, Bill Maher, ",claim,dataset_label,data/raw/pubhealth,22224,Louis Jacobson,en
"""A data-storing microchip """"would be implanted in the majority of people who opt to become covered by the public health care option.""",Misinformation,PUBHEALTH,"National, Health Care, Privacy Issues, Chain email, ",claim,dataset_label,data/raw/pubhealth,24404,Louis Jacobson,en
Anyone can die of a toothache.,Reliable,PUBHEALTH,"Health Care, Medicaid, Florida, John Cortes, ",claim,dataset_label,data/raw/pubhealth,14697,Joshua Gillin,en
"Closing the tobacco loophole would save Missouri taxpayers $50,000,000",Reliable,PUBHEALTH,"Public Health, State Budget, Missouri, Chris Koster, ",claim,dataset_label,data/raw/pubhealth,14188,Andrew Kessel,en
"Heroic nurses need full protection against coronavirus, association says.",Reliable,PUBHEALTH,Health News,claim,dataset_label,data/raw/pubhealth,7999,Stephanie Nebehay,en
First embryo gene-repair holds promise for inherited disease.,Reliable,PUBHEALTH,"AP Top News, Health, Politics, North America, Genetic Frontiers, Science, U.S. News",claim,dataset_label,data/raw/pubhealth,7408, Lauran Neergaard,en
Shooting poses Virginia governor’s first test since scandal.,Reliable,PUBHEALTH,"Shootings, Virginia Beach, General News, Virginia, Medical schools, Ralph Northam, AP Top News, Gun politics, Donald Trump",claim,dataset_label,data/raw/pubhealth,6329, Alan Suderman,en
Americans are immune to the Zika virus.,Misinformation,PUBHEALTH,"Science, conspiracy theories, vaccine misinformation, zika virus",claim,dataset_label,data/raw/pubhealth,32668,Dan Evon,en
"Forwarding an e-mail message will help Amy Bruce, a 7-year-old girl dying of lung cancer and a brain tumor.",Misinformation,PUBHEALTH,"Inboxer Rebellion, Medical Appeals",claim,dataset_label,data/raw/pubhealth,33765,David Mikkelson,en
Over 81 percent of the babies that are born at LBJ Hospital right here in Houston are born of women who are not here legally.,Misinformation,PUBHEALTH,"Immigration, Children, Families, Health Care, Terrorism, Texas, Debbie Riddle, ",claim,dataset_label,data/raw/pubhealth,23515,Meghan Ashford-Grooms,mixed
"""Jerry Jones Says it’s """"absurd"""" to say there’s enough data to establish a link between playing football and Chronic Traumatic Encephalopathy.""",Misinformation,PUBHEALTH,"Health Care, Science, Sports, Texas, Jerry Jones, ",claim,dataset_label,data/raw/pubhealth,14257,W. Gardner Selby,en
"Weight loss plus vitamin D reduces inflammation linked to cancer, chronic disease",Reliable,PUBHEALTH,"Academic medical center news release,Cancer",claim,dataset_label,data/raw/pubhealth,10165,"Joann Rodgers, MS,Richard Hoffman, MD,Kevin Lomangino",en
"More women in poor countries use contraception, says report.",Reliable,PUBHEALTH,"Health, Africa, Rwanda, Kigali",claim,dataset_label,data/raw/pubhealth,4699, Ignatius Ssuuna And Rodney Muhumuza,en
“My mask will keep someone else safe and their mask will keep me safe.”,Reliable,PUBHEALTH,"National, Coronavirus, Pennsylvania, Pat Toomey, ",claim,dataset_label,data/raw/pubhealth,26571,Jessica Calefati,en
"""Donald Trump Says of the GOP health care proposal, """"pre-existing conditions are in the bill.""",Misinformation,PUBHEALTH,"Health Care, Government Regulation, Medicaid, Medicare, Florida, Donald Trump, ",claim,dataset_label,data/raw/pubhealth,12558,Amy Sherman,en
"""Planned Parenthood is """"the only health care that a significant number of women get. About 30 percent of women, that's their health care.""",Misinformation,PUBHEALTH,"Abortion, National, Health Care, Women, Harry Reid, ",claim,dataset_label,data/raw/pubhealth,15307,Louis Jacobson,en
Facebook post Says President Donald Trump is selling coronavirus-themed commemorative coins through the White House Gift Shop.,Misinformation,PUBHEALTH,"Corrections and Updates, Facebook Fact-checks, Coronavirus, Facebook posts, ",claim,dataset_label,data/raw/pubhealth,26379,Samantha Putterman,en
"""Psychologist B. F. Skinner raised his own daughter in a """"Skinner box""""; as a result, she grew up psychologically damaged, sued her father, and committed suicide.""",Misinformation,PUBHEALTH,"Medical, b.f. skinner, baby",claim,dataset_label,data/raw/pubhealth,33522,David Mikkelson,en
FDA warns of breathing risks with popular nerve drugs.,Reliable,PUBHEALTH,"Health, General News, Medication, Marijuana, Opioids",claim,dataset_label,data/raw/pubhealth,3921, Matthew Perrone,en
"""Peter Courtney Says, """"Statistics indicate that one in eight children, and one in 18 adults in Oregon suffers from mental illness.""",Reliable,PUBHEALTH,"Oregon, Health Care, Public Health, State Budget, Peter Courtney, ",claim,dataset_label,data/raw/pubhealth,18753,Janie Har,en
"""The Obama administration said """"they were going to be able to drive folks away from one of the most expensive areas for the provision of health care, and that is the emergency rooms. In fact, they did just the opposite.""",Reliable,PUBHEALTH,"National, Health Care, Tom Price, ",claim,dataset_label,data/raw/pubhealth,12769,Louis Jacobson,en
Mild form of bird flu found in Minnesota turkey flock.,Reliable,PUBHEALTH,"Animals, Health, Flu, Minnesota, Animal health, Bird flu, Public health",claim,dataset_label,data/raw/pubhealth,3980, Steve Karnowski,en
"""Hillary Clinton Says Donald Trump supports """"an agenda out there"""" to privatize the Veterans Affairs health care system.""",Misinformation,PUBHEALTH,"National, Health Care, Veterans, Hillary Clinton, ",claim,dataset_label,data/raw/pubhealth,13553,C. Eugene Emery Jr.,en
Researcher Judy Mikovits was thrown in jail after she refused to discredit research that led to the discovery that deadly retroviruses have been transmitted through vaccines.,Misinformation,PUBHEALTH,"Science, big pharma, vaccines",claim,dataset_label,data/raw/pubhealth,30016,Alex Kasprak,en
"As Spain readies euthanasia law, dying sclerosis victim senses hope.",Reliable,PUBHEALTH,Health News,claim,dataset_label,data/raw/pubhealth,7784,Sabela Ojea,en
"The characteristics of stereotypical millennial liberals make them less competitive, because they are in discord with the natural world.",Misinformation,PUBHEALTH,"Science, biological fitness, mike adams, natural news",claim,dataset_label,data/raw/pubhealth,31992,Alex Kasprak,en
"Sea defeats body, not spirit, of swimmer, 61.",Reliable,PUBHEALTH,Health News,claim,dataset_label,data/raw/pubhealth,1959,Michael Haskins,en
Health reform's grand experiment: Will it play in Peoria?.,Reliable,PUBHEALTH,Health News,claim,dataset_label,data/raw/pubhealth,2931,Julie Steenhuysen,en
“The CDC tried to develop clear guidelines about what the stages of re-opening should look like — the administration delayed and scaled them back.,Reliable,PUBHEALTH,"Public Health, Coronavirus, Joe Biden, ",claim,dataset_label,data/raw/pubhealth,26010,Samantha Putterman,en
State Health Department calls for requiring outbreak plan.,Reliable,PUBHEALTH,"Health, General News, Disease outbreaks, New Jersey",claim,dataset_label,data/raw/pubhealth,5448, Mike Catalini,en
Peanut oil is secretly present in childhood vaccines and flu shots.,Misinformation,PUBHEALTH,Medical,claim,dataset_label,data/raw/pubhealth,31702,Alex Kasprak,en
"""Ann Kuster turned """"a blind eye to those in need of funding"""" by voting """"against funding for our nation’s veterans, low-income women and children, the FDA and the National Institutes of Health.""",Misinformation,PUBHEALTH,"New Hampshire, Children, Federal Budget, Health Care, Public Health, Science, Veterans, Women, National Republican Congressional Committee, ",claim,dataset_label,data/raw/pubhealth,17820,Kaitlin Mulhere,en
Family history leads Kentucky candidates to different places.,Reliable,PUBHEALTH,"Health, Donald Trump, Kentucky, Andy Barr",claim,dataset_label,data/raw/pubhealth,6268, Adam Beam,en
Americans unlikely to move to get better Medicaid benefits: study.,Reliable,PUBHEALTH,Health News,claim,dataset_label,data/raw/pubhealth,2930,Richard Valdmanis,en
Summer camp is newest front in battle with measles outbreak.,Reliable,PUBHEALTH,"AP Top News, Immunizations, New York City, New York, Measles, General News, Health, U.S. News, Religion",claim,dataset_label,data/raw/pubhealth,5744, Michael Hill,en
"Bloomberg health plan aims to lower costs, cover more people.",Reliable,PUBHEALTH,"Michael Bloomberg, Health, General News, Legislation, Politics, Joe Biden, Campaigns, New York, Business, Medicare, Nancy Pelosi",claim,dataset_label,data/raw/pubhealth,3112, Ricardo Alonso-Zaldivar,en
Health officials: It’s time to give flu vaccine another shot.,Reliable,PUBHEALTH,"AP Top News, Health care industry, Health, General News, Flu, U.S. News",claim,dataset_label,data/raw/pubhealth,7535, Lauran Neergaard,en
Spain acts to prevent layoffs as rising coronavirus death toll stabilises.,Reliable,PUBHEALTH,Health News,claim,dataset_label,data/raw/pubhealth,8042,"Nathan Allen, Inti Landauro",en
New Zealand plans spending spree to counter virus job losses.,Reliable,PUBHEALTH,"Health, General News, New Zealand, Financial markets, Business, Pandemics, Asia Pacific, Virus Outbreak, Grant Robertson, Economy",claim,dataset_label,data/raw/pubhealth,7354, Nick Perry,en
"In September 2020, Dr. Li-Meng Yan, a former post-doctoral student at Hong Kong University, appeared In multiple televised interviews claiming that she had proof SARS-CoV-2, the virus that causes COVID-19, was manufactured by the Chinese Communist Party in a Wuhan Lab.",Reliable,PUBHEALTH,"Politics Medical, COVID-19",claim,dataset_label,data/raw/pubhealth,35942,Madison Dapcevich,mixed
Karen Pence: ‘It’s OK to not be OK’ during pandemic.,Reliable,PUBHEALTH,"Anxiety, Karen Pence, Health, General News, Politics, Pandemics, Virus Outbreak, Michael Pence",claim,dataset_label,data/raw/pubhealth,7350, Darlene Superville,en
"Booker urges activists, leaders to heed social justice call.",Reliable,PUBHEALTH,"Cory Booker, Iowa, Race and ethnicity, New Jersey, Health, Universal health care, Iowa City, Cedar Rapids, Mason City, North America, Politics, Waterloo",claim,dataset_label,data/raw/pubhealth,4966, Thomas Beaumont,en
Trump backing off banning vaping flavors popular with teens.,Reliable,PUBHEALTH,"AP Top News, Health, General News, Politics, Kellyanne Conway, Campaigns, Epidemics, Business, Ivanka Trump, Vaping, Melania Trump, Public health, Tobacco industry regulation, Donald Trump",claim,dataset_label,data/raw/pubhealth,3179," Jonathan Lemire, Matthew Perrone And Darlene Superville",en
"As the usage [of synthetic marijuana] has dramatically increased, instances of violence, bodily harm and even death have risen with it.",Reliable,PUBHEALTH,"Georgia, Drugs, Marijuana, Nathan Deal, ",claim,dataset_label,data/raw/pubhealth,20340,Willoughby Mariano,en
"Weekly fish consumption linked to better sleep, higher IQ",Misinformation,PUBHEALTH,"fish diet,University of Pennsylvania",claim,dataset_label,data/raw/pubhealth,9053,"Alan Cassels,Virginia A. Moyer, MD,Kathlyn Stone",en
France's Carmat implants its first artificial heart in human.,Reliable,PUBHEALTH,Health News,claim,dataset_label,data/raw/pubhealth,2964,Natalie Huet,en
Marisa Tomei opens up about her struggle with chronic dry eye,Misinformation,PUBHEALTH,disease mongering,claim,dataset_label,data/raw/pubhealth,9557,"Alan Cassels,Karen Carlson, MD,Joy Victory",en
There are countries in Africa where they have higher vaccination rates than here in the United States.,Reliable,PUBHEALTH,"Health Care, Public Health, PunditFact, Katty Kay, ",claim,dataset_label,data/raw/pubhealth,15929,Katie Sanders,en
Coronavirus cluster in Japan's Nagoya tied to elderly day care center.,Reliable,PUBHEALTH,Health News,claim,dataset_label,data/raw/pubhealth,8195,Linda Sieg,en
New lab trains welfare workers who probe child abuse claims.,Reliable,PUBHEALTH,"AP Top News, Chicago, Health, General News, Child welfare, Illinois, Child abuse, U.S. News",claim,dataset_label,data/raw/pubhealth,4788, Sophia Tareen,en
“There is no science or data to suggest that kids are at risk from COVID.”,Misinformation,PUBHEALTH,"Education, Public Health, California, Coronavirus, Melissa Melendez, ",claim,dataset_label,data/raw/pubhealth,25975,Chris Nichols,mixed
Lower-cost biotech drug gets thumbs up from FDA panel.,Reliable,PUBHEALTH,"Health, Medication, Rheumatoid arthritis, Arthritis, Patents",claim,dataset_label,data/raw/pubhealth,6538, Matthew Perrone,en
Unions don’t have to comply with Obamacare.,Misinformation,PUBHEALTH,"National, Health Care, Unions, Crossroads GPS, ",claim,dataset_label,data/raw/pubhealth,22059,Angie Drobnic Holan,en
No questions about reproductive rights at Democratic debate.,Reliable,PUBHEALTH,"South Bend, Reproductive rights, Beto ORourke, General News, Politics, Election 2020, AP Top News, Indiana, Health, Pete Buttigieg, Kamala Harris",claim,dataset_label,data/raw/pubhealth,5209, Juana Summers,tl
Blood Thinners May Also Protect Brains of A-Fib Patients,Misinformation,PUBHEALTH,"anti-clotting drug,dementia",claim,dataset_label,data/raw/pubhealth,9445,"Alan Cassels,Kevin Lomangino,Kathlyn Stone",mixed
Medicare spending triggers new funding proposal.,Reliable,PUBHEALTH,Health News,claim,dataset_label,data/raw/pubhealth,8854,David Lawder,en
Pesticide criticized in bee deaths could also kill birds.,Reliable,PUBHEALTH,"Biology, Insects, Saskatchewan, General News, Maine, Health, Bees, Birds",claim,dataset_label,data/raw/pubhealth,4299, Patrick Whittle,en
Takeaways from the Democratic presidential debate.,Reliable,PUBHEALTH,"AP Top News, Health care reform, General News, Immigration, Politics, Campaigns, Election 2020, Elizabeth Warren, Julian Castro",claim,dataset_label,data/raw/pubhealth,5220, Juana Summers And Nicholas Riccardi,en
Three in four low-income workers don’t have any paid sick days available.,Reliable,PUBHEALTH,"Ohio, Health Care, Income, Labor, Public Health, Workers, Sherrod Brown, ",claim,dataset_label,data/raw/pubhealth,18783,Tom Feran,en
"""London sanitation show aims to make """"poo"""" hot topic.""",Reliable,PUBHEALTH,Health News,claim,dataset_label,data/raw/pubhealth,2593,Julie Mollins,en
“Bill Gates Explains That The COVID Vaccine Will Use Experimental Technology And Permanently Alter Your DNA”,Misinformation,PUBHEALTH,"Public Health, Facebook Fact-checks, Coronavirus, Facebook posts, ",claim,dataset_label,data/raw/pubhealth,26276,Emily Venezky,en
Trump: 'Going to be a lot of death' in U.S. next week from coronavirus.,Reliable,PUBHEALTH,Health News,claim,dataset_label,data/raw/pubhealth,8631,"Jeff Mason, Gabriella Borter",en
Pembrolizumab shows promise in treatment of mesothelioma,Misinformation,PUBHEALTH,"mesothelioma,pembrolizumab,University of Pennsylvania School of Medicine",claim,dataset_label,data/raw/pubhealth,9173,"Alan Cassels,Dan Mayer, MD,Kathlyn Stone",en
"South Korea reports fewer than 50 new infections, earning WHO praise.",Reliable,PUBHEALTH,Health News,claim,dataset_label,data/raw/pubhealth,8326,Hyonhee Shin,en
Sanders Institute gathering a pep rally for liberal ideas.,Reliable,PUBHEALTH,"Vermont, Bernie Sanders, Health, Universal health care, North America, Medicare, Burlington, Nina Turner",claim,dataset_label,data/raw/pubhealth,7195, Wilson Ring,en
Study shows Europe's alcohol-linked cancer burden.,Reliable,PUBHEALTH,Health News,claim,dataset_label,data/raw/pubhealth,2004,Kate Kelland,en
"""Americas PAC Says Tammy Baldwin was told by a whistleblower about """"overmedicated veterans,"""" she made """"deadly mistakes"""" and """"three veterans died"""" at the Tomah VA hospital.""",Misinformation,PUBHEALTH,"Drugs, Health Care, Public Health, Veterans, Wisconsin, Americas PAC, ",claim,dataset_label,data/raw/pubhealth,12539,Tom Kertscher,mixed
"""There was no real scientific basis for believing that"""" social distancing would be necessary, """"since it had never been studied.""",Misinformation,PUBHEALTH,"Public Health, Pundits, Science, PunditFact, Coronavirus, Laura Ingraham, ",claim,dataset_label,data/raw/pubhealth,26359,Bill McCarthy,en
"""The CDC has proposed a new rule enabling the agency to """"apprehend and detain anyone, anywhere, at any time, without Due Process or any right of appeal"""" and """"administer forced vaccinations.""",Misinformation,PUBHEALTH,"Politics Conspiracy Theories, cdc, department of health and human services, dhhs",claim,dataset_label,data/raw/pubhealth,32315,Kim LaCapria,mixed
"“In some of these other states, some of their deaths can be attributable to the fact that they were having a hard time getting an ICU bed or a ventilator to a patient.”",Misinformation,PUBHEALTH,"North Carolina, Coronavirus, Roy Cooper, ",claim,dataset_label,data/raw/pubhealth,25644,Paul Specht,en
A hidden provision in Obamacare taxes sporting goods as medical devices.,Misinformation,PUBHEALTH,"Ohio, Health Care, Taxes, Chain email, ",claim,dataset_label,data/raw/pubhealth,18268,Tom Feran,en
Wendy Williams to take health-related break from TV show.,Reliable,PUBHEALTH,"Health, Talk shows, Entertainment, Wendy Williams, North America",claim,dataset_label,data/raw/pubhealth,3234, Lynn Elber,en
"Emboldened by election, Texas Republicans kill Medicaid funding for kids with disabilities.",Misinformation,PUBHEALTH,"Health Care, State Budget, States, Texas, If You Only News, ",claim,dataset_label,data/raw/pubhealth,13039,W. Gardner Selby,en
Lifetime movie ‘Flint’ dramatizes city’s water crisis.,Reliable,PUBHEALTH,"Queen Latifah, Betsy Brandt, Health, Michigan, Entertainment, Movies, North America, Flint, Marin Ireland, TV, Neil Meron",claim,dataset_label,data/raw/pubhealth,5303, Lynn Elber,en
"U.S. death toll spirals amid rush to build field hospitals, find supplies.",Reliable,PUBHEALTH,Health News,claim,dataset_label,data/raw/pubhealth,7964,"Nick Brown, Dan Whitcomb",en
'Holy grail' of breast cancer prevention in high-risk women may be in sight,Misinformation,PUBHEALTH,"Breast cancer,Independent research center news release",claim,dataset_label,data/raw/pubhealth,10467,"Matt Shipman,Deanna Attai, MD, FACS,Kathlyn Stone",mixed
"Facebook post Says Michigan Gov. Gretchen Whitmer’s family spent May 20 at her second home, breaking her own stay-at-home orders.",Misinformation,PUBHEALTH,"Facebook Fact-checks, Coronavirus, Facebook posts, ",claim,dataset_label,data/raw/pubhealth,26233,Daniel Funke,tl
Thirteen Felician sisters from one convent died from COVID-19.,Reliable,PUBHEALTH,"Medical, COVID-19",claim,dataset_label,data/raw/pubhealth,35371,Bethania Palma,en
'Healthier' chocolates gives U.S. cocoa demand a shot in the arm.,Reliable,PUBHEALTH,Health News,claim,dataset_label,data/raw/pubhealth,2509,Marcy Nicholson,en
"'Sailors do not need to die,' warns captain of coronavirus-hit U.S. aircraft carrier.",Reliable,PUBHEALTH,Health News,claim,dataset_label,data/raw/pubhealth,7965,"Idrees Ali, Phil Stewart",en
China approves bird flu vaccine for humans.,Reliable,PUBHEALTH,Health News,claim,dataset_label,data/raw/pubhealth,8837,Tan Ee Lyn,en
Tony-winner and women’s health advocate Phyllis Newman dies.,Reliable,PUBHEALTH,"Plays, Health, General News, Entertainment, Neil Simon, Womens health",claim,dataset_label,data/raw/pubhealth,5289, Mark Kennedy,en
A new disease outbreak caused by the hantavirus has been detected in China.,Misinformation,PUBHEALTH,"Medical, COVID-19",claim,dataset_label,data/raw/pubhealth,35111,Bethania Palma,en
"""Blogger Says China """"stole Coronavirus from Canada and weaponized it into a Bioweapon.""",Misinformation,PUBHEALTH,"Public Health, Facebook Fact-checks, Coronavirus, Bloggers, ",claim,dataset_label,data/raw/pubhealth,26985,Daniel Funke,en
"Hungary prolongs coronavirus lockdown indefinitely as infections near 1,000.",Reliable,PUBHEALTH,Health News,claim,dataset_label,data/raw/pubhealth,8545,Marton Dunai,en
A woman in Brazil contracted HIV during a manicure.,Reliable,PUBHEALTH,Medical,claim,dataset_label,data/raw/pubhealth,34057,Dan MacGuill,en
"UK virus outbreak 'probably' peaking, but too soon to ease lockdown.",Reliable,PUBHEALTH,Health News,claim,dataset_label,data/raw/pubhealth,8708,"Kylie Maclellan, Guy Faulconbridge",en
“President Trump marshalled the full resources of our federal government from the outset. He directed us to forge a seamless partnership with governors across America in both political parties.”,Misinformation,PUBHEALTH,"States, Coronavirus, Mike Pence, ",claim,dataset_label,data/raw/pubhealth,25691,Jon Greenberg,en
"""Facebook post Says President Barack Obama """"signed the medical appliance tax bill that forced companies to outsource manufacturing of masks, gowns, gloves and ventilaors [sic] to China, Europe and Russia to avoid the tax.”""",Misinformation,PUBHEALTH,"Health Check, Coronavirus, Facebook posts, ",claim,dataset_label,data/raw/pubhealth,26383,Victoria Knight,en
"In border camps, Syrians rely on doctors in trucks and tents.",Reliable,PUBHEALTH,Health News,claim,dataset_label,data/raw/pubhealth,987,Khalil Ashawi,en
Grand Forks outbreak has other North Dakota plants on alert.,Reliable,PUBHEALTH,"Health, General News, Grand Forks, Business, Infectious diseases, Fargo, North Dakota, Virus Outbreak, Public health",claim,dataset_label,data/raw/pubhealth,7416, Dave Kolpack,en
Renewed battle over using fetal tissue in medical research.,Reliable,PUBHEALTH,"Health, Politics, North America, Medical research, Mark Meadows, Science",claim,dataset_label,data/raw/pubhealth,5943, Ricardo Alonso-Zaldivar,en
"Production of the flu shot caused the influenza virus to mutate into a more virulent strain, driving the deadly 2017-2018 flu season.",Misinformation,PUBHEALTH,"Medical, anti-vaccine, epidemic, erin elizabeth",claim,dataset_label,data/raw/pubhealth,30598,Alex Kasprak,en
A photo shows two Italian nurses in a hospital a few days before they got COVID-19 and died.,Misinformation,PUBHEALTH,"Facebook Fact-checks, Coronavirus, Viral image, ",claim,dataset_label,data/raw/pubhealth,26475,Ciara O'Rourke,en
"Americans say they're creatures of simple, solo exercise habits.",Reliable,PUBHEALTH,Health News,claim,dataset_label,data/raw/pubhealth,2445,Dorene Internicola,en
An investigation has proven the presence of feces in Starbucks beverages.,Misinformation,PUBHEALTH,Medical,claim,dataset_label,data/raw/pubhealth,31210,Alex Kasprak,en
Study finds air pollution reaches placenta during pregnancy.,Reliable,PUBHEALTH,"Health, General News, U.S. News, Air pollution, Pollution",claim,dataset_label,data/raw/pubhealth,4318, Lauran Neergaard,en
Now it’s official: FDA announced that vaccines are causing autism.,Misinformation,PUBHEALTH,"Autism, Children, Fake news, Health Care, PunditFact, truthcommand.com, ",claim,dataset_label,data/raw/pubhealth,11780,Amy Sherman,en
"""Toothpaste contains """"the poison substance of fluoride.""",Misinformation,PUBHEALTH,"Public Health, Science, Wisconsin, Jim Bohl, ",claim,dataset_label,data/raw/pubhealth,19837,James B. Nelson,en
“Same little boy died of COVID-19 in three different countries. Still don’t believe the media is #fakenews?”,Misinformation,PUBHEALTH,"Fake news, Facebook Fact-checks, Coronavirus, Facebook posts, ",claim,dataset_label,data/raw/pubhealth,26501,Tom Kertscher,en
Facebook post Says COVID-19 remains in the air for eight hours and that everyone is now required to wear masks “everywhere.”,Misinformation,PUBHEALTH,"Facebook Fact-checks, Coronavirus, Facebook posts, ",claim,dataset_label,data/raw/pubhealth,26562,Samantha Putterman,en
Samoa ends measles state of emergency as infection rate slows.,Reliable,PUBHEALTH,Health News,claim,dataset_label,data/raw/pubhealth,440,Will Ziebell,en
State public health care plan clears Washington House.,Reliable,PUBHEALTH,"Health, Washington, Universal health care, Bills, Jay Inslee",claim,dataset_label,data/raw/pubhealth,7188, Tom James,en
"""The obituary for David W. Nagy blamed his death on U.S. President Trump, Texas Gov. Greg Abbott, and """"other politicians who did not take this pandemic seriously.""",Reliable,PUBHEALTH,"Viral Phenomena, COVID-19",claim,dataset_label,data/raw/pubhealth,35366,Bethania Palma,en
What’s so bad about processed foods? Scientists offer clues.,Reliable,PUBHEALTH,"Health, Nutrition, General News, AP Top News, Science",claim,dataset_label,data/raw/pubhealth,3558, Candice Choi,en
We have a higher rate of tested lead in people in Cleveland than in Flint.,Reliable,PUBHEALTH,"Environment, National, Public Health, Hillary Clinton, ",claim,dataset_label,data/raw/pubhealth,14504,Linda Qiu,en
Amazon solicited donations from the public to pay sick leave to contractors and seasonal workers during the COVID-19 pandemic.,Reliable,PUBHEALTH,"Business, COVID-19",claim,dataset_label,data/raw/pubhealth,35048,Bethania Palma,en
"""Bill Nelson Says Gov. Rick Scott returned """"$1 million in federal funding that would have helped the state cover the cost of overseeing insurance rates under the new health care law.""",Reliable,PUBHEALTH,"Health Care, Florida, Bill Nelson, ",claim,dataset_label,data/raw/pubhealth,18282,Katie Sanders,en
"Exclusive: WHO, Congo eye tighter rules for Ebola care over immunity concerns.",Reliable,PUBHEALTH,Health News,claim,dataset_label,data/raw/pubhealth,596,Alessandra  Prentice,en
"“As of the last 24 hours this is the protocol regarding masks: Masks should only be used by healthcare workers, caretakers or by people who are sick with symptoms like fever and cough.”",Misinformation,PUBHEALTH,"Health Care, Public Health, Facebook Fact-checks, Health Check, Coronavirus, Facebook posts, ",claim,dataset_label,data/raw/pubhealth,25748,Aaron Sharockman,en
Food industry can help lower cardiovascular diseases by adding little seaweed to products,Misinformation,PUBHEALTH,"cardiovascular disease,Food,University news release",claim,dataset_label,data/raw/pubhealth,10705,"William Heisel,Kathlyn Stone,Kevin Lomangino",en
"""An Ohio ballot issue would address the fact that """"we’ve gone from paying about $100 for Epipens to over $600 ... We don’t have a choice but to pay it and the drug companies know it.""",Misinformation,PUBHEALTH,"Ohio, Health Care, Ohio Taxpayers for Lower Drug Prices, ",claim,dataset_label,data/raw/pubhealth,12001,Manuela Tobias,en
Vaccine offers new hope for removing precancerous cervical lesions,Misinformation,PUBHEALTH,"HPV,vaccines",claim,dataset_label,data/raw/pubhealth,9733,"William Heisel,Karen Carlson, MD,Kevin Lomangino",en
Blogger Says Mike Pence was caught on a hot mic delivering empty boxes of PPE to a nursing home and pretended they were heavy.,Misinformation,PUBHEALTH,"Fake news, Facebook Fact-checks, Coronavirus, Bloggers, ",claim,dataset_label,data/raw/pubhealth,26341,Samantha Putterman,en
AP-NORC poll: Majority disapprove of coronavirus protests.,Reliable,PUBHEALTH,"AP Top News, General News, Politics, Lifestyle, Virus Outbreak, Public health, U.S. News",claim,dataset_label,data/raw/pubhealth,7463, Randall Chase And Emily Swanson,en
‘Miracle Patient’ Finds New Hope with Breast Cancer Vaccine,Misinformation,PUBHEALTH,"Breast cancer,industry/commercial news releases",claim,dataset_label,data/raw/pubhealth,9873,"Mandy Stahre, PhD,Deanna Attai, MD, FACS,Kathlyn Stone",en
Immune system therapy shows wider promise against cancer.,Reliable,PUBHEALTH,"Health, Atlanta, Tumors, Cancer",claim,dataset_label,data/raw/pubhealth,6869, Marilynn Marchione,en
A photograph shows the mouth of an adult suffering from hyperdontia.,Misinformation,PUBHEALTH,"Fauxtography, Medical",claim,dataset_label,data/raw/pubhealth,29914,Dan Evon,en
Family of opioid-addicted suspect sues police over her death.,Reliable,PUBHEALTH,"Police, Opioids, Health, Lawsuits, Massachusetts, U.S. News, General News, Springfield",claim,dataset_label,data/raw/pubhealth,7616, Alanna Durkin Richer,en
U.S. troops are getting only 4 hours of Ebola training before deployment to Liberia.,Misinformation,PUBHEALTH,"Ebola, Foreign Policy, Military, Public Health, PunditFact, Allen West, ",claim,dataset_label,data/raw/pubhealth,16272,Jon Greenberg,en
White House touts coronavirus testing capacity in face of criticism.,Reliable,PUBHEALTH,Health News,claim,dataset_label,data/raw/pubhealth,8739,"Steve Holland, Alexandra Alper",en
Trump administration seeks $2.5 billion in funds to fight coronavirus.,Reliable,PUBHEALTH,Health News,claim,dataset_label,data/raw/pubhealth,8734,"Jeff Mason, Susan Heavey",en
"""Hillary Clinton Says Dontre Hamilton, who was killed during a confrontation with a Milwaukee police officer, was """"unarmed.""",Reliable,PUBHEALTH,"Criminal Justice, Crime, Public Health, Public Safety, Urban, Wisconsin, Hillary Clinton, ",claim,dataset_label,data/raw/pubhealth,14579,Tom Kertscher,en
Texas mothers are dying during childbirth at the highest rates in the nation.,Reliable,PUBHEALTH,"Health Care, Women, Texas, Shawn Thierry, ",claim,dataset_label,data/raw/pubhealth,12354,W. Gardner Selby,mixed
Germany's Merkel goes into quarantine after contact with infected doctor.,Reliable,PUBHEALTH,Health News,claim,dataset_label,data/raw/pubhealth,7890,Ludwig Burger,en
"""Lemons have been proved to """"kill cancer cells"""" and are """"10,000 times stronger than chemotherapy."""" """,Misinformation,PUBHEALTH,"Medical, Disease",claim,dataset_label,data/raw/pubhealth,33648,David Mikkelson,en
Roche's Tamiflu for children temporarily in short supply in U.S.,Reliable,PUBHEALTH,Health News,claim,dataset_label,data/raw/pubhealth,2904,Bill Berkrot,en
“Joe Exotic tests positive for coronavirus in prison. It’s been confirmed.”,Misinformation,PUBHEALTH,"Pop Culture, Facebook Fact-checks, Coronavirus, Bloggers, ",claim,dataset_label,data/raw/pubhealth,26546,Ciara O'Rourke,en
Science Says: Tiny ‘water bears’ can teach us about survival.,Reliable,PUBHEALTH,"Biology, AP Top News, Animals, Bears, Science Says, North America, Health, Science",claim,dataset_label,data/raw/pubhealth,4305, Seth Borenstein,en
Resveratrol impacts Alzheimer's disease biomarker,Reliable,PUBHEALTH,"Academic medical center news release,Alzheimer's disease",claim,dataset_label,data/raw/pubhealth,11437,"Euna Bodner, MS,Ishani Ganguli, MD, MPH,Kevin Lomangino",en
"""Marijuana today is """"genetically modified,"""" with THC levels that """"far surpass the marijuana"""" of the 1970s.""",Reliable,PUBHEALTH,"National, Drugs, Public Health, Marijuana, Patrick Kennedy, ",claim,dataset_label,data/raw/pubhealth,17466,Steve Contorno,en
EU opens probe into fake coronavirus-related products.,Reliable,PUBHEALTH,Health News,claim,dataset_label,data/raw/pubhealth,8166,Marine Strauss,en
Delaware researchers examine cancer’s effect on siblings.,Reliable,PUBHEALTH,"Delaware, Cancer, Health, Wilmington, Leukemia, Siblings, United States",claim,dataset_label,data/raw/pubhealth,5422, Meredith Newman,en
New drug combo improves survival of women with rare uterine cancer,Misinformation,PUBHEALTH,"Johns Hopkins Medicine,trastuzumab,uterine cancer",claim,dataset_label,data/raw/pubhealth,9014,"Matt Shipman,Andrae Vandross, MD,Kathlyn Stone",en
Congo officials say 2nd Ebola case confirmed in city of Goma.,Reliable,PUBHEALTH,"AP Top News, International News, General News, Africa, Health, Rwanda, Ebola virus",claim,dataset_label,data/raw/pubhealth,4620, Saleh Mwanamilongo,en
"Nobel laureate Tutu celebrates 85th birthday, giving thanks.",Reliable,PUBHEALTH,"Race and ethnicity, AP International News, Cape Town, Africa, Africa, South Africa, Health, Desmond Tutu",claim,dataset_label,data/raw/pubhealth,5515, Renee Graham And Christopher Torchia,en
Nut consumption may aid colon cancer survival,Misinformation,PUBHEALTH,"colon cancer,tree nuts,Yale Cancer Center",claim,dataset_label,data/raw/pubhealth,9029,"Leah Rosenbaum,Andrae Vandross, MD,Kathlyn Stone",tl
Microwaving fabric masks is a good way to sanitize them for reuse.,Misinformation,PUBHEALTH,"Medical, COVID-19",claim,dataset_label,data/raw/pubhealth,35262,Jessica Lee,en
The No. 1 cause of childhood deaths is preventable accidents.,Reliable,PUBHEALTH,"National, Children, Public Health, Public Safety, Nationwide, ",claim,dataset_label,data/raw/pubhealth,15949,Steve Contorno,en
Coronavirus could cause upheaval across Middle East - Red Cross.,Reliable,PUBHEALTH,Health News,claim,dataset_label,data/raw/pubhealth,8427,Stephanie Nebehay,en
"After Ebola, Liberians slowly embrace mental health care.",Reliable,PUBHEALTH,"Liberia, AP Top News, Mental health, International News, Ebola virus, Sierra Leone, Africa, Health, AP Weekend Reads",claim,dataset_label,data/raw/pubhealth,6489, Carley Petesch And Jonathan Paye-Layleh,en
US debuts childhood-lead plan that critics say falls short.,Reliable,PUBHEALTH,"Health, Environment, Ben Carson, Politics, North America",claim,dataset_label,data/raw/pubhealth,5100, Ellen Knickmeyer,en
Cross talk: Federal agencies clash on cellphone cancer risk.,Reliable,PUBHEALTH,"Cancer, Health, Tumors, Otis Brawley, North America, Business, Science, U.S. News, Brain cancer",claim,dataset_label,data/raw/pubhealth,6875, Lauran Neergaard And Seth Borenstein,en
"""Thirteen Democratic senators """"voted against cheaper medicines"""" and took millions from """"big pharma since 2011.""",Misinformation,PUBHEALTH,"National, Campaign Finance, Health Care, The Other 98%, ",claim,dataset_label,data/raw/pubhealth,12974,Louis Jacobson,en
"4,300 more staff employed in mental health trusts since 2013.",Misinformation,PUBHEALTH,mental-health,claim,dataset_label,data/raw/pubhealth,40830,Claire Milne,en
Tech investor gets five towns to join social-health experiment.,Reliable,PUBHEALTH,Health News,claim,dataset_label,data/raw/pubhealth,1802,Christina  Farr,en
New Mexico to bolster Medicaid spending on mental health.,Reliable,PUBHEALTH,"Mental health, Health, General News, Medicaid, New Mexico, Health care services, Health care industry",claim,dataset_label,data/raw/pubhealth,3860, Morgan Lee,en
Swiss tap pharmaceutical reserves as coronavirus deaths rise.,Reliable,PUBHEALTH,Health News,claim,dataset_label,data/raw/pubhealth,8046,"John Miller, John Revill",en
The 2012 National Survey on Drug Use and Health found that up to half of daily marijuana smokers become addicted -- an estimated 2.7 million people in the U.S.,Reliable,PUBHEALTH,"Rhode Island, Drugs, Marijuana, Susan Shapiro, ",claim,dataset_label,data/raw/pubhealth,15925,Katie Mulvaney,en
"In late September 2020, the U.S. Department of Agriculture distributed millions of federally funded aid boxes that included a letter from President Donald Trump crediting his administration for their distribution.",Reliable,PUBHEALTH,"Politics, COVID-19",claim,dataset_label,data/raw/pubhealth,35851,Madison Dapcevich,en
Veronica Escobar Says Texas “either is near the bottom or at the very bottom when it comes to testing per capita.”,Reliable,PUBHEALTH,"Texas, Coronavirus, Veronica Escobar, ",claim,dataset_label,data/raw/pubhealth,26414,Madlin Mekelburg,mixed
Facebook post Says Democratic leaders aren’t wearing masks or social distancing in private,Misinformation,PUBHEALTH,"Congress, Wisconsin, Coronavirus, Facebook posts, ",claim,dataset_label,data/raw/pubhealth,25987,Eric Litke,en
"As virus explodes, world races to mask up.",Reliable,PUBHEALTH,Health News,claim,dataset_label,data/raw/pubhealth,8087,"Michael Shields, Carl O'Donnell, Roxanne Liu, Anthony Deutsch",en
People think AIDS is done -- it’s not done.,Reliable,PUBHEALTH,"Global News Service, Public Health, Bono, ",claim,dataset_label,data/raw/pubhealth,14625,Jon Greenberg,en
'Unprecedented' mental health issues seen in Hong Kong amid virus fears.,Reliable,PUBHEALTH,Health News,claim,dataset_label,data/raw/pubhealth,8353,Farah Master,en
"On home health workers’ low pay and limited benefits, “40% are still on SNAP or Medicaid.”",Reliable,PUBHEALTH,"Health Check, Joe Biden, ",claim,dataset_label,data/raw/pubhealth,25889,Stephanie Stapleton,en
Number of coronavirus intensive care patients in Italy drops for first time.,Reliable,PUBHEALTH,Health News,claim,dataset_label,data/raw/pubhealth,8635,James Mackenzie,en
"California residents support soda tax to fight obesity, health study shows.",Reliable,PUBHEALTH,Health News,claim,dataset_label,data/raw/pubhealth,2322,Jennifer Chaussee,en
“It’s actually the safest time to fly.”,Misinformation,PUBHEALTH,"Public Health, PunditFact, Coronavirus, Ainsley Earhardt, ",claim,dataset_label,data/raw/pubhealth,26684,Daniel Funke,en
Hobby Lobby provided this (birth control) coverage before they decided to drop it to file suit.,Reliable,PUBHEALTH,"Health Care, Supreme Court, PunditFact, Sally Kohn, ",claim,dataset_label,data/raw/pubhealth,16825,Katie Sanders,en
Explainer: Do men fare worse with COVID-19?.,Reliable,PUBHEALTH,Health News,claim,dataset_label,data/raw/pubhealth,8319,Kate Kelland,en
Working out in the early hours.,Reliable,PUBHEALTH,Health News,claim,dataset_label,data/raw/pubhealth,1868,Dorene Internicola,en
"Defying stigma, survivors join the Ebola fight in West Africa.",Reliable,PUBHEALTH,Health News,claim,dataset_label,data/raw/pubhealth,1764,"Michelle Nichols, James Harding Giahyue",en
Exercise reduces fat in livers of diabetics: study.,Reliable,PUBHEALTH,Health News,claim,dataset_label,data/raw/pubhealth,8741,Will Dunham,en
GSK recalls popular heartburn drug Zantac globally after cancer scare.,Reliable,PUBHEALTH,Health News,claim,dataset_label,data/raw/pubhealth,136,Justin George Varghese,en
IU researchers find magnesium intake may be beneficial in preventing pancreatic cancer,Misinformation,PUBHEALTH,"Academic medical center news release,Cancer",claim,dataset_label,data/raw/pubhealth,9917,"Kathlyn Stone,Kathleen Fairfield, MD, DrPH,Kevin Lomangino",mixed
"Global obesity rising faster in rural areas than cities, study finds.",Reliable,PUBHEALTH,Health News,claim,dataset_label,data/raw/pubhealth,1070,Kate Kelland,en
Abbreviated breast MRI may be additional screening option for dense breasts,Misinformation,PUBHEALTH,"breast MRI,cancer screening,dense breasts,University of Pennsylvania School of Medicine",claim,dataset_label,data/raw/pubhealth,9061,"Mandy Stahre, PhD,Christine K. Norton, MA,Kathlyn Stone",mixed
UK online carer-patient matchmaker HomeTouch expands nationwide.,Reliable,PUBHEALTH,Health News,claim,dataset_label,data/raw/pubhealth,1384,Paul Sandle,en
Probe sought in Trump administration’s ouster of scientist.,Reliable,PUBHEALTH,"AP Top News, Frank Pallone, Malaria, Health, General News, Politics, Pandemics, Virus Outbreak, Donald Trump",claim,dataset_label,data/raw/pubhealth,7485, Ricardo Alonso-Zaldivar,en
A photograph shows a railroad tank car identified as carrying 'COVID-19.',Misinformation,PUBHEALTH,"Fauxtography, COVID-19",claim,dataset_label,data/raw/pubhealth,35139,David Mikkelson,en
"In run-down Caracas institute, Venezuela's coronavirus testing falters.",Reliable,PUBHEALTH,Health News,claim,dataset_label,data/raw/pubhealth,8408,"Angus Berwick, Vivian Sequera",en
"Photo shows “Dr. Fauci, Melinda Gates and Barack Obama at the Wuhan Lab in 2015.”",Misinformation,PUBHEALTH,"Facebook Fact-checks, Coronavirus, Viral image, ",claim,dataset_label,data/raw/pubhealth,25949,Ciara O'Rourke,mixed
"Study: Safe to transplant hepatitis C-infected hearts, lungs.",Reliable,PUBHEALTH,"Health, Infectious diseases, Hepatitis, North America",claim,dataset_label,data/raw/pubhealth,4114, Lauran Neergaard,en
Passion for vodka kills Russian men in their thousands.,Reliable,PUBHEALTH,Health News,claim,dataset_label,data/raw/pubhealth,2387,Kate Kelland,en
President Donald Trump “put a hold on ALL EVICTIONS through December.”,Misinformation,PUBHEALTH,"Housing, Coronavirus, Facebook posts, ",claim,dataset_label,data/raw/pubhealth,25799,Louis Jacobson,en
Early study results suggest 2 Ebola treatments saving lives.,Reliable,PUBHEALTH,"AP Top News, Health, Anthony Fauci, Ebola virus, Business, General News",claim,dataset_label,data/raw/pubhealth,5674, Lauran Neergaard,en
"“You know what’s in this bill? No medical malpractice suits until 2024, even if they’re not COVID related.”",Misinformation,PUBHEALTH,"Health Care, Legal Issues, Public Health, Coronavirus, Charles Schumer, ",claim,dataset_label,data/raw/pubhealth,25839,Miriam Valverde,en
Scientists fault UK’s pandemic strategy as deaths rise.,Reliable,PUBHEALTH,"Understanding the Outbreak, Epidemics, Europe, General News, Health, London, Pandemics, Virus Outbreak, Europe, Public health, Science",claim,dataset_label,data/raw/pubhealth,7565, Maria Cheng,en
"Hospitals, doctors, MRIs, surgeries and so forth are more extensively used and far more expensive in this country than they are in many other countries.''",Reliable,PUBHEALTH,"National, Health Care, Mitt Romney, ",claim,dataset_label,data/raw/pubhealth,24146,Alex Holt,en
How Well Does the Newly Approved Weight-Loss 'Balloon' Work? Expert notes it will probably only be effective for short-term weight loss,Reliable,PUBHEALTH,"obesity,ReShape,weight loss",claim,dataset_label,data/raw/pubhealth,9758,"Sally James,Yoni Freedhoff, MD,Gary Schwitzer",en
John Mayer launches foundation focused on veterans.,Reliable,PUBHEALTH,"Post-traumatic stress disorder, Health, John Mayer, Entertainment, North America, Music, Veterans",claim,dataset_label,data/raw/pubhealth,7025, Mesfin Fekadu,en
Georgia GOP Sen. Isakson to retire over health issues.,Reliable,PUBHEALTH,"Johnny Isakson, Georgia, Parkinsons disease, Health, General News, Politics, Elections, AP Top News, David Perdue",claim,dataset_label,data/raw/pubhealth,4940, Ben Nadler And Russ Num,en
Large international study links blood vitamin D levels to colorectal cancer risk,Reliable,PUBHEALTH,"american cancer society,colorectal cancer",claim,dataset_label,data/raw/pubhealth,8990,"Alan Cassels,Kathleen Fairfield, MD, DrPH,Kevin Lomangino",en
"In response to a question in a July 2020 CNN interview about what would happen if a COVID-19 outbreak occurred in schools, U.S. Education Secretary Betsy DeVos said, “You can’t plan for something that hasn’t happened yet.”",Misinformation,PUBHEALTH,"Politics, COVID-19",claim,dataset_label,data/raw/pubhealth,35520,Nur Ibrahim,en
"""A North Carolina provider of mental health services is named """"Nutz R Us.""",Reliable,PUBHEALTH,"Business, mental health, nutz r us, questionable names",claim,dataset_label,data/raw/pubhealth,27737,Kim LaCapria,en
We were told there would never be a case of Ebola in the United States.,Misinformation,PUBHEALTH,"National, Ebola, Health Care, Military, Public Health, Public Safety, John McCain, ",claim,dataset_label,data/raw/pubhealth,16334,Lauren Carroll,en
"Under the mayor’s COVID-19 order, Kansas City “churchgoers must register with the government.”",Misinformation,PUBHEALTH,"Corrections and Updates, Government Regulation, Religion, Facebook Fact-checks, Coronavirus, Liberty Counsel, ",claim,dataset_label,data/raw/pubhealth,26349,Tom Kertscher,en
A common cold can cause a positive COVID-19 test.,Misinformation,PUBHEALTH,"Facebook Fact-checks, Coronavirus, Viral image, ",claim,dataset_label,data/raw/pubhealth,25857,Ciara O'Rourke,en
"U.S. states accuse Teva, other drugmakers, of price-fixing: lawsuit.",Reliable,PUBHEALTH,Health News,claim,dataset_label,data/raw/pubhealth,338,"Diane Bartz, Doina Chiacu",en
Two Obamacare exchanges see more health insurer competition.,Reliable,PUBHEALTH,Health News,claim,dataset_label,data/raw/pubhealth,2757,David Morgan,en
Rand Paul undergoes lung surgery stemming from assault.,Reliable,PUBHEALTH,"Rand Paul, Health, General News, Kentucky, Tennessee, Donald Trump",claim,dataset_label,data/raw/pubhealth,5939, Bruce Schreiner,en
Trump says US can never declare ‘total victory’ over virus.,Reliable,PUBHEALTH,"AP Top News, Health, General News, Politics, Joe Biden, Business, Virus Outbreak, Economy, Donald Trump",claim,dataset_label,data/raw/pubhealth,7418," Aamer Madhani, Kevin Freking And Jill Colvin",en
Syndergaard to DL again due to hand-foot-and-mouth disease.,Reliable,PUBHEALTH,"Baseball, Mickey Callaway, Health, New York Mets, Noah Syndergaard, North America, Foot-and-mouth disease, Sports, New York, MLB baseball, Major League Baseball",claim,dataset_label,data/raw/pubhealth,4813, Mike Fitzpatrick,en
Lawsuit: Georgia jail conditions bad for mentally ill women.,Reliable,PUBHEALTH,"Union City, Georgia, Health, Trials, Lawsuits, Atlanta, U.S. News",claim,dataset_label,data/raw/pubhealth,6345, Kate Brumback,en
Heart defibrillator implants can be hacked: experts.,Reliable,PUBHEALTH,Health News,claim,dataset_label,data/raw/pubhealth,8875,"Maggie Fox, Health, Science Editor",en
"""As a result of Chris Sununu’s vote against a Planned Parenthood contract, """"nearly 3,000 fewer"""" women and families statewide accessed health care for birth control, cancer screenings and annual exams.""",Misinformation,PUBHEALTH,"Abortion, New Hampshire, Health Care, Voting Record, Colin Van Ostern, ",claim,dataset_label,data/raw/pubhealth,13384,Ella Nilsen,en
Facebook post Says the U.S. is developing an “antivirus” that includes a chip to track your movement.,Misinformation,PUBHEALTH,"Fake news, Technology, Coronavirus, Facebook posts, ",claim,dataset_label,data/raw/pubhealth,26555,Samantha Putterman,en
Blood test by Britain's Angle detects ovarian cancer in study,Misinformation,PUBHEALTH,ovarian cancer,claim,dataset_label,data/raw/pubhealth,9497,"Sharon Dunwoody, PhD,Harold J. DeMonaco, MS,Joy Victory",en
Recuperating Sanders says he may slow down campaigning pace.,Reliable,PUBHEALTH,"Vermont, AP Top News, Health, General News, Politics, Campaigns, Election 2020, Heart attack, Burlington, Bernie Sanders",claim,dataset_label,data/raw/pubhealth,4973," Wilson Ring, Steve Peoples And Will Weissert",tl
Book: Trump mulled order to close parts of VA health system.,Reliable,PUBHEALTH,"AP Top News, Health, Privatizations, General News, Politics, Business, David Shulkin, Veterans, Veterans affairs, Donald Trump",claim,dataset_label,data/raw/pubhealth,5187, Hope Yen,en
“Michigan Governor Gretchen Whitmer bans buying US flags during lockdown.”,Misinformation,PUBHEALTH,"Facebook Fact-checks, Coronavirus, Facebook posts, ",claim,dataset_label,data/raw/pubhealth,26487,Ciara O'Rourke,en
China halts work by team on gene-edited babies.,Reliable,PUBHEALTH,"AP Top News, International News, Hong Kong, Genetic Frontiers , Health, China, Science, Asia Pacific",claim,dataset_label,data/raw/pubhealth,7393, Marilynn Marchione,en
Brain stimulation may help some stroke patients,Reliable,PUBHEALTH,"Reuters Health,Stroke",claim,dataset_label,data/raw/pubhealth,9834,"Kevin Lomangino,Steven J. Atlas, MD, MPH,Gary Schwitzer",tl
Group says Herbalife products have too much lead.,Reliable,PUBHEALTH,Health News,claim,dataset_label,data/raw/pubhealth,8797,Martinne Geller,en
Kenya becomes 3rd country to roll out malaria vaccine.,Reliable,PUBHEALTH,"Ghana, Malaria, Health, General News, East Africa, Africa, International News, Uganda, Kenya, Malawi",claim,dataset_label,data/raw/pubhealth,4288, Rodney Muhumuza,en
"""A CDC doctor who swarned the public that flu shots had caused a """"deadly flu epidemic"""" was found dead:""",Misinformation,PUBHEALTH,"Junk News, cdc, centers for disease control and prevention, your news wire",claim,dataset_label,data/raw/pubhealth,30483,David Mikkelson,en
"Quotes President Donald Trump as saying, “Everybody says I’ve done a tremendous job with COVID… I think a little gratitude would be nice. Maybe a big ‘Thank you Mr. President’ is called for.”",Misinformation,PUBHEALTH,"Facebook Fact-checks, Coronavirus, Facebook posts, ",claim,dataset_label,data/raw/pubhealth,25915,Emily Venezky,en
Antioxidants including vitamin E can promote lung cancer: study.,Reliable,PUBHEALTH,Health News,claim,dataset_label,data/raw/pubhealth,2780,Sharon Begley,en
“Research illustrates a clear correlation between vitamin D deficiencies and (higher) COVID-19 mortality rates.”,Reliable,PUBHEALTH,"Public Health, Wisconsin, Coronavirus, Glenn Grothman, ",claim,dataset_label,data/raw/pubhealth,26163,Haley BeMiller,en
Drug shows promise against vision-robbing disease in seniors.,Reliable,PUBHEALTH,"Seniors, Health, Macular degeneration, Genetic Frontiers, North America, Politics",claim,dataset_label,data/raw/pubhealth,7411, Lauran Neergaard,en
Cracks in Purdue's proposed opioid settlement as Arizona backs out.,Reliable,PUBHEALTH,Health News,claim,dataset_label,data/raw/pubhealth,139,Tom Hals,en
Nurses as good as doctors in AIDS care monitoring.,Reliable,PUBHEALTH,Health News,claim,dataset_label,data/raw/pubhealth,2109,Kate Kelland,en
"""Under Obamacare, Virginia taxpayers would have been """"forced to pay for abortions"""" if the General Assembly had not recently intervened.""",Misinformation,PUBHEALTH,"Abortion, Health Care, Taxes, Virginia, Virginia Society for Human Life, ",claim,dataset_label,data/raw/pubhealth,18515,Sean Gorman,en
Starting in March if you travel outside of the United States you won’t be allowed back in the country “due to high risk of the coronavirus.”,Misinformation,PUBHEALTH,"Facebook Fact-checks, Coronavirus, Facebook posts, ",claim,dataset_label,data/raw/pubhealth,26738,Samantha Putterman,en
Syphilis far more common in gay men in US South.,Reliable,PUBHEALTH,"Health, Syphilis",claim,dataset_label,data/raw/pubhealth,5858, Mike Stobbe,en
"""Mary Taylor Says that even if you have no children, """"under Obamacare, you would still have to carry insurance that covers pediatric, maternity and newborn care even though you do not need it.""",Misinformation,PUBHEALTH,"Ohio, Health Care, Mary Taylor, ",claim,dataset_label,data/raw/pubhealth,21407,Tom Feran,en
"Italy drugmaker Zambon ready to splash out in U.S., China push.",Reliable,PUBHEALTH,Health News,claim,dataset_label,data/raw/pubhealth,2707,"Francesca Landini, Stephen Jewkes",en
"“Some states, like Montana and Nebraska, are getting more than $300,000 in federal stimulus money per reported COVID-19 case. New York is the hardest-hit state and yet we are getting only about $12,000 per case.”",Reliable,PUBHEALTH,"Federal Budget, Health Care, Medicare, Public Health, State Budget, States, New York, Coronavirus, Andrew Cuomo, ",claim,dataset_label,data/raw/pubhealth,26394,Meghan Hall,en
A new study published in the Lancet has officially declared that fluoride is a neurotoxin.,Misinformation,PUBHEALTH,"Medical, brain, children, developmental disorders",claim,dataset_label,data/raw/pubhealth,30475,Alex Kasprak,en
"ADHD medication tied to lower risk for alcohol, drug abuse in teens and adults",Misinformation,PUBHEALTH,"ADHD medications,Indiana University",claim,dataset_label,data/raw/pubhealth,9120,"Leah Rosenbaum,Michael Bierer MD, MPH,Kathlyn Stone",en
"Stimulus money funded a government board that made recommendations that would cost 378,000 jobs and $28.3 billion in sales.",Misinformation,PUBHEALTH,"Georgia, Children, Health Care, Paul Broun, ",claim,dataset_label,data/raw/pubhealth,21368,Willoughby Mariano,en
Ventilator rush: UK says new ones will be approved next week.,Reliable,PUBHEALTH,Health News,claim,dataset_label,data/raw/pubhealth,8721,"Sarah Young, Kate Holton, Costas Pitas",en
"""Dennis Kucinich Says the tax code is effectively subsidizing """"the marketing efforts of fast food and junk food companies by as much as $19 billion over 10 years.""",Reliable,PUBHEALTH,"Ohio, Children, Health Care, Public Health, Taxes, Dennis Kucinich, ",claim,dataset_label,data/raw/pubhealth,19018,Tom Feran,en
Western governors ask Congress for $1T in aid to states .,Reliable,PUBHEALTH,"U.S. News, Health, General News, Local governments, Nevada, Virus Outbreak, Public health",claim,dataset_label,data/raw/pubhealth,7462, Michelle L. Price,en
Acetaminophen does not aggravate children's asthma,Reliable,PUBHEALTH,"acetaminophen,asthma,Boston Children's Hospital",claim,dataset_label,data/raw/pubhealth,9265,"Euna Bodner, MS,Karen Carlson, MD,Kathlyn Stone",en
New study shows aged garlic extract can reduce dangerous plaque buildup in arteries,Misinformation,PUBHEALTH,"cardiovascular disease,Independent research center news release",claim,dataset_label,data/raw/pubhealth,10627,"Earle Holland,Doug Campos-Outcalt, MD, MPA,Kathlyn Stone",en
Doctors Use Bacteria as Weapon Against Cancer,Misinformation,PUBHEALTH,cancer,claim,dataset_label,data/raw/pubhealth,9328,"Mary Chris Jaklevic,Richard Hoffman, MD,Joy Victory",en
Watchdog faults rushed EPA rulemaking on glider trucks.,Reliable,PUBHEALTH,"Health, Politics, Scott Pruitt, Environment, U.S. News, Public health",claim,dataset_label,data/raw/pubhealth,3396, Ellen Knickmeyer,en
Michigan health chief wants judge to drop charges.,Reliable,PUBHEALTH,"Health, Michigan, Legionnaires disease, North America, Flint, Disease outbreaks, U.S. News",claim,dataset_label,data/raw/pubhealth,5458, Ed White,en
"Noem: No stay-at-home order, state to test anti-malaria drug.",Reliable,PUBHEALTH,"Sioux Falls, Malaria, Health, General News, Kristi Noem, Virus Outbreak, Donald Trump",claim,dataset_label,data/raw/pubhealth,7487, Stephen Groves,mixed
"“China is to blame because the culture where people eat bats and snakes and dogs and things like that, these viruses are transmitted from the animal to the people and that's why China has been the source of a lot of these viruses like SARS, like MERS, the Swine Flu and now the coronavirus.”",Misinformation,PUBHEALTH,"China, Texas, Coronavirus, John Cornyn, ",claim,dataset_label,data/raw/pubhealth,26590,Madlin Mekelburg,en
Measles and mistrust in Ukraine weaken world's defences.,Reliable,PUBHEALTH,Health News,claim,dataset_label,data/raw/pubhealth,580,"Kate Kelland, Pavel Polityuk",en
"In the Age of Anxiety, are we all mentally ill?.",Reliable,PUBHEALTH,Health News,claim,dataset_label,data/raw/pubhealth,2635,Sharon Begley,en
FDA warns of reactions to alcohol dependence drug.,Reliable,PUBHEALTH,Health News,claim,dataset_label,data/raw/pubhealth,8783,Susan Heavey,en
Judge blocks Ohio ban on abortions due to Down syndrome.,Reliable,PUBHEALTH,"American Civil Liberties Union, Planned Parenthood, Health, Abortion, Ohio, North America, Down syndrome",claim,dataset_label,data/raw/pubhealth,7229, Andrew Welsh-Huggins And Julie Carr Smyth,en
Device Keeps Donor Kidneys Healthy Outside the Body Until Transplant,Misinformation,PUBHEALTH,Academic medical center news release,claim,dataset_label,data/raw/pubhealth,10803,"Matt Shipman,Harold J. DeMonaco, MS,Joy Victory",en
"""The Affordable Care Act is """"a major reason why we’ve seen 50,000 fewer preventable patient deaths in hospitals.""",Reliable,PUBHEALTH,"National, Health Care, Public Health, Barack Obama, ",claim,dataset_label,data/raw/pubhealth,15749,Louis Jacobson,en
India faces first court challenges to e-cigarette ban.,Reliable,PUBHEALTH,Health News,claim,dataset_label,data/raw/pubhealth,156,Aditya Kalra,en
"This eRumor is mostly circulated in the form of a video. It is a recording of a report from WKYC-TV 3 in Cleveland, Ohio. It tells of television broadcast engineer John Kanzius’ discovery that he could use radio waves to make salt water burn. Is this a new source of energy?",Reliable,PUBHEALTH,"Medical, Miscellaneous",claim,dataset_label,data/raw/pubhealth,39627,  Rich Buhler & Staff  ,en
Health insurance companies' costs are only 4 percent of all health care spending.,Reliable,PUBHEALTH,"National, Health Care, America's Health Insurance Plans, ",claim,dataset_label,data/raw/pubhealth,24180,Louis Jacobson,en
"""Blogger Says President Donald Trump will announce that a scientist """"finally found vaccine to cure corona virus.""",Misinformation,PUBHEALTH,"Fake news, Facebook Fact-checks, Coronavirus, Bloggers, ",claim,dataset_label,data/raw/pubhealth,26565,Daniel Funke,en
"""Repeal of Obamacare would """"take away health care for 10.3 million Americans"""" who have received coverage since Oct. 1, 2013.""",Reliable,PUBHEALTH,"Corrections and Updates, Health Care, PunditFact, Ed Schultz, ",claim,dataset_label,data/raw/pubhealth,16173,Jon Greenberg,en
A sprawling conspiracy theory proves numerous individuals and organizations schemed to promote the drug Remdesivir as a COVID-19 treatment over the purportedly highly effective Hydroxychloroquine.,Misinformation,PUBHEALTH,"Politics, COVID-19",claim,dataset_label,data/raw/pubhealth,35344,David Mikkelson,en
"“[Steve] Bullock’s health care plan will force rural hospitals to close. Medicare as we know it will change, replaced by a government-run program with fewer doctors and longer wait times.”",Misinformation,PUBHEALTH,"Elections, Health Check, National Republican Senatorial Committee, ",claim,dataset_label,data/raw/pubhealth,25757,Victoria Knight,en
Older Patients Can Benefit From Lung Cancer Surgery,Misinformation,PUBHEALTH,lung cancer,claim,dataset_label,data/raw/pubhealth,9535,"Susan Wei, PhD,Edward Ward, MD,Joy Victory",en
"With Wuhan virus genetic code in hand, scientists begin work on a vaccine.",Reliable,PUBHEALTH,Health News,claim,dataset_label,data/raw/pubhealth,8929,"Julie Steenhuysen, Kate Kelland",en
Coronavirus pandemic leads big drugmakers to hit pause on clinical trials.,Reliable,PUBHEALTH,Health News,claim,dataset_label,data/raw/pubhealth,7911,"Manas Mishra, Michael Erman",en
Chocolate too bitter? Swap sugar for mushrooms.,Reliable,PUBHEALTH,Health News,claim,dataset_label,data/raw/pubhealth,1817,Marcy Nicholson,en
"""Sandy Pasch Says U.S. Rep. Paul Ryan promised to """"end health care for our seniors.""",Misinformation,PUBHEALTH,"Health Care, Medicare, Wisconsin, Sandy Pasch, ",claim,dataset_label,data/raw/pubhealth,21957,Tom Kertscher,en
"""Turning Point USA Says Nevada Gov. Steve Sisolak """"has banned the use of an anti-malaria drug that might help cure coronavirus.”""",Misinformation,PUBHEALTH,"Public Health, PunditFact, Coronavirus, Turning Point USA, ",claim,dataset_label,data/raw/pubhealth,26582,Daniel Funke,en
French group sues over toxic lead from Notre Dame fire.,Reliable,PUBHEALTH,"Health, Lawsuits, Notre Dame Cathedral, Paris, Travel, Europe, General News, International News",claim,dataset_label,data/raw/pubhealth,3451,Associated Press,en
Genetic sleuthing bolsters food poisoning searches.,Reliable,PUBHEALTH,"Food poisoning, AP Top News, Health, Genetic Frontiers, North America, Science, Poisoning, Atlanta, U.S. News",claim,dataset_label,data/raw/pubhealth,7398, Mike Stobbe,en
"""Coronavirus patients are being """"cremated alive"""" in China.""",Misinformation,PUBHEALTH,"Public Health, Facebook Fact-checks, Coronavirus, Facebook posts, ",claim,dataset_label,data/raw/pubhealth,26816,Daniel Funke,en
“Three Chinese nationals were apprehended trying to cross our Southern border illegally. Each had flu-like symptoms. Border Patrol quickly quarantined them and assessed any threat of coronavirus.”,Reliable,PUBHEALTH,"Texas, Coronavirus, Charlie Kirk, ",claim,dataset_label,data/raw/pubhealth,26797,Madlin Mekelburg,en
"Viral image Says a California surfer was “alone, in the ocean,” when he was arrested for violating the state’s stay-at-home order.",Reliable,PUBHEALTH,"Facebook Fact-checks, California, Coronavirus, Viral image, ",claim,dataset_label,data/raw/pubhealth,26520,Ciara O'Rourke,mixed
"“Hundreds and hundreds of labs are ready, willing, and able.”",Misinformation,PUBHEALTH,"National, Coronavirus, Donald Trump, ",claim,dataset_label,data/raw/pubhealth,26420,Jon Greenberg,en
New York's medical marijuana law excludes some who seek the drug.,Reliable,PUBHEALTH,Health News,claim,dataset_label,data/raw/pubhealth,2918,Edith Honan,en
Beware second waves of COVID-19 if lockdowns eased early: study.,Reliable,PUBHEALTH,Health News,claim,dataset_label,data/raw/pubhealth,8070,Kate Kelland,en
Iraqi doctor’s fight with virus lays bare a battered system.,Reliable,PUBHEALTH,"AP Top News, Understanding the Outbreak, Health, Middle East, Pandemics, Virus Outbreak, Iraq, General News",claim,dataset_label,data/raw/pubhealth,7349, Samya Kullab,en
"""Carolyn Tomei Says, """"In Oregon in 2010, 49 percent of all pregnancies were unintended.""",Reliable,PUBHEALTH,"Oregon, Children, Families, Health Care, Women, Carolyn Tomei, ",claim,dataset_label,data/raw/pubhealth,18347,Janie Har,en
"Shows in a television ad that police took evidence from Solantic, Rick Scott's new health care company, after allegations emerged that the company was engaging in fraud.",Misinformation,PUBHEALTH,"Health Care, Legal Issues, Message Machine 2010, Florida, Florida Democratic Party, ",claim,dataset_label,data/raw/pubhealth,23223,Aaron Sharockman,en
"""Page 992 of the health care bill will """"establish school-based 'health' clinics. Your children will be indoctrinated and your grandchildren may be aborted!""",Misinformation,PUBHEALTH,"Abortion, National, Health Care, Liberty Counsel, ",claim,dataset_label,data/raw/pubhealth,24602,Catharine Richert,mixed
WHO chief ‘very encouraged’ by dip in Congo Ebola cases.,Reliable,PUBHEALTH,"International News, Ebola virus, Public health, Africa, Epidemics, Senegal, United Nations, Virus Outbreak, General News",claim,dataset_label,data/raw/pubhealth,7507, Krista Larson,en
Is the stethoscope dying? High-tech rivals pose a threat.,Reliable,PUBHEALTH,"AP Top News, Chicago, Health, General News, Medical schools, Ultrasound, Business, Smartphones, Artificial intelligence, Technology, Weekend Reads, U.S. News",claim,dataset_label,data/raw/pubhealth,3491, Lindsey Tanner,en
Studies have consistently failed to establish the existence of a link between the harshness of a country’s drug laws and its levels of drug use.,Reliable,PUBHEALTH,"Global News Service, Drugs, Crime, Kofi Annan, ",claim,dataset_label,data/raw/pubhealth,14256,Jon Greenberg,en
"Without representation, (the IRS) can increase taxes.",Misinformation,PUBHEALTH,"National, Health Care, Message Machine 2010, Taxes, Rick Barber, ",claim,dataset_label,data/raw/pubhealth,23849,Robert Farley,en
Imaging industry seeks more coverage for cancer scans.,Reliable,PUBHEALTH,Health News,claim,dataset_label,data/raw/pubhealth,8772,Susan Heavey,en
High rates of satisfaction for applicator free local estrogen softgel ovule,Misinformation,PUBHEALTH,"estrogen therapy,University Hospitals Cleveland Medical Center",claim,dataset_label,data/raw/pubhealth,9188,"Kim Walsh-Childers, PhD,Karen Carlson, MD,Kathlyn Stone",en
"There are 5,240 fewer mental health nurses since 2010.",Reliable,PUBHEALTH,health,claim,dataset_label,data/raw/pubhealth,41654,Joël Reland and Grace Rahman,en
Olympian Michael Phelps honored for mental health advocacy.,Reliable,PUBHEALTH,"Mental health, Health, Boston, Celebrities, Michael Phelps",claim,dataset_label,data/raw/pubhealth,6596, William J. Kole,en
Allowing blood donations from gay men could help save over a million lives: U.S. study.,Reliable,PUBHEALTH,Health News,claim,dataset_label,data/raw/pubhealth,1785,Jennifer Chaussee,en
"""A new drug called Jenkem, made by fermenting raw sewage, is a """"popular drug in American schools.""",Misinformation,PUBHEALTH,"Crime, drug warnings, jenkem, social media panics",claim,dataset_label,data/raw/pubhealth,33633,David Mikkelson,en
"Scientists have shown us (that) the greater possibilities, the real science movement, has been with adult stem cell research. It has not been with embryonic.",Misinformation,PUBHEALTH,"Health Care, Wisconsin, Scott Walker, ",claim,dataset_label,data/raw/pubhealth,23155,Tom Kertscher,en
"Second-hand smoke kills 600,000 a year: WHO study.",Reliable,PUBHEALTH,Health News,claim,dataset_label,data/raw/pubhealth,2049,Kate Kelland,en
"The bite of a rare breed of tick most commonly called the lone star tick can cause itching, stomach cramps, breathing difficulties, and an allergic reaction to red meat.",Reliable,PUBHEALTH,Medical,claim,dataset_label,data/raw/pubhealth,27526,David Emery,en
"Under the Affordable Care Act, anyone on Medicare who is admitted to a hospital for observation will be responsible for the bill. Medicare won't pay a cent.",Misinformation,PUBHEALTH,"National, Health Care, Medicare, Chain email, ",claim,dataset_label,data/raw/pubhealth,15448,Louis Jacobson,en
"Under an executive order, “expensive insulin went from big dollars to virtual pennies … especially (for) our seniors.”",Misinformation,PUBHEALTH,"National, Drugs, Health Care, Donald Trump, ",claim,dataset_label,data/raw/pubhealth,25843,Jon Greenberg,en
“Everyone is only dying of coronavirus now.”,Misinformation,PUBHEALTH,"National, Coronavirus, Candace Owens, ",claim,dataset_label,data/raw/pubhealth,26489,Jon Greenberg,en
China confirms 1st death outside epicenter of viral outbreak.,Reliable,PUBHEALTH,"Beijing, AP Top News, United Nations, Health, General News, Wuhan, International News, Business, China, Travel, Asia Pacific, New York, New York City",claim,dataset_label,data/raw/pubhealth,7513, Ken Moritsugu And Yanan Wang,en
U.S. scores dead last again in healthcare study.,Reliable,PUBHEALTH,Health News,claim,dataset_label,data/raw/pubhealth,2103,"Maggie Fox, Health, Science Editor",en
California jury awards $29 million to woman with cancer who used J&J talc.,Reliable,PUBHEALTH,Health News,claim,dataset_label,data/raw/pubhealth,335,Tina Bellon,en
Too much focus on hospitals in Europe's coronavirus fight - MSF.,Reliable,PUBHEALTH,Health News,claim,dataset_label,data/raw/pubhealth,8608,Emma Farge,en
Chile plans 'release certificates' for recovered coronavirus patients.,Reliable,PUBHEALTH,Health News,claim,dataset_label,data/raw/pubhealth,8539,Aislinn Laing,en
"""U.S. Dairy Export Council Says a WHO proposal """"portrays milk and dairy products as an obstacle to a healthy start in life.""",Misinformation,PUBHEALTH,"Global News Service, Agriculture, Children, Public Health, Trade, U.S. Dairy Export Council, ",claim,dataset_label,data/raw/pubhealth,14127,Jon Greenberg,en
"As youth vaping rises, teens cite the allure of tricks.",Reliable,PUBHEALTH,Health News,claim,dataset_label,data/raw/pubhealth,1682,Jilian Mincer,en
"Crash victim’s mother, man who received her son’s heart meet.",Reliable,PUBHEALTH,"Health, Fredericksburg, Virginia, Organ transplants, Accidents",claim,dataset_label,data/raw/pubhealth,6975, Cathy Dyson,en
"Cheap combo pill cuts heart, stroke risks, study finds.",Reliable,PUBHEALTH,"Health, General News, Stroke, Heart attack, Cholesterol, U.S. News, Heart failure",claim,dataset_label,data/raw/pubhealth,4974, Maria Cheng,en
"A newspaper photograph shows a pregnant, cigarette-smoking woman worrying about the effect of construction noise on her unborn child.",Reliable,PUBHEALTH,"Fauxtography, pregnancy, Signs Of The Times, smoking",claim,dataset_label,data/raw/pubhealth,27466,David Mikkelson,en
"""Not one illness has been reported from raw milk in"""" Texas """"in more than four years. A total of six illnesses have occurred in the last 20 years.""",Misinformation,PUBHEALTH,"Corrections and Updates, Food Safety, Public Health, Texas, Dan Flynn, ",claim,dataset_label,data/raw/pubhealth,13431,W. Gardner Selby,en
Twenty-four percent of doctors in Virginia currently don’t accept new Medicaid patients because the reimbursement rates are so low.,Reliable,PUBHEALTH,"Health Care, Medicaid, Virginia, Dave Schwartz, ",claim,dataset_label,data/raw/pubhealth,18161,Nancy Madsen,en
Congresswoman Kathy Castor voted to spend $2.6 million to teach prostitutes in China to drink responsibly.,Misinformation,PUBHEALTH,"National, Economy, Health Care, Stimulus, Mike Prendergast, ",claim,dataset_label,data/raw/pubhealth,23039,Robert Farley,en
Explainer: China's symptom-free coronavirus carriers raise fears of new wave of infections.,Reliable,PUBHEALTH,Health News,claim,dataset_label,data/raw/pubhealth,7993,David Stanway,en
Blood Test Might Detect Deadly Pancreatic Cancer in Early Stages,Misinformation,PUBHEALTH,pancreatic cancer,claim,dataset_label,data/raw/pubhealth,9778,"William Heisel,Richard Hoffman, MD,Kevin Lomangino",en
Concussion can now be diagnosed with 95 percent specificity,Misinformation,PUBHEALTH,"concussion,University of Miami Miller School of Medicine",claim,dataset_label,data/raw/pubhealth,9249,"Euna Bodner, MS,Doug Campos-Outcalt, MD, MPA,Kathlyn Stone",en
"""A photograph shows a """"Your Health Is Not More Important Than My Liberties!"""" message displayed on an automobile window at a protest calling for the loosening of COVID-19 social-distancing restrictions.""",Reliable,PUBHEALTH,"Fauxtography, COVID-19",claim,dataset_label,data/raw/pubhealth,35280,David Mikkelson,mixed
Australia widens coronavirus testing as death toll rises.,Reliable,PUBHEALTH,Health News,claim,dataset_label,data/raw/pubhealth,8093,"Colin Packham, Ron Kaye",en
U.S. judge orders big drug companies to face opioid trial.,Reliable,PUBHEALTH,Health News,claim,dataset_label,data/raw/pubhealth,201,Jonathan Stempel,en
UK says ex-spy poisoned with Soviet-developed nerve agent.,Reliable,PUBHEALTH,"Chemistry, Cold War, Health, Soviet Union, Science Says, Chemical weapons, Treaties, Science, Theresa May, Europe, Russia, International News",claim,dataset_label,data/raw/pubhealth,6381, Maria Cheng,en
Minnesota eases restrictions; honors victims of COVID-19.,Reliable,PUBHEALTH,"Health, General News, Minnesota, Infectious diseases, Pandemics, Virus Outbreak",claim,dataset_label,data/raw/pubhealth,7345, Steve Karnowski,en
NAIAD director Dr. Anthony Fauci warned in January 2017 that the Trump administration would face a surprise infectious disease outbreak.,Reliable,PUBHEALTH,"Politics, COVID-19",claim,dataset_label,data/raw/pubhealth,35440,David Mikkelson,en
"Washington, D.C. needs 3,600 hospital beds for coronavirus peak: mayor.",Reliable,PUBHEALTH,Health News,claim,dataset_label,data/raw/pubhealth,7960,Makini Brice,en
"Using a patient's own words, machine learning automatically identifies suicidal behavior",Misinformation,PUBHEALTH,mental health,claim,dataset_label,data/raw/pubhealth,9234,"Dave Mosher,Susan Molchan, MD, MA,Joy Victory",en
White House urgently ramps up push for drug cost legislation.,Reliable,PUBHEALTH,"Prescription drug costs, General News, Legislation, Elections, Impeachments, Election 2020, Prescription drugs, Medicare, Bills, Nancy Pelosi, Donald Trump",claim,dataset_label,data/raw/pubhealth,3781, Ricardo Alonso-Zaldivar,en
Wisconsin health mission celebrates 25 years.,Reliable,PUBHEALTH,"La Crosse, Health, Ralph Waldo Emerson, Wisconsin",claim,dataset_label,data/raw/pubhealth,5411, Mike Tighe,en
"U.S. death toll from coronavirus hits 19, New York declares emergency.",Reliable,PUBHEALTH,Health News,claim,dataset_label,data/raw/pubhealth,8348,"Jonathan Allen, Kevin Donnellan",en
US FDA Says Contaminant in Some Baxter Heparin.,Reliable,PUBHEALTH,Health News,claim,dataset_label,data/raw/pubhealth,8887,"Kim Dixon, Lisa Richwine",en
Facebook post Says President Barack Obama “waited six months to call swine flu an emergency after thousands died.”,Misinformation,PUBHEALTH,"Public Health, Facebook Fact-checks, Coronavirus, Facebook posts, ",claim,dataset_label,data/raw/pubhealth,26758,Tom Kertscher,en
U.S. President Donald Trump tried to deflect attention from his response to the COVID-19 coronavirus pandemic by repeatedly comparing it to President Barack Obama's handling of the H1N1 pandemic.,Reliable,PUBHEALTH,"Politics, 2020 election, COVID-19",claim,dataset_label,data/raw/pubhealth,35856,Madison Dapcevich,en
Telehealth gives rural Missouri more access to health care.,Reliable,PUBHEALTH,"Access to health care, Technology, Health, Missouri, Internet access",claim,dataset_label,data/raw/pubhealth,5799, Mica Soellner And Trevor Hook,en
"Retired doctors, medics abroad answer coronavirus calls.",Reliable,PUBHEALTH,Health News,claim,dataset_label,data/raw/pubhealth,8654,"Padraic Halpin, Paola Luelmo",en
Trump vs Fauci: President’s gut sense collides with science.,Reliable,PUBHEALTH,"AP Top News, Malaria, Health, Anthony Fauci, General News, Politics, Infectious diseases, Science, Virus Outbreak, Donald Trump",claim,dataset_label,data/raw/pubhealth,7426, Ricardo Alonso-Zaldivar,en
Models projecting COVID-19 deaths “are talking about without mitigation.”,Misinformation,PUBHEALTH,"Coronavirus, Donald Trump, ",claim,dataset_label,data/raw/pubhealth,26357,Amy Sherman,en
Michelle Obama makes salad in Milan in home-cooking campaign.,Reliable,PUBHEALTH,Health News,claim,dataset_label,data/raw/pubhealth,1653,Agnieszka Flak,en
"Romneycare covers abortion, illegal immigrants and has a public option. Obamacare does not.",Misinformation,PUBHEALTH,"Abortion, Immigration, National, Health Care, Facebook posts, ",claim,dataset_label,data/raw/pubhealth,19945,Molly Moorhead,en
Fear that uproar over gene-edited babies could block science.,Reliable,PUBHEALTH,"AP Top News, Health, Genetic Frontiers, North America, Pittsburgh, China, Science, Asia Pacific",claim,dataset_label,data/raw/pubhealth,7392, Lauran Neergaard,en
"""British homeopathy funding is """"bad medicine"""": panel.""",Reliable,PUBHEALTH,Health News,claim,dataset_label,data/raw/pubhealth,2685,Kate Kelland,en
WHO warns of global shortage of medical equipment to fight coronavirus.,Reliable,PUBHEALTH,Health News,claim,dataset_label,data/raw/pubhealth,8375,"Andrea Shalal, Stephanie Nebehay",en
Medical marijuana to be sold in Connecticut by summer: governor.,Reliable,PUBHEALTH,Health News,claim,dataset_label,data/raw/pubhealth,2391,Richard Weizel,en
Mia Farrow visits Chad to promote new approach to hunger.,Reliable,PUBHEALTH,"Chad, Health, General News, Mia Farrow, Africa, Senegal, United Nations, Central Africa",claim,dataset_label,data/raw/pubhealth,3191, Carley Petesch,en
‘This city is not livable’: New Delhi people decry dirty air.,Reliable,PUBHEALTH,"Health, General News, India, Air pollution, Asia Pacific, New Delhi, Pollution",claim,dataset_label,data/raw/pubhealth,4315, Sheikh Saaliq,en
"Vukmir, Baldwin clash in sometimes combative first debate.",Reliable,PUBHEALTH,"Tammy Baldwin, Kavanaugh nomination, Universal health care, Immigration, Bernie Sanders, Elections, Milwaukee, Medicare",claim,dataset_label,data/raw/pubhealth,7199, Scott Bauer,en
Risk of birth defect doubles for cousin couples -study.,Reliable,PUBHEALTH,Health News,claim,dataset_label,data/raw/pubhealth,2487,Kate Kelland,en
"""Every family health insurance policy has """"a $900 hidden tax"""" to subsidize health care costs of the uninsured.""",Reliable,PUBHEALTH,"National, Health Care, Hillary Clinton, ",claim,dataset_label,data/raw/pubhealth,25180,Robert Farley,en
"""U.S. President Donald Trump praised China for its """"transparency"""" in handling the coronavirus outbreak, then later criticized the World Health Organization for doing the same.""",Reliable,PUBHEALTH,"Politics, COVID-19",claim,dataset_label,data/raw/pubhealth,35239,Bethania Palma,en
An Australian teen was taken to hospital with blood pouring from his feet after ‘sea lice’ attacked him after he soaked his feet in the water at a Melbourne beach.,Reliable,PUBHEALTH,"Medical, Medical, sea creature",claim,dataset_label,data/raw/pubhealth,28140,Alex Kasprak,mixed
Facebook post Says Democrats are on vacation until May 4 and “refuse to come back” to sign a bill to help small businesses.,Misinformation,PUBHEALTH,"Fake news, Facebook Fact-checks, Coronavirus, Facebook posts, ",claim,dataset_label,data/raw/pubhealth,26442,Samantha Putterman,mixed
Ukraine conflict hampers recovery of sick children.,Reliable,PUBHEALTH,Health News,claim,dataset_label,data/raw/pubhealth,2299,Gabriela Baczynska,en
Swaziland has the highest rate of HIV infection in the world.,Reliable,PUBHEALTH,"Global News Service, Public Health, David Beckham, ",claim,dataset_label,data/raw/pubhealth,14008,Jon Greenberg,en
DIY cervical cancer test could save lives: study.,Reliable,PUBHEALTH,Health News,claim,dataset_label,data/raw/pubhealth,1918,Kate Kelland,en
Prevention of Genetic Breast Cancer Within Reach,Misinformation,PUBHEALTH,"Breast cancer,Independent research center news release",claim,dataset_label,data/raw/pubhealth,10298,"Alan Cassels,Susan Molchan, MD, MA,Kathlyn Stone",en
New York court blocks state ban on flavored e-cigarettes.,Reliable,PUBHEALTH,Health News,claim,dataset_label,data/raw/pubhealth,656,Kanishka Singh,en
Vaping group plotted lobbying efforts at Trump’s DC hotel.,Reliable,PUBHEALTH,"Lobbying, General News, Politics, Health, Business, Technology, Tobacco industry regulation, Donald Trump",claim,dataset_label,data/raw/pubhealth,3482, Bernard Condon,tl
Reliving Communist past helps East German dementia patients.,Reliable,PUBHEALTH,"Dresden, Health, International News, Berlin, Germany, East Germany, Dementia, Europe",claim,dataset_label,data/raw/pubhealth,6591, Kirsten Grieshaber,en
St. Louis Archdiocese closes 3 schools because of COVID-19.,Reliable,PUBHEALTH,"Michael Brown, Health, General News, St. Louis, Virus Outbreak",claim,dataset_label,data/raw/pubhealth,7362,Associated Press,en
Passengers face two weeks on virus-hit cruise ship off Japan.,Reliable,PUBHEALTH,Health News,claim,dataset_label,data/raw/pubhealth,8725,"Ju-Min Park, David Dolan",en
Governor replaces health commissioner amid virus pandemic.,Reliable,PUBHEALTH,"Ned Lamont, Eric Brown, General News, Social services, Connecticut, Nursing homes, Virus Outbreak, Public health",claim,dataset_label,data/raw/pubhealth,7457, Dave Collins,en
"Trump curbs travel from Europe as coronavirus disrupts schools, sports.",Reliable,PUBHEALTH,Health News,claim,dataset_label,data/raw/pubhealth,7916,"Alexandra Alper, Deborah Bloom",en
"Four more African nations confirm coronavirus, new controls put in place.",Reliable,PUBHEALTH,Health News,claim,dataset_label,data/raw/pubhealth,8214,Clement Uwiringiyimana,en
MS breakthrough: Replacing diseased immune system halts progression and allows repair,Reliable,PUBHEALTH,"Hospital news release,Multiple Sclerosis",claim,dataset_label,data/raw/pubhealth,10273,"William Heisel,A'ndrea Elyse Messer, MS, PhD,Kathlyn Stone",en
"""A provision in the health care reform bill for end-of-life counseling for seniors is not """"entirely voluntary.""",Misinformation,PUBHEALTH,"National, Health Care, Sarah Palin, ",claim,dataset_label,data/raw/pubhealth,24593,Robert Farley,en
Police block doctor from leaving Zimbabwe for treatment.,Reliable,PUBHEALTH,"Africa, Health, General News, Zimbabwe",claim,dataset_label,data/raw/pubhealth,5472, Farai Mutsaka,en
Study: Michigan prison workers facing mental health crisis.,Reliable,PUBHEALTH,"Alcohol abuse, Anxiety, Mental health, Prisons, Health, Michigan, Post-traumatic stress disorder, General News, Depression",claim,dataset_label,data/raw/pubhealth,7581, David Eggert,en
"COVID-19 vaccine hunt heats up globally, still no guarantee .",Reliable,PUBHEALTH,"AP Top News, Science, Understanding the Outbreak, Technology, General News, Politics, Health, Business, Pandemics, Racing for a Remedy, Virus Outbreak, U.S. News",claim,dataset_label,data/raw/pubhealth,7567, Lauran Neergaard,en
Sanders never considered leaving race after heart attack.,Reliable,PUBHEALTH,"Health, General News, Politics, Election 2020, Heart attack, Bernie Sanders, Nevada",claim,dataset_label,data/raw/pubhealth,4971, Will Weissert,en
Drug 'Molly' is taking a party toll in the United States.,Reliable,PUBHEALTH,Health News,claim,dataset_label,data/raw/pubhealth,2443,Victoria Cavaliere,en
"""Mike Ford Says the fluoride Austin is putting in its drinking water is """"toxic waste.""",Misinformation,PUBHEALTH,"Public Health, Texas, Mike Ford, ",claim,dataset_label,data/raw/pubhealth,22236,W. Gardner Selby,en
"After cancer treatment, Ginsburg in NY for honorary degree.",Reliable,PUBHEALTH,"Ruth Bader Ginsburg, Supreme courts, Radiation therapy, General News, U.S. Supreme Court, Health, Courts, Buffalo",claim,dataset_label,data/raw/pubhealth,5552, Carolyn Thompson,en
"Mozambique recovers from cyclone, fights threat of cholera.",Reliable,PUBHEALTH,"Africa, Health, Mozambique, Cholera, International News",claim,dataset_label,data/raw/pubhealth,6033, Cara Anna,en
Gene therapy for rare form of blindness wins US approval.,Reliable,PUBHEALTH,"Genetics, Health, Gene therapy, Genetic Frontiers, North America, Science, U.S. News",claim,dataset_label,data/raw/pubhealth,7401, Matthew Perrone,en
“First volunteer in UK coronavirus vaccine trial has died.”,Misinformation,PUBHEALTH,"Facebook Fact-checks, Coronavirus, Bloggers, ",claim,dataset_label,data/raw/pubhealth,26365,Ciara O'Rourke,en
"There are “360,000 (deaths) a year from swimming pools. But we don’t shut the country down for that.”",Misinformation,PUBHEALTH,"Public Health, Public Safety, Pundits, PunditFact, Coronavirus, Phil McGraw, ",claim,dataset_label,data/raw/pubhealth,26454,Bill McCarthy,en
Setbacks for Trump’s drive to lower prescription drug costs.,Reliable,PUBHEALTH,"AP Top News, Health, General News, Politics, Prescription drug costs, Business, Medication, Medicare, Prescription drugs, Donald Trump",claim,dataset_label,data/raw/pubhealth,3787, Ricardo Alonso-Zaldivar,en
"Outside US, top scientists steer debate away from politics.",Reliable,PUBHEALTH,"AP Top News, Understanding the Outbreak, International News, Anthony Fauci, General News, Health, Science, Greece, Donald Trump, Virus Outbreak, Europe, Pandemics",claim,dataset_label,data/raw/pubhealth,7348, Derek Gatopoulos,en
The UK has the highest death rate in the EU from drugs.,Reliable,PUBHEALTH,health,claim,dataset_label,data/raw/pubhealth,41672,Claire Milne,en
“They’re furloughing nurses in hospitals in western New York state.”,Misinformation,PUBHEALTH,"New York, Coronavirus, Jerome Adams, ",claim,dataset_label,data/raw/pubhealth,26564,Jill Terreri Ramos,en
Indonesia tackles rabies on resort island of Bali.,Reliable,PUBHEALTH,Health News,claim,dataset_label,data/raw/pubhealth,2057,Chris White,en
U.S. coronavirus deaths increase by record amount for second straight day: Reuters tally.,Reliable,PUBHEALTH,Health News,claim,dataset_label,data/raw/pubhealth,8300,Lisa Shumaker,en
Tennessee Medicaid block grant plan heads for federal review.,Reliable,PUBHEALTH,"Health care reform, General News, Tennessee, Medicaid",claim,dataset_label,data/raw/pubhealth,4525, Jonathan Mattise,en
"Facebook post Says all Vegas hotels but Trump’s have donated food, rooms in COVID response.",Misinformation,PUBHEALTH,"Facebook Fact-checks, Coronavirus, Facebook posts, ",claim,dataset_label,data/raw/pubhealth,26467,Tom Kertscher,en
World Rugby announces postponement of July tests.,Reliable,PUBHEALTH,"Australia, Rugby, Health, Scotland, Sports - Asia, Sports - Europe, Wellington, New Zealand, Africa, England, South Africa, Travel, Wales, Virus Outbreak, Sports - General, Sports - Africa",claim,dataset_label,data/raw/pubhealth,7375, Steve Mcmorran,en
"GOP, Dems offer compromise to reduce drug costs for seniors.",Reliable,PUBHEALTH,"Medicare, Seniors, Medication, Ron Wyden, Health, General News, Legislation, Politics, Prescription drug costs, Business, AP Top News, Prescription drugs, Chuck Grassley, Prices, Inflation, Bills",claim,dataset_label,data/raw/pubhealth,3786, Ricardo Alonso-Zaldivar,en
Significantly more people died of Covid-19 in two months than died of overdoses all of last year or the year before.,Reliable,PUBHEALTH,"Drugs, Public Health, New York, Coronavirus, Monica Wallace, ",claim,dataset_label,data/raw/pubhealth,26099,John Pullano,en
"""Rick Scott's former health care company, Columbia/HCA, committed """"fraud.""",Reliable,PUBHEALTH,"Candidate Biography, Health Care, Florida, Bill McCollum, ",claim,dataset_label,data/raw/pubhealth,23885,Aaron Sharockman,en
"UAE to boost strategic stockpile, waive visa fines over coronavirus.",Reliable,PUBHEALTH,Health News,claim,dataset_label,data/raw/pubhealth,8627,Alaa Swilam,en
A study from the CDC and the WHO “proves face masks do not prevent the spread of a virus.”,Misinformation,PUBHEALTH,"Fake news, Public Health, Facebook Fact-checks, Coronavirus, Facebook posts, ",claim,dataset_label,data/raw/pubhealth,25847,Tom Kertscher,en
Uruguay is betting on exports of medical marijuana.,Reliable,PUBHEALTH,"Global trade, Medical marijuana, Uruguay, Marijuana, Latin America, Caribbean",claim,dataset_label,data/raw/pubhealth,6540, Leonardo Haberkorn,en
Mike Villarreal Says Texas lawmakers in 2011 ordered school districts to test every student on their respiratory system and weight.,Reliable,PUBHEALTH,"Children, Education, Public Health, Recreation, Texas, Mike Villarreal, ",claim,dataset_label,data/raw/pubhealth,18511,W. Gardner Selby,en
VIRUS DIARY: Navigating a flu-like illness in the corona age.,Reliable,PUBHEALTH,"Israel, International News, General News, Flu, Lifestyle, Health, Tel Aviv, Pandemics, Virus Outbreak, Middle East",claim,dataset_label,data/raw/pubhealth,7347, Aron Heller,en
Celebrities bring awareness to mental health issues.,Reliable,PUBHEALTH,"Anxiety, Mental health, Health, Mariah Carey, Ryan Reynolds, Entertainment, North America, Prince Harry, Celebrities, Depression",claim,dataset_label,data/raw/pubhealth,5406, John Carucci,en
Malawi has just 300 doctors for 16 million people.,Reliable,PUBHEALTH,"Global News Service, Public Health, ActionAid UK, ",claim,dataset_label,data/raw/pubhealth,14554,Jon Greenberg,en
Largest U.S. needle exchange tries free meth pipes in Seattle.,Reliable,PUBHEALTH,Health News,claim,dataset_label,data/raw/pubhealth,1677,Eric M. Johnson,en
"C-Sections Are Best With a Little Labor, a Study Says",Reliable,PUBHEALTH,"birth,c-section,labor,obesity,public health",claim,dataset_label,data/raw/pubhealth,9699,"Sally James,Kathleen Fairfield, MD, DrPH,Kevin Lomangino",en
“Africans living in China now being forced to sleep outside in the cold” as “Chinese nationals blame them for the rising number of new coronavirus cases in the country.”,Reliable,PUBHEALTH,"China, Facebook Fact-checks, Coronavirus, Facebook posts, ",claim,dataset_label,data/raw/pubhealth,26464,Tom Kertscher,en
"Brazil likely has 12 times more coronavirus cases than official count, study finds.",Reliable,PUBHEALTH,Health News,claim,dataset_label,data/raw/pubhealth,8500,"Jake Spring, Pedro Fonseca",en
Zika travel advisory issued for 11 Southeast Asia countries.,Reliable,PUBHEALTH,"Brunei, Maldives, AP Health, Travel, Asia, Health, Thailand, Southeast Asia",claim,dataset_label,data/raw/pubhealth,7064, Mike Stobbe,en
"President Obama's bill won't bring down the costs (of health care) for average Americans -- or really for very few Americans, if any.",Misinformation,PUBHEALTH,"National, Health Care, Michele Bachmann, ",claim,dataset_label,data/raw/pubhealth,24202,Louis Jacobson,en
The big question: Will cancer immune therapy work for me?.,Reliable,PUBHEALTH,"AP Top News, Genetics, Cancer, San Diego, Health, Tumors, Genetic Frontiers, North America, Business, California, Science, U.S. News",claim,dataset_label,data/raw/pubhealth,7406, Marilynn Marchione,en
International aid helps Mozambique fight cholera in Beira.,Reliable,PUBHEALTH,"Health, Cholera, Africa, International News, Mozambique, Malawi",claim,dataset_label,data/raw/pubhealth,4290, Pindai Dube,en
International campaigners urge UK to allow 'three-parent' IVF babies.,Reliable,PUBHEALTH,Health News,claim,dataset_label,data/raw/pubhealth,7802,Kate Kelland,en
Stricter controls needed after surge in marijuana ills: U.S. anti-pot group.,Reliable,PUBHEALTH,Health News,claim,dataset_label,data/raw/pubhealth,1734,Eric M. Johnson,en
“COVID literally stands for Chinese Originated Viral Infectious Disease.”,Misinformation,PUBHEALTH,"China, Facebook Fact-checks, Coronavirus, Viral image, ",claim,dataset_label,data/raw/pubhealth,26579,Ciara O'Rourke,en
COVID-19 is “here to stay” and “we need to accept that and be prepared to deal with COVID long term.”,Reliable,PUBHEALTH,"Health Care, Public Health, Wisconsin, Coronavirus, Facebook posts, ",claim,dataset_label,data/raw/pubhealth,26392,Eric Litke,en
Singapore's coronavirus struggle shows colossal task of global containment.,Reliable,PUBHEALTH,Health News,claim,dataset_label,data/raw/pubhealth,8653,"John Geddie, Aradhana Aravindan",en
UN agency: China virus ‘too early’ for emergency declaration.,Reliable,PUBHEALTH,"Beijing, AP Top News, Travel, Geneva, International News, General News, Public health, Epidemics, China, United Nations, Asia Pacific, Health, Ebola virus",claim,dataset_label,data/raw/pubhealth,7514, Maria Cheng,en
Doctor’s report says Elizabeth Warren ‘in excellent health’.,Reliable,PUBHEALTH,"Health, General News, Politics, Election 2020, Elizabeth Warren, Massachusetts",claim,dataset_label,data/raw/pubhealth,3064, Will Weissert And Lauran Neergaard,en
"Ram Dass, psychedelic drug pioneer, dies at home aged 88.",Reliable,PUBHEALTH,Health News,claim,dataset_label,data/raw/pubhealth,457,Bill Trott,tl
Finnish 'pulled oats' maker wants a bite of the meat substitutes market.,Reliable,PUBHEALTH,Health News,claim,dataset_label,data/raw/pubhealth,1600,Tuomas Forsell,en
Eating Fish May Be Good for Brain Health,Reliable,PUBHEALTH,"Alzheimer's,health food claims,WebMD",claim,dataset_label,data/raw/pubhealth,9843,"Gary Schwitzer,Euna Bodner, MS",mixed
"""Sarah Silverman Says Sen. Rand Paul, R-Ky., has stated that supporting the """"right to health care ... means you believe in slavery.""",Reliable,PUBHEALTH,"Health Care, PunditFact, Sarah Silverman, ",claim,dataset_label,data/raw/pubhealth,15558,Louis Jacobson,en
Study puts Weight Watchers to the test for type 2 diabetes,Misinformation,PUBHEALTH,"Medical University of South Carolina,Type 2 diabetes,Weight Watchers",claim,dataset_label,data/raw/pubhealth,9235,"Joann Rodgers, MS,Doug Campos-Outcalt, MD, MPA,Kathlyn Stone",en
NY officials: No major public health threat from steam blast.,Reliable,PUBHEALTH,"Aging, U.S. News, New York, Manhattan, North America, Health, Manhattan Explosion, Evacuations, Bill de Blasio, Public health, Explosions",claim,dataset_label,data/raw/pubhealth,5961, Karen Matthews,en
Study: Whooping cough vaccination during pregnancy protects newborns,Reliable,PUBHEALTH,vaccines,claim,dataset_label,data/raw/pubhealth,9457,"Dave Mosher,Ranit Mishori, MD, MHS, FAAFP,Joy Victory",en
"""Roger Ebert calls himself """"happy"""" despite surgeries.""",Reliable,PUBHEALTH,Health News,claim,dataset_label,data/raw/pubhealth,2153,Alex Dobuzinskis,en
"Despite slow start, Ricketts confident in TestNebraska.",Reliable,PUBHEALTH,"Pete Ricketts, Omaha, Health, General News, Nebraska, Virus Outbreak",claim,dataset_label,data/raw/pubhealth,7378, Grant Schulte,en
A diet rich in vitamin D can reverse tooth decay and regrow portions of teeth lost to cavities.,Misinformation,PUBHEALTH,"Fauxtography, david avocado wolfe, Doctor Doctor, Medical",claim,dataset_label,data/raw/pubhealth,32145,Alex Kasprak,en
"Beauty treatment kills Hong Kong woman, three ill.",Reliable,PUBHEALTH,Health News,claim,dataset_label,data/raw/pubhealth,2601,Tan Ee Lyn,en
Novartis takes aim at Roche's star MS drug.,Reliable,PUBHEALTH,Health News,claim,dataset_label,data/raw/pubhealth,204,John Miller,tl
Gilead increases enrollment target for remdesivir trial in COVID-19 patients.,Reliable,PUBHEALTH,Health News,claim,dataset_label,data/raw/pubhealth,8289,Manas Mishra,en
Ad campaign shows smoking's scary side.,Reliable,PUBHEALTH,Health News,claim,dataset_label,data/raw/pubhealth,1869,Julie Steenhuysen,en
Breakthrough Study Stops Fat-Eating Prostate Cancer Cells,Misinformation,PUBHEALTH,"Prostate cancer,University news release",claim,dataset_label,data/raw/pubhealth,11096,"Alan Cassels,Richard Hoffman, MD,Kathlyn Stone",en
Lawyers: Investigators recommend whistleblower is reinstated.,Reliable,PUBHEALTH,"AP Top News, Health, General News, Politics, Infectious diseases, Banks, Virus Outbreak, Donald Trump",claim,dataset_label,data/raw/pubhealth,7415, Ricardo Alonso-Zaldivar,en
"In West Africa, cancer patients forced abroad for treatment.",Reliable,PUBHEALTH,"Cancer, Health, Africa, Radiation therapy, Senegal, West Africa, Dakar, International News",claim,dataset_label,data/raw/pubhealth,5282, Carley Petesch,en
New way of defining Alzheimer's aims to find disease sooner,Reliable,PUBHEALTH,alzheimer's disease,claim,dataset_label,data/raw/pubhealth,9382,"Jill U. Adams,Susan Molchan, MD, MA,Joy Victory",en
"In sweet-toothed Britain, sugary soda levy may have limited impact.",Reliable,PUBHEALTH,Health News,claim,dataset_label,data/raw/pubhealth,1421,"Kate Kelland, Martinne Geller",mixed
Yoga may lessen side effects in men undergoing prostate cancer treatment,Misinformation,PUBHEALTH,"Academic medical center news release,Prostate cancer",claim,dataset_label,data/raw/pubhealth,11439,"Richard Hoffman, MD,Kathlyn Stone",mixed
"UK orders 10,000 ventilators from Dyson for coronavirus patients.",Reliable,PUBHEALTH,Health News,claim,dataset_label,data/raw/pubhealth,8720,"Paul Sandle, Kate Holton",en
The FDA has approved a heroin-based vaccine for children to eradicate chicken pox.,Misinformation,PUBHEALTH,Health / Medical,claim,dataset_label,data/raw/pubhealth,38877,  Rich Buhler & Staff  ,en
"A man received a $153,000 hospital bill after a bite he sustained from a rattlesnake that he was attempting to take a selfie with.",Reliable,PUBHEALTH,"Critter Country, healthcare, insurance, Medical",claim,dataset_label,data/raw/pubhealth,27332,Alex Kasprak,en
"GOP, Democrats team up to address surprise medical bills.",Reliable,PUBHEALTH,"Lamar Alexander, Patty Murray, Health, Legislation, Politics, North America, Prescription drug costs, Business, Prescription drugs, Donald Trump, Bills, Political parties",claim,dataset_label,data/raw/pubhealth,3792, Ricardo Alonso-Zaldivar,en
"Trump drops idea of New York lockdown as U.S. death count crosses 2,000.",Reliable,PUBHEALTH,Health News,claim,dataset_label,data/raw/pubhealth,7878,Andy Sullivan,en
Ebola crisis highlights China's philanthropic shortfall.,Reliable,PUBHEALTH,Health News,claim,dataset_label,data/raw/pubhealth,1762,Megha Rajagopalan,en
Donald Trump Says 99% of COVID-19 cases “are totally harmless.”,Misinformation,PUBHEALTH,"National, Coronavirus, Donald Trump, ",claim,dataset_label,data/raw/pubhealth,26003,Jon Greenberg,en
Kamala Harris proposes doubling mental health treatment beds.,Reliable,PUBHEALTH,"Mental health, Health, General News, Politics, Campaigns, Election 2020, California, Kamala Harris",claim,dataset_label,data/raw/pubhealth,3908, Kathleen Ronayne,en
Deaths hit 45 at Virginia care home called ‘virus’s dream’ .,Reliable,PUBHEALTH,"AP Top News, Health, General News, Virginia, Richmond, Nursing homes, Virus Outbreak, U.S. News",claim,dataset_label,data/raw/pubhealth,7608, Sarah Rankin And Bernard Condon,tl
"Schools, universities to stay shut as Italy coronavirus death toll rises.",Reliable,PUBHEALTH,Health News,claim,dataset_label,data/raw/pubhealth,8697,Crispian Balmer,en
Statins 'could be valuable addition to breast cancer treatment',Misinformation,PUBHEALTH,"breast cancer,statins for breast cancer",claim,dataset_label,data/raw/pubhealth,9626,"Mary Chris Jaklevic,Mandy Stahre, PhD,Joy Victory",en
Trump to hold a sports field day at the White House.,Reliable,PUBHEALTH,"Youth sports, Health, Politics, North America, Sports, Ivanka Trump, Golf, Barack Obama, Donald Trump",claim,dataset_label,data/raw/pubhealth,6804, Ken Thomas,mixed
"When I came into office, our vaccination rate in Texas was 65 percent. When I left two weeks ago, it was 95 percent.",Misinformation,PUBHEALTH,"Corrections and Updates, Health Care, Public Health, Texas, Rick Perry, ",claim,dataset_label,data/raw/pubhealth,15916,W. Gardner Selby,en
Rick Scott vetoed funding for 30 Florida rape crisis centers. Scott said the centers weren’t needed.,Misinformation,PUBHEALTH,"Health Care, State Budget, Women, Florida, Charlie Crist, ",claim,dataset_label,data/raw/pubhealth,16247,Amy Sherman,en
"Wolf to ease restrictions elsewhere, but still has concerns.",Reliable,PUBHEALTH,"Health, General News, Tom Wolf, Pandemics, Nursing homes, Beaver, Virus Outbreak, Huntingdon",claim,dataset_label,data/raw/pubhealth,7351, Marc Levy,en
Government plans to ban flavors used in e-cigarettes.,Reliable,PUBHEALTH,"AP Top News, Alex Azar, Health, General News, Politics, Business, Melania Trump, Tobacco industry regulation, Donald Trump",claim,dataset_label,data/raw/pubhealth,3182, Matthew Perrone,en
"Age and pandemic: Time lost, plans canceled, dreams deferred.",Reliable,PUBHEALTH,"AP Top News, Health, General News, Weekend Reads, Scotland, Lifestyle, Pandemics, Virus Outbreak, U.S. News",claim,dataset_label,data/raw/pubhealth,7346, Tamara Lush,en
Iowa hospitals say Medicaid change will cost them millions.,Reliable,PUBHEALTH,"Iowa, Health care industry, Health, Privatizations, Kim Reynolds, Medicaid",claim,dataset_label,data/raw/pubhealth,6731, David Pitt,en
Some counties undeterred by Wolf’s threat; others back down.,Reliable,PUBHEALTH,"Harrisburg, Health, General News, Pennsylvania, Business, Tom Wolf, Pandemics, Beaver, Virus Outbreak, Public health",claim,dataset_label,data/raw/pubhealth,7441, Marc Levy And Michael Rubinkam,en
Roseburg woman breathing easier after double-lung transplant.,Reliable,PUBHEALTH,"Cystic fibrosis, Health, Oregon, Lung transplants, Portland, Roseburg",claim,dataset_label,data/raw/pubhealth,6620, Dan Bain,en
Canadian marijuana imports OK’d by US for California study.,Reliable,PUBHEALTH,"Global trade, AP Top News, San Diego, University of California, Clinical trials, Medical marijuana, Tilray Inc, North America, Business, Legal Marijuana, California, Marijuana, U.S. News, Canada",claim,dataset_label,data/raw/pubhealth,6939, Gene Johnson And Julie Watson,en
Inspectors wanted: New Mexico sets sights on public health.,Reliable,PUBHEALTH,"Legislature, Health, General News, Environment, State legislature, Public health, New Mexico",claim,dataset_label,data/raw/pubhealth,3918, Susan Montoya Bryan,en
More drugmakers hike U.S. prices as new year begins.,Reliable,PUBHEALTH,Health News,claim,dataset_label,data/raw/pubhealth,6,Michael Erman,en
We have over 300 state agencies. Forty-five of those agencies are related to health care.,Misinformation,PUBHEALTH,"Health Care, Texas, Kay Bailey Hutchison, ",claim,dataset_label,data/raw/pubhealth,24324,Ciara O'Rourke,en
"Facebook post Says a study projects Wisconsin’s coronavirus cases will peak on April 26, 2020",Reliable,PUBHEALTH,"Wisconsin, Coronavirus, Facebook posts, ",claim,dataset_label,data/raw/pubhealth,26574,Eric Litke,en
Study looks at ways to control dust coal miners breathe.,Reliable,PUBHEALTH,"Health, Lung disease, Science",claim,dataset_label,data/raw/pubhealth,4096, Dylan Lovan,mixed
Popularity can come at a price: getting flu first.,Reliable,PUBHEALTH,Health News,claim,dataset_label,data/raw/pubhealth,2073,"Maggie Fox, Health, Science Editor",mixed
Tablet devices show promise in managing agitation among patients with dementia,Reliable,PUBHEALTH,"computer tablets,dementia,McLean Hospital",claim,dataset_label,data/raw/pubhealth,9207,"Sally James,Susan Molchan, MD, MA,Kathlyn Stone",en
Life expectancy in the United States is now lower because of Obamacare.,Misinformation,PUBHEALTH,"Medical, affordable care act, american health care system, natural news",claim,dataset_label,data/raw/pubhealth,32053,Alex Kasprak,en
"""National Republican Senatorial Committee Says that Sherrod Brown """"voted to cut Medicare by over $500 billion in order to fund government-run health care.""",Misinformation,PUBHEALTH,"Ohio, Health Care, Medicare, Voting Record, National Republican Senatorial Committee, ",claim,dataset_label,data/raw/pubhealth,21878,Tom Feran,en
Canada Supreme Court to revisit decision banning assisted suicide.,Reliable,PUBHEALTH,Health News,claim,dataset_label,data/raw/pubhealth,2849,Randall Palmer,en
California governor seeks $1 billion to target homelessness.,Reliable,PUBHEALTH,"California, Health, General News, Business, Medicaid, Homelessness, Gavin Newsom, U.S. News",claim,dataset_label,data/raw/pubhealth,3670, Don Thompson,en
The writer of the email says she had a bad experience with Zicam nose spray for colds. She felt an immediate reaction after using it and realized that the result was that she lost all sense of taste or smell. She says she found stories of other people on the Internet who also lost the ability to smell because of Zircam. She warns not to use it and also includes a website of a law firm handling personal injury cases about Zircam.,Misinformation,PUBHEALTH,"Medical, Warnings",claim,dataset_label,data/raw/pubhealth,39808,  Rich Buhler & Staff  ,en
Fauci says he can’t stop Trump from talking at briefings.,Reliable,PUBHEALTH,"Health, Anthony Fauci, General News, Politics, Infectious diseases, Science, Virus Outbreak, Donald Trump",claim,dataset_label,data/raw/pubhealth,7425, Darlene Superville,mixed
"For 'Biggest Loser' trainer, diet trumps exercise in weight loss.",Reliable,PUBHEALTH,Health News,claim,dataset_label,data/raw/pubhealth,2461,Dorene Internicola,en
"“If we stopped testing right now, we'd have very few cases, if any.”",Misinformation,PUBHEALTH,"Health Check, Coronavirus, Donald Trump, ",claim,dataset_label,data/raw/pubhealth,26106,Shefali Luthra,en
"Pentagon looking to provide up to 100,000 body bags for civilians in virus outbreak.",Reliable,PUBHEALTH,Health News,claim,dataset_label,data/raw/pubhealth,7974,Mike Stone,en
"Ireland tightens coronavirus restrictions, boosts rescue package.",Reliable,PUBHEALTH,Health News,claim,dataset_label,data/raw/pubhealth,8108,"Padraic Halpin, Graham Fahy",en
Zimbabwe’s capital runs dry as taps cut off for 2M people.,Reliable,PUBHEALTH,"AP Top News, Harare, International News, Cholera, General News, Africa, Health, Zimbabwe",claim,dataset_label,data/raw/pubhealth,5470, Farai Mutsaka,en
"Virgin Galactic posts loss, touts future potential revenue .",Reliable,PUBHEALTH,"General News, Earnings, New Mexico, Virus Outbreak, Science",claim,dataset_label,data/raw/pubhealth,7558, Susan Montoya Bryan,en
Theranostic drug personalizes prostate cancer imaging and therapy: Combined PET imaging and radionuclide therapy offers new hope for advanced prostate cancer,Misinformation,PUBHEALTH,"PSA,radionuclides,Society of Nuclear Medicine and Molecular Imaging",claim,dataset_label,data/raw/pubhealth,9281,"A'ndrea Elyse Messer, MS, PhD,Richard Hoffman, MD,Kevin Lomangino",en
"“Go look at other countries that went through exactly this, started to reopen, and then they saw the infection rate go back up again.”",Reliable,PUBHEALTH,"New York, Coronavirus, Andrew Cuomo, ",claim,dataset_label,data/raw/pubhealth,26453,Jill Terreri Ramos,mixed
"""Exposure to the electromagnetic fields from power lines """"has been associated with childhood leukemia and other diseases.""",Misinformation,PUBHEALTH,"Rhode Island, Energy, Infrastructure, Public Health, Public Safety, Patrick Lynch, ",claim,dataset_label,data/raw/pubhealth,16064,C. Eugene Emery Jr.,en
Florence Nightingale show presents nursing pioneer who told us to wash hands.,Reliable,PUBHEALTH,Health News,claim,dataset_label,data/raw/pubhealth,8278,Mindy Burrows,en
U.S. Nobel laureates worry about future of basic science.,Reliable,PUBHEALTH,Health News,claim,dataset_label,data/raw/pubhealth,2438,Julie Steenhuysen,en
Hong Kong to evacuate stranded residents from China's Hubei.,Reliable,PUBHEALTH,Health News,claim,dataset_label,data/raw/pubhealth,8695,"Donny Kwok, Greg Torode",en
The fact that Rick Scott is running for governor as a 'reformer' would be funny if it wasn't so outrageous. This is a man who barely escaped imprisonment.,Misinformation,PUBHEALTH,"Candidate Biography, Health Care, Florida, Bill McCollum, ",claim,dataset_label,data/raw/pubhealth,23944,Aaron Sharockman,en
"Impeachment dominates, but much other work awaits Congress.",Reliable,PUBHEALTH,"Global trade, AP Top News, General News, Politics, Impeachments, Business, Prescription drugs, Nancy Pelosi, Trump impeachment inquiry, Trade agreements, Donald Trump",claim,dataset_label,data/raw/pubhealth,3832, Andrew Taylor,en
"""Jason Conger Says """"the mandate is 71 times that a child’s body will be injected with a disease"""" for immunizations.""",Misinformation,PUBHEALTH,"Oregon, Children, Public Health, Jason Conger, ",claim,dataset_label,data/raw/pubhealth,18206,Janie Har,en
The FDA said Frosted Flakes are healthier than avocados.,Misinformation,PUBHEALTH,"Food, avocados, FDA, food warnings",claim,dataset_label,data/raw/pubhealth,29478,Kim LaCapria,en
A recent study disproved a link between sun exposure and skin cancer.,Misinformation,PUBHEALTH,"Medical, Medical Myths",claim,dataset_label,data/raw/pubhealth,33482,David Mikkelson,en
Dutch Supreme Court asked to clarify euthanasia case.,Reliable,PUBHEALTH,"Netherlands, Supreme courts, International News, General News, Legislation, Health, The Hague, Courts, Euthanasia, Dementia, Europe",claim,dataset_label,data/raw/pubhealth,5547, Mike Corder,en
Surgical probe seeks out where cancer ends and healthy tissue begins,Reliable,PUBHEALTH,"Breast cancer,Cancer,medical devices,University news release",claim,dataset_label,data/raw/pubhealth,10912,"Joann Rodgers, MS,Deanna Attai, MD, FACS,Kevin Lomangino",en
Michigan governor signs overhaul to cut high auto premiums.,Reliable,PUBHEALTH,"Legislature, Auto insurance, Health, General News, Gretchen Whitmer, Detroit, Bills, Michigan",claim,dataset_label,data/raw/pubhealth,7240, David Eggert,en
The first cases of COVID-19 were reported in the United States and South Korea on the same day.,Reliable,PUBHEALTH,Medical,claim,dataset_label,data/raw/pubhealth,35052,Dan Evon,en
New treatment gives hope to children with resistant leukemia.,Reliable,PUBHEALTH,"Madison, Wisconsin, Cancer, Health, Gene therapy, Leukemia, Watertown, Animals, Chemotherapy, United States",claim,dataset_label,data/raw/pubhealth,6529, David Wahlberg,en
Michael Schraa Says wearing masks has been “proven ineffective.”,Misinformation,PUBHEALTH,"Public Health, Wisconsin, Coronavirus, Michael Schraa, ",claim,dataset_label,data/raw/pubhealth,25868,Madeline Heim,en
"""Pregnant women trying to buy health insurance on their own are barred from maternity coverage because they have a """"pre-existing condition.""",Reliable,PUBHEALTH,"National, Health Care, J. James Rohack, ",claim,dataset_label,data/raw/pubhealth,24586,Louis Jacobson,en
Big study casts doubt on need for many heart procedures.,Reliable,PUBHEALTH,"Heart disease, AP Top News, Health, General News, Philadelphia, Heart attack, U.S. News",claim,dataset_label,data/raw/pubhealth,4968, Marilynn Marchione,en
Prebiotics reduce body fat in overweight children,Misinformation,PUBHEALTH,"American Gastroenterological Association,childhood obesity,prebiotics",claim,dataset_label,data/raw/pubhealth,9136,"Joann Rodgers, MS,Kathleen Fairfield, MD, DrPH,Kathlyn Stone",en
"""On May 4, 2020, U.S. House Speaker Nancy Pelosi said she wants the federal government's next economic relief bill during the COVID-19 coronavirus pandemic to establish """"guaranteed minimum incomes"""" for """"illegal aliens.""",Misinformation,PUBHEALTH,"Politics, COVID-19",claim,dataset_label,data/raw/pubhealth,35327,Jessica Lee,mixed
Testing wearable sensors as ‘check engine’ light for health.,Reliable,PUBHEALTH,"Technology, Health, AP Top News, Science, Stanford University",claim,dataset_label,data/raw/pubhealth,7140, Lauran Neergaard,en
"“The fact is that in terms of the risk to schoolkids, this is lower risk than seasonal influenza.”",Reliable,PUBHEALTH,"Florida, Health Check, Coronavirus, Ron DeSantis, ",claim,dataset_label,data/raw/pubhealth,25726,Phil Galewitz,en
Blogger Says Nancy Pelosi delayed coronavirus funding so “Dems could campaign on it.”,Misinformation,PUBHEALTH,"Congress, Facebook Fact-checks, Coronavirus, Bloggers, ",claim,dataset_label,data/raw/pubhealth,26715,Samantha Putterman,en
Health paradox: New US diabetes cases fall as obesity rises.,Reliable,PUBHEALTH,"AP Top News, Health, North America, Obesity, U.S. News, Diabetes",claim,dataset_label,data/raw/pubhealth,4606, Mike Stobbe,en
Brazilian scientists ID common mosquito as a Zika source.,Reliable,PUBHEALTH,"Brazil, Rio de Janeiro, Health, Latin America, Zika virus, Science, Recife",claim,dataset_label,data/raw/pubhealth,7081, Mauricio Savarese And Mike Stobbe,en
New China bird flu a reminder of mutant virus risk.,Reliable,PUBHEALTH,Health News,claim,dataset_label,data/raw/pubhealth,2736,Kate Kelland,en
Carol Alvarado Says women who need a sonogram in the eighth to 10th week of pregnancy have to get a transvaginal sonogram.,Reliable,PUBHEALTH,"Abortion, Health Care, Women, Texas, Carol Alvarado, ",claim,dataset_label,data/raw/pubhealth,22445,Ciara O'Rourke,en
Nurses submitting coronavirus tests say they all are coming back positive.,Misinformation,PUBHEALTH,"Facebook Fact-checks, Coronavirus, Facebook posts, ",claim,dataset_label,data/raw/pubhealth,26015,Daniel Funke,en
"Opening the schools “is a local determination, but it’s not a state determination.”",Misinformation,PUBHEALTH,"Education, New York, Coronavirus, Tom Reed, ",claim,dataset_label,data/raw/pubhealth,25936,Jill Terreri Ramos,en
Hackers broke into Virginia's prescription-drug database (and) ... obtained more than 8.2 million patient records and a total of nearly 36 million prescriptions.,Reliable,PUBHEALTH,"Drugs, Florida, Rick Scott, ",claim,dataset_label,data/raw/pubhealth,22240,Aaron Sharockman,en
Virgin Galactic completes first glide flight in New Mexico.,Reliable,PUBHEALTH,"Virus Outbreak, Technology, General News, Science, Travel, New Mexico, U.S. News",claim,dataset_label,data/raw/pubhealth,7569, Susan Montoya Bryan,en
"One in three open to traveling for medical treatment, poll finds.",Reliable,PUBHEALTH,Health News,claim,dataset_label,data/raw/pubhealth,2586,Patricia Reaney,en
“So 2 doctors from Bakersfield discover that coronavirus mortality rate is 0.03%. 13x less deadly than what was previously thought! Their analysis has since been banned from YouTube.”,Misinformation,PUBHEALTH,"Public Health, Facebook Fact-checks, California, Coronavirus, Facebook posts, ",claim,dataset_label,data/raw/pubhealth,26348,Bill McCarthy,en
Amazon testing disinfectant fog at New York warehouse after coronavirus protests.,Reliable,PUBHEALTH,Health News,claim,dataset_label,data/raw/pubhealth,8336,Jeffrey Dastin,tl
New class of drugs could help tackle treatment-resistant cancers,Misinformation,PUBHEALTH,"Imperial College London,treatment-resistant cancers",claim,dataset_label,data/raw/pubhealth,9013,"Mary Chris Jaklevic,Dan Mayer, MD,Kathlyn Stone",en
A California health care CEO is promising to reduce our prescription drug costs.,Misinformation,PUBHEALTH,"Ohio, Drugs, Health Care, Ohioans Against Deceptive Rx Ballot Issue, ",claim,dataset_label,data/raw/pubhealth,12000,Manuela Tobias,en
"Plane crashes offer hospitals marketing opportunities, pitfalls.",Reliable,PUBHEALTH,Health News,claim,dataset_label,data/raw/pubhealth,2479,Sarah Mcbride,en
Eyes on Russia probe leaves Washington’s to-do list undone.,Reliable,PUBHEALTH,"AP Top News, Monica Lewinsky, Rich Galen, Health care reform, Politics, North America, Newt Gingrich, Bill Clinton, Russia",claim,dataset_label,data/raw/pubhealth,7214, Nancy Benac,en
"Media outlets reported that the same boy died 3 times from the coronavirus, in 3 countries.",Misinformation,PUBHEALTH,"Facebook Fact-checks, Coronavirus, Facebook posts, ",claim,dataset_label,data/raw/pubhealth,26352,Samantha Putterman,en
"""Under my platform, """"I will make no changes to the current (Medicare) system for current retirees and anyone approaching retirement.""",Misinformation,PUBHEALTH,"National, Health Care, Medicare, Retirement, Tom Cotton, ",claim,dataset_label,data/raw/pubhealth,16310,Louis Jacobson,en
NC liquor stores were deemed essential “because we have a lot of people who are chemically dependent on alcohol and if we suddenly cut off their access they would go into withdrawal and flood the emergency rooms.”,Misinformation,PUBHEALTH,"Alcohol, North Carolina, Coronavirus, Jeff Jackson, ",claim,dataset_label,data/raw/pubhealth,26460,Paul Specht,en
"""In the 1970s, """"the swine flu broke out . . . under another Democrat, President Jimmy Carter.""",Misinformation,PUBHEALTH,"National, Health Care, Michele Bachmann, ",claim,dataset_label,data/raw/pubhealth,24718,Bill Adair,en
Piglet-killing PED virus spreads to second Canada farm.,Reliable,PUBHEALTH,Health News,claim,dataset_label,data/raw/pubhealth,2795,Rod Nickel,en
"Americans brace for ‘hardest, saddest’ week of their lives.",Reliable,PUBHEALTH,"AP Top News, Religion, Health, Andrew Cuomo, General News, Latin America, Technology, Pandemics, New York, New York City, Asia Pacific, Virus Outbreak, Europe, International News",claim,dataset_label,data/raw/pubhealth,7317, Jim Mustian And Frances D'Emilio,en
Clip-on device offers protection against mosquitoes that transmit Zika,Misinformation,PUBHEALTH,"Association/Society news release,Disease mongering,medical devices",claim,dataset_label,data/raw/pubhealth,10354,"Kathlyn Stone,Dan Mayer, MD,Kevin Lomangino",en
Michele Bachmann Says the vaccine to prevent HPV can cause mental retardation.,Misinformation,PUBHEALTH,"National, Health Care, Michele Bachmann, ",claim,dataset_label,data/raw/pubhealth,21416,Angie Drobnic Holan,en
Several states wary of $48 billion opioid settlement proposal.,Reliable,PUBHEALTH,Health News,claim,dataset_label,data/raw/pubhealth,76,"Tom Hals, Nate Raymond",en
"A post comparing two construction workers — “Joe legal” and “Jose illegal” — says “Jose” pays no taxes yet gets free medical care, food stamps, welfare, and 'head of the class' priority for his children in applying for college.",Misinformation,PUBHEALTH,"Immigration, Education, Health Care, Race and Ethnicity, Poverty, Workers, Facebook Fact-checks, Facebook posts, ",claim,dataset_label,data/raw/pubhealth,26689,Louis Jacobson,en
New blood test detects early stage pancreatic cancer,Misinformation,PUBHEALTH,"blood test,Lund University,pancreatic cancer",claim,dataset_label,data/raw/pubhealth,8962,"Michael Joyce, MD,Andrae Vandross, MD,Kathlyn Stone",en
"Trump tells young athletes to play to win, have a good life.",Reliable,PUBHEALTH,"Baseball, Misty May-Treanor, Mariano Rivera, Youth sports, New York, Politics, Beach volleyball, North America, Health, Sports, Golf, Herschel Walker, Donald Trump",claim,dataset_label,data/raw/pubhealth,4811, Ken Thomas,en
"Cancer and matters to do with kidney failure kill more people in Kenya today than malaria, tuberculosis and AIDS combined.",Misinformation,PUBHEALTH,"Global News Service, Public Health, William Ruto, ",claim,dataset_label,data/raw/pubhealth,13337,Jon Greenberg,en
The FBI raided the CDC in the middle of the night to seize data on a link between vaccines and autism.,Misinformation,PUBHEALTH,"Junk News, cdc, fake news, fbi",claim,dataset_label,data/raw/pubhealth,31774,Kim LaCapria,en
"A woman was hospitalized with burns after photocopying her breasts in Bishan, Singapore.",Misinformation,PUBHEALTH,"Medical, health, Medical, pranks",claim,dataset_label,data/raw/pubhealth,31323,Dan MacGuill,en
"Moderate drinking cuts risk of Alzheimer's, study shows.",Reliable,PUBHEALTH,Health News,claim,dataset_label,data/raw/pubhealth,1953,Paula Rogo,en
"India struggles with coronavirus shutdown; Pakistan cases top 1,000.",Reliable,PUBHEALTH,Health News,claim,dataset_label,data/raw/pubhealth,7882,"Sanjeev Miglani, Nivedita Bhattacharjee",en
"""In the Senate version of the health reform bill, """"Every enrollee in the Office of Personnel Management enrolled plan, every enrollee has to pay a minimum of $1 per month towards reproductive rights, which includes abortion.""",Misinformation,PUBHEALTH,"Abortion, National, Health Care, Bart Stupak, ",claim,dataset_label,data/raw/pubhealth,24185,Robert Farley,en
UK reviews medical marijuana ban after outcry over sick kids.,Reliable,PUBHEALTH,"Legal Marijuana, Medical marijuana, Health, International News, Sajid Javid, Europe",claim,dataset_label,data/raw/pubhealth,6909, Jill Lawless And Gregory Katz,en
Expanding Naloxone use could reduce drug overdose deaths and save lives,Misinformation,PUBHEALTH,"CDC,heroin,naloxone,narcan,opioids,overdose",claim,dataset_label,data/raw/pubhealth,9295,"William Heisel,Ishani Ganguli, MD, MPH,Michael Bierer MD, MPH,Kevin Lomangino",en
4 charged with defrauding insurers of more than $200M.,Reliable,PUBHEALTH,"Mississippi, Health, Indictments, Business, Laurel, U.S. News, Hattiesburg",claim,dataset_label,data/raw/pubhealth,4698, Jeff Amy,en
U.S. President Donald Trump advocated that the pay of public officials be stopped during the COVID-19 pandemic.,Misinformation,PUBHEALTH,"Politics, COVID-19",claim,dataset_label,data/raw/pubhealth,35184,David Mikkelson,en
South Korea designates regions hit hardest by coronavirus as disaster zones.,Reliable,PUBHEALTH,Health News,claim,dataset_label,data/raw/pubhealth,8216,Sangmi Cha,en
"""The Australian """"Gympie-Gympie"""" plant causes such intense pain that touching it is a likely death sentence.""",Misinformation,PUBHEALTH,"Fact Checks, Health / Medical, Viral Content",claim,dataset_label,data/raw/pubhealth,36207,  Arturo Garcia  ,en
Medical marijuana in Louisiana: Questions about cost arise.,Reliable,PUBHEALTH,"Medication, U.S. News, Medical marijuana, Health, General News, Marijuana, U.S. News, Louisiana, Baton Rouge",claim,dataset_label,data/raw/pubhealth,3925, Melinda Deslatte,en
"Overcrowded and unsanitary, Venezuela's prisons brace for coronavirus.",Reliable,PUBHEALTH,Health News,claim,dataset_label,data/raw/pubhealth,8179,"Brian Ellsworth, Vivian Sequera",en
"Neville Chamberlain told the British people: ‘Accept the Nazis. Yes, they will dominate the continent of Europe, but that is not our problem. Let's appease them. Why? Because it can't be done. We cannot possibly stand against them.’",Misinformation,PUBHEALTH,"Health Care, History, Texas, Ted Cruz, ",claim,dataset_label,data/raw/pubhealth,17817,W. Gardner Selby,en
Facebook post Says the CDC recommends men shave their beards to protect against coronavirus.,Misinformation,PUBHEALTH,"Public Health, Facebook Fact-checks, Coronavirus, Facebook posts, ",claim,dataset_label,data/raw/pubhealth,26806,Samantha Putterman,en
Seven presidents before (Barack Obama) -- Republicans and Democrats -- tried to expand health care to all Americans.,Reliable,PUBHEALTH,"National, Health Care, History, Julián Castro, ",claim,dataset_label,data/raw/pubhealth,19487,Louis Jacobson,en
"J&J, Moderna sign deals with U.S. to produce huge quantity of possible coronavirus vaccines.",Reliable,PUBHEALTH,Health News,claim,dataset_label,data/raw/pubhealth,7884,Julie Steenhuysen,en
"""Joseph Levy Says indoor workers get """"less UV than outdoor workers, but they get more melanomas.""",Misinformation,PUBHEALTH,"Oregon, Children, Health Care, Government Regulation, Public Health, Joseph Levy, ",claim,dataset_label,data/raw/pubhealth,18630,Janie Har,en
New York inmates sue over prison crackdown on painkillers.,Reliable,PUBHEALTH,"Chronic pain, Medication, Prisons, New York, Drug abuse, Prescription drugs, Lawsuits, General News",claim,dataset_label,data/raw/pubhealth,3842, Ryan Tarinelli,en
Medigus launches device to treat acid reflux without surgery.,Reliable,PUBHEALTH,Health News,claim,dataset_label,data/raw/pubhealth,2744,Tova Cohen,en
Rebel attacks in eastern Congo kill several Ebola responders.,Reliable,PUBHEALTH,"AP Top News, International News, General News, Africa, Health, United Nations, Ebola virus",claim,dataset_label,data/raw/pubhealth,5663, Al-Hadji Kudra Maliro And Cara Anna,en
Italy nursing home ravaged by virus discloses 300 dead.,Reliable,PUBHEALTH,"Criminal investigations, Italy, International News, General News, Health, Nursing homes, Virus Outbreak, Europe",claim,dataset_label,data/raw/pubhealth,7603, Nicole Winfield,en
Milan hospital displays X-rays of women attacked by men.,Reliable,PUBHEALTH,"Health, General News, Violence, International News, Milan, Domestic violence, Europe",claim,dataset_label,data/raw/pubhealth,3238, Luca Bruno And Frances D’Emilio,en
"""The Medicare proposal by Rep. Paul Ryan, R-Wis., would """"allow insurance companies to deny you coverage and drop you for pre-existing conditions.""",Misinformation,PUBHEALTH,"National, Corrections and Updates, Federal Budget, Health Care, Medicare, Debbie Wasserman Schultz, ",claim,dataset_label,data/raw/pubhealth,22015,Louis Jacobson,en
Fauci says ‘rolling reentry’ of US economy possible in May.,Reliable,PUBHEALTH,"Understanding the Outbreak, Health, Anthony Fauci, General News, United States, Politics, Business, Infectious diseases, Pandemics, Virus Outbreak, Economy",claim,dataset_label,data/raw/pubhealth,7541, Mark Sherman And Darlene Superville,mixed
"One in every five families in the state of New Jersey has a loved one with a mental illness, a serious mental illness, and today, we don’t care.",Reliable,PUBHEALTH,"New Jersey, Health Care, State Budget, Richard Codey, ",claim,dataset_label,data/raw/pubhealth,21600,Caryn Shinske,en
Malnutrition curses the children of Venezuela.,Reliable,PUBHEALTH,Health News,claim,dataset_label,data/raw/pubhealth,2188,"Brian Ellsworth, Keren Torres",en
"Congolese girl, 9, dies of Ebola in Uganda: hospital official.",Reliable,PUBHEALTH,Health News,claim,dataset_label,data/raw/pubhealth,2203,Elias Biryabarema,en
Cleanup of toxic pollution from River Raisin nearly finished.,Reliable,PUBHEALTH,"Gary Peters, Michigan, Cameron Davis, Lakes, OH State Wire, Environment, IL State Wire, MI State Wire, Traverse City, WI State Wire, U.S. Environmental Protection Agency, Wastewater, Pollution",claim,dataset_label,data/raw/pubhealth,6542, John Flesher,en
"""Obamacare"""" mandates that no one over 75 will be given major medical procedures unless approved by an ethics panel.""",Misinformation,PUBHEALTH,"Medical, obamacare",claim,dataset_label,data/raw/pubhealth,31718,David Mikkelson,en
New York governor signs medical marijuana bill into law.,Reliable,PUBHEALTH,Health News,claim,dataset_label,data/raw/pubhealth,1832,Tg Branfalt Jr.,en
The Amish don’t get autism because they do not vaccinate their children.,Misinformation,PUBHEALTH,"Medical, amish, anti-vaccine, autism",claim,dataset_label,data/raw/pubhealth,32076,Alex Kasprak,en
The personalities of the dwarf characters in Disney's animated film version of Snow White and the Seven Dwarfs represent the seven stages of cocaine addiction.,Misinformation,PUBHEALTH,"Disney, disney, drugs, Films",claim,dataset_label,data/raw/pubhealth,33690,David Mikkelson,en
Health activists try to attract dentists to rural areas.,Reliable,PUBHEALTH,Health News,claim,dataset_label,data/raw/pubhealth,2050,Kevin Murphy,en
"Fear, hope mark life inside Ebola center in Sierra Leone: Witness.",Reliable,PUBHEALTH,Health News,claim,dataset_label,data/raw/pubhealth,1743,Benjamin Black,en
"Mailed HPV tests can help find women at-risk for cervical cancer, study finds",Reliable,PUBHEALTH,"Cervical cancer,HPV testing,University of North Carolina Lineberger Comprehensive Cancer Center",claim,dataset_label,data/raw/pubhealth,8946,"Matt Shipman,Andrae Vandross, MD,Kathlyn Stone",mixed
Poll: Young Americans overwhelmingly favor LGBT rights.,Reliable,PUBHEALTH,"Health issues, AP Top News, AP Politics, Health, Gender issues, Adoption, U.S. News, United States",claim,dataset_label,data/raw/pubhealth,7021, Sarah Grace Taylor And Emily Swanson,en
Your inhaler's watching you: drugmakers race for smart devices.,Reliable,PUBHEALTH,Health News,claim,dataset_label,data/raw/pubhealth,1571,Ben Hirschler,en
"""James Quintero Says that when San Francisco banned plastic grocery bags, """"you saw the number of instances of people going to the ER with things like salmonella and other related illnesses"""" spike.""",Misinformation,PUBHEALTH,"Environment, Health Care, Public Health, Texas, James Quintero, ",claim,dataset_label,data/raw/pubhealth,13111,W. Gardner Selby,en
Styles differ but U.S. presidents make fitness a priority.,Reliable,PUBHEALTH,Health News,claim,dataset_label,data/raw/pubhealth,1719,Dorene Internicola,en
Coronavirus found on cruise ship as more U.S. states report cases.,Reliable,PUBHEALTH,Health News,claim,dataset_label,data/raw/pubhealth,8258,"Gabriella Borter, Steve Gorman",en
Official: US must move ahead with nuclear weapons work.,Reliable,PUBHEALTH,"Nuclear weapons, Los Alamos, General News, Science, National security, New Mexico, Virus Outbreak, U.S. News",claim,dataset_label,data/raw/pubhealth,7555, Susan Montoya Bryan,en
"Facebook post Says CEOs got advance notice of COVID, then resigned to dump stock.",Misinformation,PUBHEALTH,"Corporations, Ethics, Facebook Fact-checks, Coronavirus, Facebook posts, ",claim,dataset_label,data/raw/pubhealth,26494,Tom Kertscher,en
"When you have 8,000 veterans a year committing suicide, then you have a serious problem.",Reliable,PUBHEALTH,"Georgia, Public Health, Veterans, Johnny Isakson, ",claim,dataset_label,data/raw/pubhealth,15862,April Hunt,en
WHO says Ebola area contained but Congo needs long-term support.,Reliable,PUBHEALTH,Health News,claim,dataset_label,data/raw/pubhealth,7679,Tom Miles,en
Three cats in Wyoming were diagnosed with the bubonic plague.,Reliable,PUBHEALTH,"Medical, bubonic plague",claim,dataset_label,data/raw/pubhealth,27153,Arturo Garcia,en
Bill signed allowing surprise inspections of Arizona abortion clinics.,Reliable,PUBHEALTH,Health News,claim,dataset_label,data/raw/pubhealth,2362,David Schwartz,en
Rate increase approved for addiction treatment centers.,Reliable,PUBHEALTH,"Health, Medicaid, Addiction treatment",claim,dataset_label,data/raw/pubhealth,5246, Holly Ramer,en
FDA urges more caution over TNF blocker infections.,Reliable,PUBHEALTH,Health News,claim,dataset_label,data/raw/pubhealth,8758,Susan Heavey,en
Facebook will donate money to help a child with cancer every time an appeal for help is liked or shared.,Misinformation,PUBHEALTH,"Inboxer Rebellion, ASP Article, Medical Appeals",claim,dataset_label,data/raw/pubhealth,33603,David Mikkelson,en
Liberian girl’s song about COVID-19 being played on radio.,Reliable,PUBHEALTH,"Liberia, AP Top News, Religion, Health, Ebola virus, Epidemics, One Good Thing, Africa, International News, West Africa, General News, Virus Outbreak, Public health, Lifestyle",claim,dataset_label,data/raw/pubhealth,7493, Jonathan Paye-Layleh,en
Medical research has established a causative link between root canals and cancer mortality.,Misinformation,PUBHEALTH,"Medical, Toxin Du Jour",claim,dataset_label,data/raw/pubhealth,33431,Kim LaCapria,en
They already had an anxiety disorder. Now comes a pandemic.,Reliable,PUBHEALTH,"Anxiety, Understanding the Outbreak, Health, General News, AP Top News, Pandemics, Virus Outbreak, U.S. News",claim,dataset_label,data/raw/pubhealth,7578, Malcolm Ritter,en
"""During the COVID-19 coronavirus pandemic, U.S. President Donald Trump visited a manufacturing plant without wearing a face mask as Guns N' Roses' rendition of """"Live and Let Die"""" played on loudspeakers during his visit.""",Reliable,PUBHEALTH,"Politics, COVID-19",claim,dataset_label,data/raw/pubhealth,35314,Jessica Lee,en
New Mammogram Benefits for Women in Their 40s,Misinformation,PUBHEALTH,"breast cancer,mammography",claim,dataset_label,data/raw/pubhealth,9796,"Mandy Stahre, PhD,Gary Schwitzer",en
German Catholics allow morning-after pill in rape cases.,Reliable,PUBHEALTH,Health News,claim,dataset_label,data/raw/pubhealth,2543,Stephen Brown,en
The Republicans have demanded deep cuts in education. They've demanded cuts in cancer research and other research to find cures and treatments to diseases.,Reliable,PUBHEALTH,"National, Education, Federal Budget, Health Care, Science, This Week - ABC News, Chris Van Hollen, ",claim,dataset_label,data/raw/pubhealth,22254,Louis Jacobson,en
Targeted immunotherapy treatment shows promise for treating advanced stage liver tumors,Reliable,PUBHEALTH,"immunotherapy,liver cancer,Society of Interventional Radiology",claim,dataset_label,data/raw/pubhealth,9023,"Mary Chris Jaklevic,Andrae Vandross, MD,Kathlyn Stone",en
E-mail compares George W. Bush's eco-friendly ranch with Al Gore's energy-expending mansion.,Reliable,PUBHEALTH,"Politics Politicians, Al Gore's house, environmentalist, george w bush",claim,dataset_label,data/raw/pubhealth,27964,David Mikkelson,en
Type 1 diabetes treatment could end need for insulin shots,Misinformation,PUBHEALTH,"diabetes,lab-grown islet cells,type 1 diabetes",claim,dataset_label,data/raw/pubhealth,9633,"Joann Rodgers, MS,Dan Mayer, MD,Joy Victory",en
Drinking champagne could help prevent Alzheimer’s and other forms of dementia.,Misinformation,PUBHEALTH,"Georgia, Alcohol, Health Care, Medicare, Viral media reports, ",claim,dataset_label,data/raw/pubhealth,14903,Nancy Badertscher,en
New treatment deep freezes ovarian tumors,Misinformation,PUBHEALTH,ovarian cancer,claim,dataset_label,data/raw/pubhealth,9803,"Mandy Stahre, PhD,Karen Carlson, MD,Gary Schwitzer",en
"China reports big rise in coronavirus deaths, WHO sees no 'tip of iceberg'.",Reliable,PUBHEALTH,Health News,claim,dataset_label,data/raw/pubhealth,8364,"Yawen Chen, Elaine Lies",en
U.S. appeals court allows Texas abortion curbs amid pandemic.,Reliable,PUBHEALTH,Health News,claim,dataset_label,data/raw/pubhealth,7981,Lawrence Hurley,en
"Kansas lawmakers to fight over taxes, abortion and maybe pot.",Reliable,PUBHEALTH,"Legislature, Constitutions, Medical marijuana, Kansas, Abortion, Marijuana, Topeka, Court decisions, Medicaid, Gun politics, Laws",claim,dataset_label,data/raw/pubhealth,3105, John Hanna,en
Cephalon wins U.S. approval for leukemia drug.,Reliable,PUBHEALTH,Health News,claim,dataset_label,data/raw/pubhealth,8859,Lisa Richwine,en
Mourning a 'supermom': U.S. health worker casualties mount in virus fight.,Reliable,PUBHEALTH,Health News,claim,dataset_label,data/raw/pubhealth,8445,"Gabriella Borter, Kristina Cooke",en
Mississippi 15-week abortion ban is blocked by appeals court.,Reliable,PUBHEALTH,"Mississippi, Health, General News, Abortion, U.S. Supreme Court, Courts, U.S. News",claim,dataset_label,data/raw/pubhealth,3102, Emily Wagster Pettus,en
Changes expected for Tennessee Medicaid block grant proposal.,Reliable,PUBHEALTH,"Health care reform, General News, Tennessee, Medicaid",claim,dataset_label,data/raw/pubhealth,4531, Jonathan Mattise,en
"""NaturalNews.com Says """"the coronavirus was engineered by scientists in a lab.""",Misinformation,PUBHEALTH,"Public Health, Facebook Fact-checks, Coronavirus, NaturalNews.com, ",claim,dataset_label,data/raw/pubhealth,26914,Daniel Funke,en
"Cancer is caused by a deficiency of vitamin “B17,” a condition that can be remedied with nutritional supplements.",Misinformation,PUBHEALTH,"Medical, cancer, quackery, vitamin b12",claim,dataset_label,data/raw/pubhealth,31240,Alex Kasprak,en
Patients recruited for vital studies on Saudi MERS virus.,Reliable,PUBHEALTH,Health News,claim,dataset_label,data/raw/pubhealth,1838,Kate Kelland,en
Speed of coronavirus deaths shock doctors as New York toll hits new high.,Reliable,PUBHEALTH,Health News,claim,dataset_label,data/raw/pubhealth,8563,"Nick Brown, Gabriella Borter",en
Viral image Says a photo shows a man wearing a “government issue Saint Laurent hazardous materials suit.”,Misinformation,PUBHEALTH,"Florida, Facebook Fact-checks, Coronavirus, Viral image, ",claim,dataset_label,data/raw/pubhealth,26765,Ciara O'Rourke,en
Zika alarm sparks run on supply of scientific virus samples.,Reliable,PUBHEALTH,Health News,claim,dataset_label,data/raw/pubhealth,1426,Ben Hirschler,en
Surgery improves survival rates for men with prostate cancer if radiation treatments fail,Misinformation,PUBHEALTH,"Academic medical center news release,Prostate cancer,University news release",claim,dataset_label,data/raw/pubhealth,11530,"Sally James,Richard Hoffman, MD,Kathlyn Stone",en
"Fluoride in the water, that was originally done by the Nazis!",Misinformation,PUBHEALTH,"Corrections and Updates, History, Public Health, Science, Water, PunditFact, Jesse Ventura, ",claim,dataset_label,data/raw/pubhealth,16114,Louis Jacobson,en
54% of hospital trusts are good or outstanding.,Reliable,PUBHEALTH,health,claim,dataset_label,data/raw/pubhealth,41661,Claire Milne,en
"""A major disease outbreak occurred in """"every election year"""" since 2004.""",Misinformation,PUBHEALTH,"Politics, coronavirus, COVID-19",claim,dataset_label,data/raw/pubhealth,35155,Bethania Palma,en
"Prince charming: Kate gives birth to boy, home by suppertime.",Reliable,PUBHEALTH,"AP Top News, International News, Entertainment, Prince George, Health, London, Travel, Celebrities, Prince William, Europe, Princess Charlotte",claim,dataset_label,data/raw/pubhealth,5516, Jill Lawless And Sylvia Hui,en
"In Congo, an Ebola survivor with a motorbike helps ease fear.",Reliable,PUBHEALTH,"AP Top News, International News, General News, Africa, Health, Ebola virus",claim,dataset_label,data/raw/pubhealth,5666, Al-Hadji Kudra Maliro,en
'False fears' about vaping stopping smokers using e-cigs: UK report.,Reliable,PUBHEALTH,Health News,claim,dataset_label,data/raw/pubhealth,8261,Kate Kelland,en
"""The Baucus bill """"contains provisions that would send massive federal subsidies directly to both private insurance plans and government-chartered cooperatives that pay for elective abortion.""",Reliable,PUBHEALTH,"Abortion, National, Health Care, National Right to Life Committee, ",claim,dataset_label,data/raw/pubhealth,24526,Robert Farley,en
Experts and officials warned in 2018 that the U.S. government would be unable to respond effectively to a pandemic.,Reliable,PUBHEALTH,"Politics, COVID-19",claim,dataset_label,data/raw/pubhealth,35210,Bethania Palma,en
"No sign Europe's COVID-19 epidemic is at peak, EU disease monitoring agency says.",Reliable,PUBHEALTH,Health News,claim,dataset_label,data/raw/pubhealth,8571,Kate Kelland,mixed
"France drafts law to extend IVF to lesbians, single women.",Reliable,PUBHEALTH,"Lifestyle, Health, General News, France, Couples, International News, Paris, Emmanuel Macron, Laws, Europe, In vitro fertilization",claim,dataset_label,data/raw/pubhealth,3651, Sylvie Corbet,en
Belgian clinic repairs bones with novel technique.,Reliable,PUBHEALTH,Health News,claim,dataset_label,data/raw/pubhealth,2862,Philip Blenkinsop,en
St. Corona is the patron saint of plagues.,Misinformation,PUBHEALTH,"Religion, COVID-19",claim,dataset_label,data/raw/pubhealth,35125,Dan Evon,en
The U.S. facilitated the sending of nearly 17.8 tons of donated medical supplies to China to combat the spread of the novel coronavirus in early 2020.,Reliable,PUBHEALTH,"Politics, COVID-19",claim,dataset_label,data/raw/pubhealth,35212,David Mikkelson,en
Trump donates 3rd-quarter salary to help fight opioid crisis.,Reliable,PUBHEALTH,"Opioids, Epidemics, General News, Politics, Health, Public health, Donald Trump",claim,dataset_label,data/raw/pubhealth,3705, Zeke Miller,en
"""The new health care law """"will cut $500 billion from Medicare. That will hurt the quality of our care.""",Misinformation,PUBHEALTH,"National, Health Care, Medicare, Message Machine 2010, 60 Plus Association, ",claim,dataset_label,data/raw/pubhealth,23365,Angie Drobnic Holan,en
Joslin Researchers Conduct First Trial Directly Comparing Drugs for Diabetic Macular Edema and Find All are Effective,Reliable,PUBHEALTH,Academic medical center news release,claim,dataset_label,data/raw/pubhealth,11633,"A'ndrea Elyse Messer, MS, PhD,Doug Campos-Outcalt, MD, MPA,Kevin Lomangino",en
U.S. states build stockpiles of malaria drug touted by Trump.,Reliable,PUBHEALTH,"Malaria, Health, Business, General News, Virus Outbreak, AP Top News, Understanding the Outbreak, Local governments, U.S. News, United States",claim,dataset_label,data/raw/pubhealth,7482, Brady Mccombs And Lindsay Whitehurst,en
Lawsuit challenges Florida ban on smokable medical marijuana.,Reliable,PUBHEALTH,"Tallahassee, Medical marijuana, Health, Florida, Lawsuits, Lou Gehrigs disease, Rick Scott, U.S. News",claim,dataset_label,data/raw/pubhealth,4641, Brendan Farrington,en
"On Ebola's front line, doctor finds grief and inspiration.",Reliable,PUBHEALTH,Health News,claim,dataset_label,data/raw/pubhealth,1806,Kate Kelland,en
U.S. approves 6 flu vaccines for next season.,Reliable,PUBHEALTH,Health News,claim,dataset_label,data/raw/pubhealth,8787,Susan Heavey,en
Syria confirms first coronavirus case as fears grow it could spread.,Reliable,PUBHEALTH,Health News,claim,dataset_label,data/raw/pubhealth,8139,Suleiman Al-Khalidi,en
"Regarding the risks of coronavirus transmission on an airplane, “It’s as safe as an environment as you’re going to find.”",Misinformation,PUBHEALTH,"Texas, Health Check, Coronavirus, Gary Kelly, ",claim,dataset_label,data/raw/pubhealth,26335,Victoria Knight,en
First-in-Canada Implant of Novel Sensor Device for Heart Failure Patients,Misinformation,PUBHEALTH,cardiovascular disease,claim,dataset_label,data/raw/pubhealth,10956,"Euna Bodner, MS,Christopher Labos, MD,Kathlyn Stone",en
"""Ron Fournier Says Mike Huckabee appeared in diabetes infomercials to endorse """"cures and treatments that no health agency supports.""",Reliable,PUBHEALTH,"Candidate Biography, Health Care, Science, PunditFact, Ron Fournier, ",claim,dataset_label,data/raw/pubhealth,15600,Katie Sanders,en
Half of all hospitalized seniors are suffering from malnutrition so severe that it either caused their illness or it prevents them from getting better.,Misinformation,PUBHEALTH,"Rhode Island, Health Care, Poverty, Meals on Wheels of Rhode Island, ",claim,dataset_label,data/raw/pubhealth,18340,Michael McKinney,en
India’s worst-hit state for encephalitis turning a tide.,Reliable,PUBHEALTH,"Health, General News, India, Asia, International News, South Asia, Asia Pacific",claim,dataset_label,data/raw/pubhealth,5550, Biswajeet Banerjee,en
ACLU files 1st coronavirus curfew lawsuit in Puerto Rico.,Reliable,PUBHEALTH,"Health, General News, Latin America, Caribbean, Puerto Rico, Virus Outbreak, Lawsuits",claim,dataset_label,data/raw/pubhealth,7321, Danica Coto,en
New Data Establishes Image Guided Treatment Option for Prostate Cancer as an Alternative to Surgery by Reducing Recovery Times and Lower Side Effects,Misinformation,PUBHEALTH,"Cancer,Diagnostic tests,Imaging,Prostate cancer",claim,dataset_label,data/raw/pubhealth,11201,"Sally James,Richard Hoffman, MD,Kathlyn Stone",en
"Exclusive: UK's worst case coronavirus toll is 50,000 dead but UK is not on course for that - source.",Reliable,PUBHEALTH,Health News,claim,dataset_label,data/raw/pubhealth,7877,Guy Faulconbridge,en
Lamont seeks to end religious exemption to vaccinations.,Reliable,PUBHEALTH,"Ned Lamont, Health, Measles, General News, Connecticut, Public health, United States",claim,dataset_label,data/raw/pubhealth,4016, Pat Eaton-Robb,en
"""A photograph posted on social media in March 2020 shows an authentic image of U.S. President Donald Trump's speech notes with the word """"Corona"""" scratched out and replaced in handwriting by """"Chinese.""",Reliable,PUBHEALTH,"Politics, COVID-19",claim,dataset_label,data/raw/pubhealth,35054,Dan MacGuill,en
A chart accurately shows the effectiveness of wearing face masks during the COVID-19 pandemic.,Misinformation,PUBHEALTH,"Medical, COVID-19",claim,dataset_label,data/raw/pubhealth,35275,Dan Evon,en
"Calcium Scan Can Predict Premature Death Risk, Study Says Noninvasive look at arteries may benefit people without obvious heart symptoms",Misinformation,PUBHEALTH,"HealthDay,heart disease",claim,dataset_label,data/raw/pubhealth,10364,"Andrew Holtz, MPH,Kevin Lomangino",mixed
Pediatric sickle cell study stopped early due to positive results,Misinformation,PUBHEALTH,Academic medical center news release,claim,dataset_label,data/raw/pubhealth,10613,"Ishani Ganguli, MD, MPH,Kathlyn Stone",en
"Abortion clinic seeks court order, new license to stay open.",Reliable,PUBHEALTH,"State courts, Dayton, Health, General News, Abortion, Courts, Ohio, U.S. News",claim,dataset_label,data/raw/pubhealth,5594, Kantele Franko,en
Century-old TB vaccine may work better if given in a new way.,Reliable,PUBHEALTH,"AP Top News, Health, General News, Science, Tuberculosis, Monkeys",claim,dataset_label,data/raw/pubhealth,3052, Lauran Neergaard,mixed
"U.S. soldier infected as South Korea coronavirus cases rise above 1,260.",Reliable,PUBHEALTH,Health News,claim,dataset_label,data/raw/pubhealth,7954,"Josh Smith, Sangmi Cha",en
Johns Hopkins Scientists Advance a Novel Urine Test to Predict High-Risk Cervical Cancer,Reliable,PUBHEALTH,"Academic medical center news release,Screening tests",claim,dataset_label,data/raw/pubhealth,11469,"Sharon Dunwoody, PhD,Steven J. Atlas, MD, MPH,Kathlyn Stone",en
"M.J. Hegar Says 1 in 5 Texans did not have health insurance coverage before the pandemic, and now “nearly 1 in 3 Texans under the age of 65 don’t have access to health care insurance.”",Reliable,PUBHEALTH,"Health Care, Texas, Coronavirus, M.J. Hegar, ",claim,dataset_label,data/raw/pubhealth,25873,Madlin Mekelburg,en
"Fitness fundamentals still challenge Americans, poll finds.",Reliable,PUBHEALTH,Health News,claim,dataset_label,data/raw/pubhealth,2285,Dorene Internicola,en
"""The White House sent out text messages in mid-March 2020 informing people that a """"mandatory quarantine"""" in U.S. would start within 48 hours. """,Misinformation,PUBHEALTH,"Medical, COVID-19",claim,dataset_label,data/raw/pubhealth,35136,Dan Evon,en
Lawsuit: Negligence caused Legionnaires’ outbreak at hotel.,Reliable,PUBHEALTH,"State courts, Georgia, Lawsuits, Legionnaires disease, Public health, Atlanta, Courts, Disease outbreaks, General News",claim,dataset_label,data/raw/pubhealth,5443, Kate Brumback,tl
Economists project billion-dollar Michigan budget shortfalls.,Reliable,PUBHEALTH,"Michigan, Gretchen Whitmer, Public health, Business, Virus Outbreak, General News",claim,dataset_label,data/raw/pubhealth,7435, David Eggert And John Flesher,en
"Wisconsin Legislature to consider tax cuts, water in 2020.",Reliable,PUBHEALTH,"Legislature, Cabinets, Wisconsin, Health, General News, State budgets, Marijuana, Homelessness",claim,dataset_label,data/raw/pubhealth,3691, Scott Bauer,en
One of three patients hospitalized (is) harmed by the care they receive.,Reliable,PUBHEALTH,"Georgia, Health Care, Kathleen Sebelius, ",claim,dataset_label,data/raw/pubhealth,22168,Eric Stirgus,en
NY Senate win gives Democrats a lock on Albany. So now what?.,Reliable,PUBHEALTH,"Albany, Health care reform, Marijuana, Universal health care, New York, Gun politics, Laws",claim,dataset_label,data/raw/pubhealth,7196, David Klepper,en
£1.8 billion of money announced for the NHS over the next five years isn’t all new money.,Misinformation,PUBHEALTH,health,claim,dataset_label,data/raw/pubhealth,41638,Claire Milne,en
"UN: Possible to eradicate malaria, but probably not soon.",Reliable,PUBHEALTH,"Malaria, Health, General News, Africa, International News, Business, Europe",claim,dataset_label,data/raw/pubhealth,7492, Maria Cheng,en
Tunisia: 12 infants die of hospital-acquired infection.,Reliable,PUBHEALTH,"Africa, Tunisia, Health, Tunis",claim,dataset_label,data/raw/pubhealth,7102, Bouazza Ben Bouazza,en
"The CDC readjusted the COVID-19 death toll from 60,000 down to 37,000.",Misinformation,PUBHEALTH,"Politics, COVID-19",claim,dataset_label,data/raw/pubhealth,35347,David Mikkelson,en
"An amazing 5,400 jobs were lost in the first 12 months of the (smoking) ban’s implementation in Ohio’s hospitality industry alone.",Misinformation,PUBHEALTH,"Georgia, Public Health, Chris McCalla, ",claim,dataset_label,data/raw/pubhealth,21409,Chris Joyner,en
The health insurance industry has “agreed to waive all co-payments for coronavirus treatments.”,Misinformation,PUBHEALTH,"Health Care, Coronavirus, Donald Trump, ",claim,dataset_label,data/raw/pubhealth,26696,Shefali Luthra,en
"Whistleblower: US still lacks virus plan, Americans at risk.",Reliable,PUBHEALTH,"AP Top News, Understanding the Outbreak, Health, General News, Politics, Racing for a Remedy, Virus Outbreak",claim,dataset_label,data/raw/pubhealth,7467, Ricardo Alonso-Zaldivar And Richard Lardner,tl
"Taillon, Bettis face off after bonding over cancer battles.",Reliable,PUBHEALTH,"Baseball, Colorado, Cancer, MLB baseball, North America, Health, Jameson Taillon, Chad Bettis",claim,dataset_label,data/raw/pubhealth,6981, Pat Graham,en
Taking cholesterol medication before aneurysm repair improves outcomes,Misinformation,PUBHEALTH,"cardiovascular disease,University news release",claim,dataset_label,data/raw/pubhealth,9925,"William Heisel,A'ndrea Elyse Messer, MS, PhD,Kathlyn Stone",en
Vaping increases the risk of lung disease by a third: U.S. study.,Reliable,PUBHEALTH,Health News,claim,dataset_label,data/raw/pubhealth,485,Julie Steenhuysen,en
"""William G. Batchelder Says a """"Canadian provincial prime minister came to Ohio for his medical treatment because of the delay in Canadian health care which would have endangered his life.""",Misinformation,PUBHEALTH,"Ohio, Health Care, William G. Batchelder, ",claim,dataset_label,data/raw/pubhealth,22710,Aaron Marshall,en
Obamacare is going to increase the divorce rate.,Misinformation,PUBHEALTH,"Health Care, Marriage, PunditFact, Rush Limbaugh, ",claim,dataset_label,data/raw/pubhealth,17610,Katie Sanders,en
Thinking differently: Autism finds space in the workplace.,Reliable,PUBHEALTH,Health News,claim,dataset_label,data/raw/pubhealth,2508,"Kate Kelland, Health, Science Correspondent",en
Africa readies for new virus as cases confirmed on continent.,Reliable,PUBHEALTH,"Ebola virus, Algeria, Health, General News, Senegal, Africa, International News, Business, China, United Nations, Dakar, Nigeria, Virus Outbreak, Public health",claim,dataset_label,data/raw/pubhealth,7501, Rodney Muhumuza And Carley Petesch,en
"""Mike Pence Says Hillary Clinton and Tim Kaine """"want to expand (Obamacare) into a single-payer program.""",Misinformation,PUBHEALTH,"National, Drugs, Health Care, History, Mike Pence, ",claim,dataset_label,data/raw/pubhealth,13398,C. Eugene Emery Jr.,en
Switzerland's Roche joins global race to make coronavirus antibody tests.,Reliable,PUBHEALTH,Health News,claim,dataset_label,data/raw/pubhealth,8295,John Miller,en
"""Johns Hopkins University published this """"excellent summary"""" on avoiding COVID-19.""",Misinformation,PUBHEALTH,"Medical, COVID-19",claim,dataset_label,data/raw/pubhealth,35223,Dan Evon,en
Most funding for tuberculosis research (is) provided by the U.S. National Institutes for Health.,Reliable,PUBHEALTH,"Global News Service, Federal Budget, Foreign Policy, Public Health, Marcus Low, ",claim,dataset_label,data/raw/pubhealth,14346,Jon Greenberg,en
"Samoa extends measles state of emergency, NZ to fund Pacific vaccination campaign.",Reliable,PUBHEALTH,Health News,claim,dataset_label,data/raw/pubhealth,489,Will Ziebell,en
White House unveils $2.5B emergency coronavirus plan.,Reliable,PUBHEALTH,"Virus Outbreak, Health, General News, Politics, Infectious diseases, Science, Travel, U.S. News, Ebola virus, Donald Trump",claim,dataset_label,data/raw/pubhealth,7505, Andrew Taylor,en
Medicaid expansion has saved Montana $30 million.,Reliable,PUBHEALTH,"Montana, Medicaid, Health care services",claim,dataset_label,data/raw/pubhealth,3876, Amy Beth Hanson,en
Scientists urge UK to fortify flour with folic acid to limit birth defects.,Reliable,PUBHEALTH,Health News,claim,dataset_label,data/raw/pubhealth,1342,Kate Kelland,en
President Obama . . . wants to mandate circumcision.,Misinformation,PUBHEALTH,"National, Health Care, Pundits, Rush Limbaugh, ",claim,dataset_label,data/raw/pubhealth,24569,Catharine Richert,en
Planned Parenthood Florida gives transgender hormone therapy.,Reliable,PUBHEALTH,"Planned Parenthood, Miami, Fort Lauderdale, Florida, Health",claim,dataset_label,data/raw/pubhealth,7298, Kelli Kennedy,en
The cost-saving measures we put into place at Columbia/HCA drove down national health care inflation from 18% to 8% in seven years.,Misinformation,PUBHEALTH,"Health Care, Florida, Rick Scott, ",claim,dataset_label,data/raw/pubhealth,22876,Amy Sherman,mixed
Video of man using an air-quality monitor proves that people are “not getting enough oxygen” while wearing masks,Misinformation,PUBHEALTH,"Public Health, Facebook Fact-checks, Coronavirus, Facebook posts, ",claim,dataset_label,data/raw/pubhealth,26019,Emily Venezky,en
"A woman who appeared in New York after Hillary Clinton left a 9/11 memorial service for medical reasons was body double Teresa Barnwell, not Clinton herself.",Misinformation,PUBHEALTH,"Fauxtography, clinton health, hillary's body double, politics",claim,dataset_label,data/raw/pubhealth,32289,Kim LaCapria,en
Breast Cancer Screenings Still Best for Early Detection,Misinformation,PUBHEALTH,"breast cancer,screening",claim,dataset_label,data/raw/pubhealth,9451,"Joann Rodgers, MS,Deanna Attai, MD, FACS,Joy Victory",en
Diabetes battle 'being lost' as cases hit record 382 million.,Reliable,PUBHEALTH,Health News,claim,dataset_label,data/raw/pubhealth,2426,Ben Hirschler,en
Can Washington deliver on drug costs amid impeachment probe?.,Reliable,PUBHEALTH,"Hillary Clinton, AP Top News, Health care industry, Health, General News, Legislation, Politics, Impeachments, Prescription drug costs, Business, Prescription drugs, Prices, Medicare, Trump impeachment inquiry, Donald Trump",claim,dataset_label,data/raw/pubhealth,3784, Ricardo Alonso-Zaldivar,en
"Diabetes, lung and heart disease common in U.S. coronavirus patients: CDC.",Reliable,PUBHEALTH,Health News,claim,dataset_label,data/raw/pubhealth,7987,Gene Emery,en
India’s capital restricts cars as people choke in dirty air.,Reliable,PUBHEALTH,"International News, General News, India, Air pollution, Public health, Health, Asia Pacific, New Delhi, Air quality, Pollution",claim,dataset_label,data/raw/pubhealth,3169, Sheikh Saaliq,en
Hong Kong to add mystery illness to reportable diseases.,Reliable,PUBHEALTH,"Wuhan, Pneumonia, General News, Health, Hong Kong",claim,dataset_label,data/raw/pubhealth,3735, Alice Fung And Yanan Wang,en
"In 1965 a 'grossly obese' man survived without eating for one year and 17 days, living entirely off his body fat and supplemental vitamins.",Reliable,PUBHEALTH,"Medical, weight loss",claim,dataset_label,data/raw/pubhealth,27277,Alex Kasprak,en
Trump plan would channel prescription discounts to patients.,Reliable,PUBHEALTH,"Medication, Alex Azar, Health, Politics, North America, Prescription drug costs, Business, Medicare, Prices, Prescription drugs, Donald Trump",claim,dataset_label,data/raw/pubhealth,3799, Ricardo Alonso-Zaldivar,en
"Medicaid spending declined by 1.9 percent in 2012, the second such decline in 47 years.",Reliable,PUBHEALTH,"Georgia, Medicaid, Kathleen Sebelius, ",claim,dataset_label,data/raw/pubhealth,18039,Eric Stirgus,en
Fitness experts extol machine-less workout.,Reliable,PUBHEALTH,Health News,claim,dataset_label,data/raw/pubhealth,2432,Dorene Internicola,en
New Delhi and scores of Indian districts under lockdown to contain coronavirus spread.,Reliable,PUBHEALTH,Health News,claim,dataset_label,data/raw/pubhealth,8137,"Abhirup Roy, Sankalp Phartiyal",en
U.S. hospitals hit with shortage of intravenous saline.,Reliable,PUBHEALTH,Health News,claim,dataset_label,data/raw/pubhealth,2786,Susan Kelly,en
"VA data show veteran suicide highest in US West, rural areas.",Reliable,PUBHEALTH,"Access to health care, Health, Politics, North America, Veterans, Veterans affairs",claim,dataset_label,data/raw/pubhealth,5804, Hope Yen,en
"J&J, plaintiffs 'close' to deal on Pinnacle hip implant lawsuits: lawyer.",Reliable,PUBHEALTH,Health News,claim,dataset_label,data/raw/pubhealth,402,Tina Bellon,en
Surgeon General: Federal drug classification needs changes.,Reliable,PUBHEALTH,"Alex Azar, Health, Boston, North America, Legal Marijuana, Michael Pence",claim,dataset_label,data/raw/pubhealth,6688, Philip Marcelo,en
We've done more tests in eight days than South Korea has done in eight weeks.,Misinformation,PUBHEALTH,"Health Check, Donald Trump, ",claim,dataset_label,data/raw/pubhealth,26594,Shefali Luthra,en
"Hispanics in U.S. outlive whites, blacks: report.",Reliable,PUBHEALTH,Health News,claim,dataset_label,data/raw/pubhealth,2060,Julie Steenhuysen,en
"“(Barack Obama) set up anti-pandemic programs in 47 vulnerable countries as a way to protect against something like the coronavirus, exactly. Do you know that Trump closed 37 of them?”",Misinformation,PUBHEALTH,"National, Public Health, Pundits, PunditFact, Coronavirus, Joy Behar, ",claim,dataset_label,data/raw/pubhealth,26693,Bill McCarthy,en
Georgia Gov. Brian Kemp “mandates restaurants reopen”,Misinformation,PUBHEALTH,"Facebook Fact-checks, Coronavirus, Facebook posts, ",claim,dataset_label,data/raw/pubhealth,26338,Amy Sherman,en
The flu shot is dangerous and full of risks the pharmaceutical companies don't want you to know about.,Misinformation,PUBHEALTH,"Medical, anti-vaccine, flu, vaccinations",claim,dataset_label,data/raw/pubhealth,32180,Alex Kasprak,en
Spain overtakes China in coronavirus infections.,Reliable,PUBHEALTH,Health News,claim,dataset_label,data/raw/pubhealth,8659,"Clara-Laeila Laudette, Inti Landauro",en
Plutonium found in Colorado soil; 2nd test shows lower level.,Reliable,PUBHEALTH,"Colorado, Nuclear weapons, General News, Denver, Environment, Public health",claim,dataset_label,data/raw/pubhealth,5702, Dan Elliott,en
Montenegro: Dozens detained in clashes over priests’ arrests.,Reliable,PUBHEALTH,"Dusko Markovic, Religion, Podgorica, Health, Serbia, General News, Montenegro, Arrests, Europe, Virus Outbreak, Europe, Public health, International News",claim,dataset_label,data/raw/pubhealth,7380, Predrag Milic,en
"Despite horror stories, California cruise passengers won't let coronavirus spoil their fun.",Reliable,PUBHEALTH,Health News,claim,dataset_label,data/raw/pubhealth,8284,Steve Gorman,en
"The shunned: People from virus-hit city tracked, quarantined.",Reliable,PUBHEALTH,"Beijing, AP Top News, International News, General News, Wuhan, Health, Coronavirus, Travel, Asia Pacific, Virus Outbreak, Weekend Reads",claim,dataset_label,data/raw/pubhealth,7316, Dake Kang,en
Mangoes helped improve cardiovascular and gut health in women,Misinformation,PUBHEALTH,"cardiovascular disease,mango,National Mango Board",claim,dataset_label,data/raw/pubhealth,8993,"Matt Shipman,Yoni Freedhoff, MD,Kathlyn Stone",en
Wheaties cereal sticks to magnets because it has metal flakes.,Reliable,PUBHEALTH,"Food, alternative health, food, natural news",claim,dataset_label,data/raw/pubhealth,27606,Bethania Palma,en
Oregon imposes temporary ban on some vaping products.,Reliable,PUBHEALTH,"Kate Brown, Health, General News, Marijuana, Oregon, U.S. News",claim,dataset_label,data/raw/pubhealth,6629, Andrew Selsky,en
"Portugal extends coronavirus lockdown, promises masks and hand gel.",Reliable,PUBHEALTH,Health News,claim,dataset_label,data/raw/pubhealth,8417,"Catarina Demony, Victoria Waldersee",en
U.S. to seize exports of masks and gloves amid coronavirus crisis.,Reliable,PUBHEALTH,Health News,claim,dataset_label,data/raw/pubhealth,8330,Ted Hesson,en
Jury deliberating in Utah case involving major opioid ring.,Reliable,PUBHEALTH,"Opioids, General News, Utah, Prescription drugs, Salt Lake City, U.S. News",claim,dataset_label,data/raw/pubhealth,3844, Lindsay Whitehurst,en
"""An association of pediatricians """"admitted"""" that HPV vaccine Gardasil causes ovarian """"failure"""" or cancer.""",Misinformation,PUBHEALTH,"Medical, american college of pediatricians, gardasil, warnings",claim,dataset_label,data/raw/pubhealth,33017,Kim LaCapria,en
Canada police probing 'possible policy breaches' at National Microbiology Lab.,Reliable,PUBHEALTH,Health News,claim,dataset_label,data/raw/pubhealth,2214,Moira Warburton,tl
Scientists win Nobel for mapping body's 'cell traffic' system.,Reliable,PUBHEALTH,Health News,claim,dataset_label,data/raw/pubhealth,2437,"Niklas Pollard, Julie Steenhuysen",en
"Mental health issues in Hong Kong surging amid tumultuous protests, experts say.",Reliable,PUBHEALTH,Health News,claim,dataset_label,data/raw/pubhealth,939,Farah Master,en
Experimental Drug Shows Promise Against Type 2 Diabetes,Reliable,PUBHEALTH,"Diabetes,HealthDay",claim,dataset_label,data/raw/pubhealth,9792,"William Heisel,Gary Schwitzer",en
Not a square to spare: Australian shops ration toilet paper amid coronavirus panic.,Reliable,PUBHEALTH,Health News,claim,dataset_label,data/raw/pubhealth,7935,"Ron Kaye, Colin Packham",en
The FDA has ruled that homeopathic drugs are now illegal.,Misinformation,PUBHEALTH,"Medical, alternative health, big pharma, FDA",claim,dataset_label,data/raw/pubhealth,30633,Alex Kasprak,en
Mets GM Sandy Alderson steps down after cancer returns.,Reliable,PUBHEALTH,"Baseball, Jeff Wilpon, Health, New York Mets, North America, MLB baseball, Sports, New York, Sandy Alderson",claim,dataset_label,data/raw/pubhealth,4793, Mike Fitzpatrick,en
"""Blocking travel from countries with Ebola should be possible because President Barack Obama """"has sealed off Israel in the past.""",Misinformation,PUBHEALTH,"National, Ebola, Israel, Foreign Policy, Public Health, Transportation, Tim Murphy, ",claim,dataset_label,data/raw/pubhealth,16289,Louis Jacobson,en
"Doctors, and insurers too, urge patients to get medicine on hand.",Reliable,PUBHEALTH,Health News,claim,dataset_label,data/raw/pubhealth,7946,"Deena Beasley, Caroline Humer",en
Breast cancer screening failure may have shortened 270 lives in England.,Reliable,PUBHEALTH,Health News,claim,dataset_label,data/raw/pubhealth,1321,Estelle Shirbon,mixed
"“Until this week, they [OSHA] weren’t even enforcing these guidelines [for coronavirus]. Still today, OSHA is not specifying which rules employees must follow or how to keep their workers safe and healthy.”",Reliable,PUBHEALTH,"Corrections and Updates, Workers, Health Check, Coronavirus, Joe Biden, ",claim,dataset_label,data/raw/pubhealth,26435,Victoria Knight,en
"Instagram posts Says Donald Trump “cut funding to the CDC,” “fired the Pandemic Response Team,” “refused WHO tests” and “wasted two weeks calling this outbreak a ‘Democrat hoax.’”",Misinformation,PUBHEALTH,"Public Health, Facebook Fact-checks, Coronavirus, Instagram posts, ",claim,dataset_label,data/raw/pubhealth,26661,Daniel Funke,en
Mark Sickles Says 70 percent of Virginia’s Medicaid cost is for seniors in nursing homes.,Misinformation,PUBHEALTH,"Medicaid, Virginia, Mark Sickles, ",claim,dataset_label,data/raw/pubhealth,16774,Nancy Madsen,en
Health Buzz: Common Painkiller Fights Cancer; Diclofenac could be the next cancer treatment.,Misinformation,PUBHEALTH,"Cancer,U.S. News & World Report",claim,dataset_label,data/raw/pubhealth,10280,"Sally James,Doug Campos-Outcalt, MD, MPA,Kevin Lomangino",en
Key health websites blindfold consumers on tobacco product risks,Misinformation,PUBHEALTH,Academic medical center news release,claim,dataset_label,data/raw/pubhealth,10182,"Michael Bierer MD, MPH,Kathlyn Stone",en
"“If you have had a flu shot in the last 3-5 years, you will probably test positive” for COVID-19.",Misinformation,PUBHEALTH,"Facebook Fact-checks, Coronavirus, Viral image, ",claim,dataset_label,data/raw/pubhealth,26259,Ciara O'Rourke,en
A study proved you're thousands of times more likely to be killed by a doctor than a gun in the United States.,Misinformation,PUBHEALTH,"Politics Guns, doctors vs. guns, guns, inquisitr",claim,dataset_label,data/raw/pubhealth,33083,Kim LaCapria,en
Ireland may ease coronavirus restrictions from mid-April.,Reliable,PUBHEALTH,Health News,claim,dataset_label,data/raw/pubhealth,8032,Padraic Halpin,mixed
"Heavy smog, worsened by weather, raises alarm across Asia.",Reliable,PUBHEALTH,"Weather patterns, Health, Asia, Bangkok, International News, Weather, Asia Pacific, Thailand, Smog, Air quality, Pollution",claim,dataset_label,data/raw/pubhealth,6399, Tassanee Vejpongsa And Kaweewit Kaewjinda,en
"For women, battle of bulge just got tougher.",Reliable,PUBHEALTH,Health News,claim,dataset_label,data/raw/pubhealth,2144,Julie Steenhuysen,en
Ordinary use of canola oil is dangerous to consumers.,Misinformation,PUBHEALTH,Medical,claim,dataset_label,data/raw/pubhealth,33814,Snopes Staff,en
Health program offers free HIV prevention drug to uninsured.,Reliable,PUBHEALTH,"Alex Azar, Epidemics, General News, Politics, Health, Business",claim,dataset_label,data/raw/pubhealth,3702, Lauran Neergaard,en
"""U.S. Sen. Lindsey Graham said, """"President Trump probably knows more about medicine and specifically viruses than any of the so-called scientists at the NIH and CDC.""",Misinformation,PUBHEALTH,"Politics, COVID-19",claim,dataset_label,data/raw/pubhealth,35157,Dan Evon,mixed
“We inherited a broken test” for COVID-19.,Misinformation,PUBHEALTH,"National, Coronavirus, Donald Trump, ",claim,dataset_label,data/raw/pubhealth,26575,Jon Greenberg,en
Prebiotics in infant formula could improve learning and memory and alter brain chemistry.,Misinformation,PUBHEALTH,"infant nutrition,prebiotics,University of Illinois",claim,dataset_label,data/raw/pubhealth,9044,"Alan Cassels,Virginia A. Moyer, MD,Kathlyn Stone",en
The United States death rate is two-and-a-half times higher for those who do not have a high school education.,Reliable,PUBHEALTH,"Georgia, Education, Health Care, Regina Benjamin, ",claim,dataset_label,data/raw/pubhealth,21527,Willoughby Mariano,en
Italy in coronavirus lockdown as deaths soar and economy fades.,Reliable,PUBHEALTH,Health News,claim,dataset_label,data/raw/pubhealth,7923,"Angelo Amante, Crispian Balmer",en
Psychopaths can be identified by the answer they give to a one-question test.,Misinformation,PUBHEALTH,"Medical, Medical Myths, Seeking Asylum",claim,dataset_label,data/raw/pubhealth,33333,Snopes Staff,en
Chinese official: Pig fever outbreak ‘complicated and grim’.,Reliable,PUBHEALTH,"Health, General News, Asia, Financial markets, Business, China, Asia Pacific, Disease outbreaks, Agriculture",claim,dataset_label,data/raw/pubhealth,5444, Sam Mcneil,en
"""In Massachusetts, """"half of the primary care doctors are not accepting new patients.""",Reliable,PUBHEALTH,"National, Health Care, John Fleming, ",claim,dataset_label,data/raw/pubhealth,17765,Louis Jacobson,en
"When one person sneezes, it goes all the way through the aircraft.",Misinformation,PUBHEALTH,"National, Health Care, Transportation, Joe Biden, ",claim,dataset_label,data/raw/pubhealth,24716,Angie Drobnic Holan,en
"""A photograph shows a foot after """"Cinderella Surgery.""",Misinformation,PUBHEALTH,"Fauxtography, cinderella, cinderella surgery, fake photo",claim,dataset_label,data/raw/pubhealth,30940,Dan Evon,en
"“If the vaccine came out tomorrow, how in the heck would we get it to people? There is no game plan.”",Reliable,PUBHEALTH,"Coronavirus, Joe Biden, ",claim,dataset_label,data/raw/pubhealth,25793,Amy Sherman,en
Democrats in New York stashed ventilators in a warehouse in an effort to make the COVID-19 pandemic worse.,Misinformation,PUBHEALTH,"Politics, COVID-19",claim,dataset_label,data/raw/pubhealth,35219,Bethania Palma,en
WHO warns against use of electronic cigarettes.,Reliable,PUBHEALTH,Health News,claim,dataset_label,data/raw/pubhealth,8742,Stephanie Nebehay,en
Coronavirus could erode global fight against other diseases.,Reliable,PUBHEALTH,"Medication, Understanding the Outbreak, International News, Ebola virus, India, Africa, Health, AP Top News, Infectious diseases, Pandemics, Tuberculosis, Asia Pacific, Virus Outbreak, General News",claim,dataset_label,data/raw/pubhealth,7421, Aniruddha Ghosal And Victoria Milko,en
"Medical-grade marijuana alone will not get that patient ‘high,’ no matter what level of THC, CBD or any other compound is found in the plant.",Misinformation,PUBHEALTH,"Public Health, Florida, Marijuana, United for Care, ",claim,dataset_label,data/raw/pubhealth,13638,Joshua Gillin,en
"A new tattoo ink changes color depending on a person's glucose levels, meaning people with diabetes can use it to check their blood sugar levels.",Reliable,PUBHEALTH,"Science, diabetes, harvard, MIT",claim,dataset_label,data/raw/pubhealth,28148,Dan MacGuill,en
"“The poor are, ironically, the most likely to be employed in the industries deemed ‘essential’ while their upper-class peers are freed to bunker down for weeks until the first death wave passes.”",Reliable,PUBHEALTH,"National, Coronavirus, Pennsylvania, Facebook posts, ",claim,dataset_label,data/raw/pubhealth,26448,Jessica Calefati,en
US faces ‘truly daunting’ challenges on needed COVID tests.,Reliable,PUBHEALTH,"AP Top News, Understanding the Outbreak, Technology, General News, Francis Collins, Politics, Virus Outbreak, Public health",claim,dataset_label,data/raw/pubhealth,7465, Ricardo Alonso-Zaldivar,en
`We are desperate’: French hospital staff confront Macron.,Reliable,PUBHEALTH,"Understanding the Outbreak, Health, General News, Paris, Emmanuel Macron, Virus Outbreak, Europe, Public health",claim,dataset_label,data/raw/pubhealth,7431, Angela Charlton,en
Hallucinogenic Drug Psilocybin Eases Existential Anxiety in People with Life-Threatening Cancer,Reliable,PUBHEALTH,"Academic medical center news release,Cancer",claim,dataset_label,data/raw/pubhealth,11497,"Matt Shipman,Harold J. DeMonaco, MS,Kathlyn Stone",en
Indiana sending virus protective items to election offices.,Reliable,PUBHEALTH,"Primary elections, Voting, Health, General News, Elections, Connie Lawson, Indiana, Virus Outbreak",claim,dataset_label,data/raw/pubhealth,7366, Tom Davies,en
Rhode Island considers permanent flavored vape products ban.,Reliable,PUBHEALTH,"Rhode Island, Charlie Baker, Health, General News, Providence, Vaping, Gina Raimondo",claim,dataset_label,data/raw/pubhealth,3500, Jennifer Mcdermott,en
Plan to import cheaper Canadian drugs advances under Trump.,Reliable,PUBHEALTH,"Seniors, Global trade, Prescription drug costs, International News, Florida, General News, Legislation, Politics, Health, Business, Prices, Canada, Donald Trump",claim,dataset_label,data/raw/pubhealth,3778, Ricardo Alonso-Zaldivar,en
"Under an 1866 Supreme Court ruling, stay-at-home orders are illegal and can be disregarded with impunity",Misinformation,PUBHEALTH,"Supreme Court, Facebook Fact-checks, Coronavirus, Facebook posts, ",claim,dataset_label,data/raw/pubhealth,26322,Emily Venezky,mixed
The forwarded email warns that someone who is believed to be HIV-positive was found putting blood into a ketchup dispenser at a fast-food restaurant. It warns to only use sealed packets of ketchup.,Misinformation,PUBHEALTH,"Medical, Warnings",claim,dataset_label,data/raw/pubhealth,40119,  Rich Buhler & Staff  ,mixed
“I see no time in the history of this country when perfectly healthy people have been basically confined to their homes or only able to do essential things as in Kansas City or St. Louis.”,Misinformation,PUBHEALTH,"Public Health, Missouri, Coronavirus, Cindy O’Laughlin, ",claim,dataset_label,data/raw/pubhealth,26370,Jack Kosowski,en
"A government panel that didn't include cancer specialists says women shouldn't receive mammograms until age 50...If government takes over health care, recommendations like these could become the law for all kinds of diseases.",Misinformation,PUBHEALTH,"National, Health Care, Women, Americans for Prosperity, ",claim,dataset_label,data/raw/pubhealth,24167,Robert Farley,en
Colorado inspections at oil and gas sites showing results.,Reliable,PUBHEALTH,"Colorado, Health, Jared Polis, Air quality, Environment, Oil and gas industry, Public health, Pollution",claim,dataset_label,data/raw/pubhealth,6848, Bruce Finley,mixed
“Trump Warns Flu Shots Are The Greatest ‘Scam’ In Medical History.”,Misinformation,PUBHEALTH," influenza, vaccine, ",claim,dataset_label,data/raw/pubhealth,42091,Chloe Wilson,en
Spain's coronavirus death rate quickens again.,Reliable,PUBHEALTH,Health News,claim,dataset_label,data/raw/pubhealth,8582,"Jesús Aguado, Joan Faus",en
Britain moves closer to legalizing medicinal use of cannabis.,Reliable,PUBHEALTH,Health News,claim,dataset_label,data/raw/pubhealth,1306,Andrew Macaskill,en
"""Facebook post Says a """"Clorox bottle claimed it could kill (the 2019 coronavirus)... before it was developed.""",Misinformation,PUBHEALTH,"Public Health, Facebook Fact-checks, Coronavirus, Facebook posts, ",claim,dataset_label,data/raw/pubhealth,26967,Daniel Funke,en
"J&J's greed helped fuel U.S. opioid crisis, Oklahoma claims at trial.",Reliable,PUBHEALTH,Health News,claim,dataset_label,data/raw/pubhealth,316,Ben Fenwick,tl
"Quotes Anthony Fauci as writing, “I reject the notion that it’s ‘just a virus’ and we’ll all get it eventually. What a careless, lazy, heartless stance.”",Misinformation,PUBHEALTH,"Facebook Fact-checks, Coronavirus, Facebook posts, ",claim,dataset_label,data/raw/pubhealth,25902,Ciara O'Rourke,en
She fought cancer and Congress for DC’s right-to-die law.,Reliable,PUBHEALTH,"Cancer, Health, Ovarian cancer, Chemotherapy, Laws",claim,dataset_label,data/raw/pubhealth,4251, Fenit Nirappil,en
Abbott to hike production of lower-cost glucose monitors as diabetes soars.,Reliable,PUBHEALTH,Health News,claim,dataset_label,data/raw/pubhealth,255,Julie Steenhuysen,en
Cancer patients get chance to create a musical legacy.,Reliable,PUBHEALTH,Health News,claim,dataset_label,data/raw/pubhealth,1674,Pavithra George,en
A photograph of non-respirator ear loop mask packaging demonstrates that such masks are ineffective at protecting against the spread of COVID-19.,Misinformation,PUBHEALTH,"Politics, COVID-19",claim,dataset_label,data/raw/pubhealth,35672,David Mikkelson,mixed
“Five veterinary labs have their CLIA certification to officially test human patients. There are a lot of labs who are doing surveillance testing that don't need the CLIA certification.”,Reliable,PUBHEALTH,"Public Health, Health Check, Coronavirus, Brett Giroir, ",claim,dataset_label,data/raw/pubhealth,25835,Julie Appleby,en
State Dept. lacked long-term care for Cuba health incidents.,Reliable,PUBHEALTH,"Health, Cuba, North America, Rex Tillerson",claim,dataset_label,data/raw/pubhealth,7145, Susannah George,en
Scientific studies demonstrate that the process of adding fluoride to public water reduces the IQ of the individuals in those areas.,Misinformation,PUBHEALTH,"Medical, david avocado wolfe, fluoride, intelligence quotient",claim,dataset_label,data/raw/pubhealth,31460,Alex Kasprak,en
"""Science is """"very certain"""" that the measles vaccine doesn't cause autism.""",Reliable,PUBHEALTH,"Public Health, PunditFact, Megyn Kelly, ",claim,dataset_label,data/raw/pubhealth,15942,Jon Greenberg,en
"There were nearly 1,000 drug-related deaths in Scotland last year.",Reliable,PUBHEALTH,health,claim,dataset_label,data/raw/pubhealth,41671,Claire Milne,en
We have 5 percent of world population. 80 percent of opioids.,Misinformation,PUBHEALTH,"Drugs, Health Care, Public Health, Missouri, Claire McCaskill, ",claim,dataset_label,data/raw/pubhealth,12522,Gary Garrison,en
Sex toy sales take off amid Colombia's coronavirus quarantine.,Reliable,PUBHEALTH,Health News,claim,dataset_label,data/raw/pubhealth,8320,Steven Grattan,en
Guinea worm disease transmission stopped in South Sudan.,Reliable,PUBHEALTH,"Chad, South Sudan, Health, North America, Africa",claim,dataset_label,data/raw/pubhealth,5988, Ben Nadler,en
"“Man visited Albany, N.Y. days before dying from coronavirus.”",Misinformation,PUBHEALTH,"Public Health, Facebook Fact-checks, New York, Coronavirus, Facebook posts, ",claim,dataset_label,data/raw/pubhealth,26756,Madison Czopek,en
"Certainly we're going to be the most restrictive state in the land … in terms of who can get medical marijuana, how it will be prescribed and how it will be achieved in terms of moving it into the marketplace.",Reliable,PUBHEALTH,"New Jersey, Drugs, Government Regulation, Public Health, Marijuana, Nicholas Scutari, ",claim,dataset_label,data/raw/pubhealth,21582,Erin O'Neill,en
Lawsuit challenges Utah ban on abortions after 18 weeks.,Reliable,PUBHEALTH,"American Civil Liberties Union, Planned Parenthood, Health, Lawsuits, Utah, U.S. Supreme Court, Salt Lake City",claim,dataset_label,data/raw/pubhealth,7303, Brady Mccombs,en
French pharma group Ipsen closes in on its next drug deals.,Reliable,PUBHEALTH,Health News,claim,dataset_label,data/raw/pubhealth,7634,Ben Hirschler,en
Do bedbugs carry superbugs?.,Reliable,PUBHEALTH,Health News,claim,dataset_label,data/raw/pubhealth,1988,Julie Steenhuysen,en
Turkey could impose stay-at-home order if coronavirus outbreak worsens.,Reliable,PUBHEALTH,Health News,claim,dataset_label,data/raw/pubhealth,8064,"Ece Toksabay, Nevzat Devranoglu",tl
Malaysia to step up coronavirus tests with Korean antigen rapid kits.,Reliable,PUBHEALTH,Health News,claim,dataset_label,data/raw/pubhealth,8434,"Rozanna Latiff, Joseph Sipalan",en
Guantanamo Bay detainees will get the H1N1 vaccine.,Reliable,PUBHEALTH,"National, Health Care, Pundits, Terrorism, Sean Hannity, ",claim,dataset_label,data/raw/pubhealth,24432,Catharine Richert,en
Vanuatu to impose coronavirus travel restrictions ahead of election.,Reliable,PUBHEALTH,Health News,claim,dataset_label,data/raw/pubhealth,8185,Kirsty Needham,en
The Hobby Lobby chain is closing all its stores in protest over a federal contraceptives mandate.,Misinformation,PUBHEALTH,"Medical, contraception, hobby lobby, obamacare",claim,dataset_label,data/raw/pubhealth,31182,David Mikkelson,en
"""The coronavirus """"snuck up on us,” adding that it is “a very unforeseen thing.”""",Misinformation,PUBHEALTH,"National, Public Health, Health Check, Coronavirus, Donald Trump, ",claim,dataset_label,data/raw/pubhealth,26638,Shefali Luthra,en
Planned Parenthood sues over Arizona abortion laws.,Reliable,PUBHEALTH,"Health, Lawsuits, Arizona, Planned Parenthood",claim,dataset_label,data/raw/pubhealth,7302, Jacques Billeaud,en
"The test of a 5G cellular network is the cause of unexplained bird deaths occurring in a park in The Hague, Netherlands.",Misinformation,PUBHEALTH,"Science, 5g, erin elizabeth, health nut news",claim,dataset_label,data/raw/pubhealth,30056,Alex Kasprak,en
Illinois lawsuit filed against top e-cigarette maker.,Reliable,PUBHEALTH,"Chicago, Health, Media, General News, Social media, Illinois, Lung disease, U.S. News, Lawsuits",claim,dataset_label,data/raw/pubhealth,4075, Michael Tarm,en
Mixing cream of tartar with orange juice will flush nicotine from your body and help you quit smoking faster.,Misinformation,PUBHEALTH,Medical,claim,dataset_label,data/raw/pubhealth,34070,Alex Kasprak,en
Scotland bans bargain-basement booze in public health move.,Reliable,PUBHEALTH,"Health, Scotland, Nicola Sturgeon, International News, Business, Europe, Public health",claim,dataset_label,data/raw/pubhealth,6383, Jill Lawless,en
New York joins states suing e-cigarette maker Juul.,Reliable,PUBHEALTH,"New York, San Francisco, Epidemics, Public health, Health, Lawsuits, General News, Vaping, U.S. News, Tobacco industry regulation",claim,dataset_label,data/raw/pubhealth,3707, Verena Dobnik,en
Love wins: wedding preparations resume in Wuhan as coronavirus lockdown lifts.,Reliable,PUBHEALTH,Health News,claim,dataset_label,data/raw/pubhealth,8419,"Brenda Goh, Thomas Suen",en
The families that are covered through the Low Income Pool is a different group of individuals than are covered by Obamacare.,Misinformation,PUBHEALTH,"Health Care, Medicaid, State Budget, Florida, Rick Scott, ",claim,dataset_label,data/raw/pubhealth,15608,Joshua Gillin,en
US says Chinese hackers might be targeting virus researchers.,Reliable,PUBHEALTH,"Understanding the Outbreak, International News, General News, Politics, Health, China, Asia Pacific, Virus Outbreak",claim,dataset_label,data/raw/pubhealth,7473, Ben Fox,en
Flu bugs growing resistance to drugs: studies.,Reliable,PUBHEALTH,Health News,claim,dataset_label,data/raw/pubhealth,8795,"Maggie Fox, Health, Science Editor",en
Pictures of President Trump suffering a stroke are being used to spread a virus that wipes computers and cellphones.,Misinformation,PUBHEALTH,"Computers, donald trump, Virus Hoaxes & Realities",claim,dataset_label,data/raw/pubhealth,30272,David Mikkelson,en
Condom shortage looms after coronavirus lockdown shuts world's top producer.,Reliable,PUBHEALTH,Health News,claim,dataset_label,data/raw/pubhealth,8277,Liz Lee,en
Sanofi sues Lilly over challenge to top diabetes drug Lantus.,Reliable,PUBHEALTH,Health News,claim,dataset_label,data/raw/pubhealth,2759,"Bill Berkrot, Natalie Huet",en
Hong Kong to quarantine all visitors to preserve success of coronavirus efforts.,Reliable,PUBHEALTH,Health News,claim,dataset_label,data/raw/pubhealth,8191,"Donny Kwok, Clare Jim",en
100% of heroin/fentanyl epidemic is because we don't have a WALL.,Misinformation,PUBHEALTH,"Immigration, Drugs, North Carolina, Ann Coulter, ",claim,dataset_label,data/raw/pubhealth,11640,Paul Specht,en
WHO officials rethink epidemic messaging amid pandemic debate.,Reliable,PUBHEALTH,Health News,claim,dataset_label,data/raw/pubhealth,8687,"Kate Kelland, Stephanie Nebehay",en
"Capitol Watch: Nurses, midwives look for clarity on abortion.",Reliable,PUBHEALTH,"Legislature, Health, Andrew Cuomo, General News, Abortion, New York, Laws",claim,dataset_label,data/raw/pubhealth,3693, Marina Villeneuve,en
HIV infections in U.S. stable but disparities exist.,Reliable,PUBHEALTH,Health News,claim,dataset_label,data/raw/pubhealth,1961,Julie Steenhuysen,en
"Zoos turn to social media to delight, raise money amid virus.",Reliable,PUBHEALTH,"AP Top News, Animals, Phoenix, Technology, Media, General News, Entertainment, Social media, Lifestyle, Business, Science, Travel, Virus Outbreak, U.S. News",claim,dataset_label,data/raw/pubhealth,7564, Terry Tang,en
"""The Paul Ryan budget proposal would """"privatize Medicare.""",Reliable,PUBHEALTH,"National, Federal Budget, Health Care, Medicare, The Agenda Project, ",claim,dataset_label,data/raw/pubhealth,22046,Louis Jacobson,en
IUDs and Hormonal Implants Remain Underused Contraceptives,Reliable,PUBHEALTH,"contraceptives,drug costs,health costs,IUD,Pregnancy,teens,women's health",claim,dataset_label,data/raw/pubhealth,9717,"Sally James,Karen Carlson, MD,Kevin Lomangino",en
We've had 27 (Ebola) outbreaks around the globe and they've never spread outside of the confines of the countries that were initially affected.,Reliable,PUBHEALTH,"Ebola, Public Health, PunditFact, Corey Hebert, ",claim,dataset_label,data/raw/pubhealth,16280,Jon Greenberg,en
"""Better Future Michigan Says Gary Peters """"supports ‘Medicare for All,’ siding with radical liberals.""",Misinformation,PUBHEALTH,"Health Care, Health Check, Better Future Michigan, ",claim,dataset_label,data/raw/pubhealth,26990,Victoria Knight,en
"“The (COVID-19) cases are going up, but it's because the testing is going up.”",Misinformation,PUBHEALTH,"Public Health, Wisconsin, Coronavirus, Chris Kapenga, ",claim,dataset_label,data/raw/pubhealth,26020,Eric Litke,en
Democrats take aim as Trump abandons drug pricing plan.,Reliable,PUBHEALTH,Health News,claim,dataset_label,data/raw/pubhealth,928,Ginger Gibson,en
Investigational CDK4/6 inhibitor abemaciclib is active against a range of cancer types,Reliable,PUBHEALTH,"Association/Society news release,Cancer",claim,dataset_label,data/raw/pubhealth,11347,"Andrew Holtz, MPH,Steven J. Atlas, MD, MPH,Kathlyn Stone",en
Reuters asks judge to release secret Propecia documents.,Reliable,PUBHEALTH,Health News,claim,dataset_label,data/raw/pubhealth,189,Dan Levine,en
Kids are rubbing Burt's Bees lip balm on their eyelids to get high.,Misinformation,PUBHEALTH,"Horrors, ASP Article, burt's bees, drugs",claim,dataset_label,data/raw/pubhealth,33336,David Mikkelson,en
"Infant deaths, poor conditions at Indian hospital spark uproar.",Reliable,PUBHEALTH,Health News,claim,dataset_label,data/raw/pubhealth,7668,Abhirup Roy,tl
The reason the U.S. documented the most COVID-19 cases in the world in 2020 was because it had tested more residents at a faster rate than any other country.,Misinformation,PUBHEALTH,"Politics Medical, COVID-19",claim,dataset_label,data/raw/pubhealth,35914,Jessica Lee,mixed
"""Health care reform """"establishes a new board of federal bureaucrats (the 'Health Benefits Advisory Committee') to dictate the health plans that all individuals must purchase.""",Misinformation,PUBHEALTH,"National, Health Care, House Republican Conference, ",claim,dataset_label,data/raw/pubhealth,24445,Angie Drobnic Holan,en
Breast cancer risk from menopause hormones may last decades.,Reliable,PUBHEALTH,"Cancer, Health, General News, Breast cancer, San Antonio, Menopause, Womens health",claim,dataset_label,data/raw/pubhealth,4238, Marilynn Marchione,mixed
Exercise May Be the Key to Better Sperm,Reliable,PUBHEALTH,"exercise,fertility,men's health",claim,dataset_label,data/raw/pubhealth,9529,"Earle Holland,Yoni Freedhoff, MD,Joy Victory",mixed
Aging a concern for many Americans but harder for women : poll.,Reliable,PUBHEALTH,Health News,claim,dataset_label,data/raw/pubhealth,2529,Patricia Reaney,en
“The COVID-19 future vaccine will come with the ID — a mark. The ID tells everyone you are free of COVID.”,Misinformation,PUBHEALTH,"Religion, Facebook Fact-checks, Coronavirus, Facebook posts, ",claim,dataset_label,data/raw/pubhealth,26249,Ciara O'Rourke,en
"As shock wears off, mental health concerns grow in Bahamas.",Reliable,PUBHEALTH,"Caribbean, AP Top News, Mental health, Hurricane Dorian, Health, General News, Storms, Latin America, Bahamas, International News, Hurricanes",claim,dataset_label,data/raw/pubhealth,6206, Dánica Coto,en
Wisconsin lawsuit blames drug makers for opioid crisis.,Reliable,PUBHEALTH,"Wisconsin, Epidemics, Lawsuits, Marketing campaigns, North America, Health",claim,dataset_label,data/raw/pubhealth,3428, Ivan Moreno,en
"“In West Virginia alone, overdoses have increased by 50% during the #COVID-19 pandemic.”",Reliable,PUBHEALTH,"West Virginia, Drugs, Health Care, Coronavirus, Carol Miller, ",claim,dataset_label,data/raw/pubhealth,25739,Patrick Orsagos,en
"""Cigarette butts """"poison babies and small children because of the nicotine in them.""",Reliable,PUBHEALTH,"Environment, Rhode Island, Children, Public Health, Karina Wood, ",claim,dataset_label,data/raw/pubhealth,15881,C. Eugene Emery Jr.,en
Yes Please to Yogurt and Cheese: The New Improved Mediterranean Diet,Misinformation,PUBHEALTH,"dairy,Mediterranean diet,University of South Australia",claim,dataset_label,data/raw/pubhealth,10917,"Chioma Ihekweazu, PhD, MPH,Yoni Freedhoff, MD,Kathlyn Stone",en
"Simple Electrocardiogram Can Determine Whether a Patient Has Major Depression or Bipolar Disorder, Study Finds",Misinformation,PUBHEALTH,"bipolar disorder,Electrocardiogram,Loyola Medicine,major depression",claim,dataset_label,data/raw/pubhealth,9063,"Euna Bodner, MS,Harold J. DeMonaco, MS,Kathlyn Stone",en
"Under a new law, doctors performing drug-induced abortions could be charged if women don’t return to them for follow-up care",Misinformation,PUBHEALTH,"Abortion, Legal Issues, Women, Wisconsin, Wisconsin Medical Society, ",claim,dataset_label,data/raw/pubhealth,20230,Dave Umhoefer,en
A widely circulated message encourages recipients to sign an online petition in support of “The Breast Cancer Protection Act” in the U.S. Congress. It would require insurance companies to cover a minimum of a 48 hour hospital stay for women who have undergone mastectomies. You are linked to Lifeline television for the petition.,Reliable,PUBHEALTH,"Government, Health / Medical, Medical, Pleas",claim,dataset_label,data/raw/pubhealth,39082,  Rich Buhler & Staff  ,en
Experts say inexpensive drug could slow heart disease for type 1 diabetic patients,Misinformation,PUBHEALTH,"metforim,Newcastle University,Type 1 diabetes treatment",claim,dataset_label,data/raw/pubhealth,9264,"Earle Holland,Dan Mayer, MD,Kathlyn Stone",en
Masks should be prioritized for health workers to avoid shortage against coronavirus: WHO.,Reliable,PUBHEALTH,Health News,claim,dataset_label,data/raw/pubhealth,8605,"Stephanie Nebehay, Silke Koltrowitz",en
U.S. President Donald Trump said that increased COVID-19 testing makes the U.S. look bad by increasing coronavirus case numbers.,Reliable,PUBHEALTH,"Politics Quotes, COVID-19",claim,dataset_label,data/raw/pubhealth,35439,David Mikkelson,en
"Concurrent chemotherapy, proton therapy improves survival in patients with advanced lung cancer",Reliable,PUBHEALTH,"lung cancer,M. D. Anderson Cancer Center,proton therapy",claim,dataset_label,data/raw/pubhealth,9115,"William Heisel,Steven J. Atlas, MD, MPH,Kathlyn Stone",en
"""Slices of lemon in a cup of hot water can save your life. The hot lemon can kill the proliferation of"""" the novel coronavirus.""",Misinformation,PUBHEALTH,"Facebook Fact-checks, Coronavirus, Chain message, ",claim,dataset_label,data/raw/pubhealth,26604,Daniel Funke,en
Buttigieg discloses ex-clients as fundraising swing begins.,Reliable,PUBHEALTH,"South Bend, New York, Politics, Pete Buttigieg, Election 2020, Business, AP Top News, Health insurance providers, General News, Indiana, Manhattan",claim,dataset_label,data/raw/pubhealth,3115, Steve Peoples And Michelle R. Smith,en
"WH blocking Fauci testimony to House panel, spokesman says.",Reliable,PUBHEALTH,"Appropriations, Health, Anthony Fauci, General News, Politics, Infectious diseases, Virus Outbreak",claim,dataset_label,data/raw/pubhealth,7417, Andrew Taylor And Darlene Superville,en
A Ray of Hope for Patients With Malignant Brain Tumors,Misinformation,PUBHEALTH,"Cancer,Conflict of interest,Devices,U.S. News & World Report",claim,dataset_label,data/raw/pubhealth,11156,"Joann Rodgers, MS,Harold J. DeMonaco, MS,Kevin Lomangino",en
Maine directs much of emergency opioid money to treatment.,Reliable,PUBHEALTH,"Addiction treatment, Health, Paul LePage, Medicaid, Maine",claim,dataset_label,data/raw/pubhealth,5249, Marina Villeneuve,en
First human clinical trial for nicotinamide riboside,Misinformation,PUBHEALTH,"dietary supplement,nicotinamide riboside,University of Iowa Health Care",claim,dataset_label,data/raw/pubhealth,9247,"Mary Chris Jaklevic,Yoni Freedhoff, MD,Kathlyn Stone",en
There is some concern that the rise in autism is the result of the preservatives that are in our vaccines.,Misinformation,PUBHEALTH," autism, CDC, vaccines, ",claim,dataset_label,data/raw/pubhealth,41808,Jessica McDonald,en
Roche's Pricey New Breast-Cancer Combo Barely Beats Old Drug,Reliable,PUBHEALTH,"Bloomberg,breast cancer,Herceptin,Perjeta",claim,dataset_label,data/raw/pubhealth,9511,"Susan Wei, PhD,Mandy Stahre, PhD,Kathlyn Stone",en
"Whether the Amendment passes or not, the medical use of marijuana is a federal criminal offense.",Reliable,PUBHEALTH,"Criminal Justice, Drugs, Health Care, States, Florida, Marijuana, Pam Bondi, ",claim,dataset_label,data/raw/pubhealth,17590,Joshua Gillin,en
Probiotics improve cognition in Alzheimer's patients,Misinformation,PUBHEALTH,"Alzheimer's disease,Fronteirs,Probiotics",claim,dataset_label,data/raw/pubhealth,9231,"Allison Dostal, PhD, RD,Kathleen Fairfield, MD, DrPH,Kathlyn Stone",en
"After health scare, Seattle’s Dipoto getting back to normal.",Reliable,PUBHEALTH,"MLB, Baseball, Seattle Mariners, Health, Jerry Dipoto",claim,dataset_label,data/raw/pubhealth,6531, Tim Booth,en
Facebook post Says this poem about people staying home was written by Kathleen O’Mara in 1869.,Misinformation,PUBHEALTH,"Facebook Fact-checks, Coronavirus, Facebook posts, ",claim,dataset_label,data/raw/pubhealth,26522,Ciara O'Rourke,en
You cannot get (Ebola) from just riding on a plane or bus.,Reliable,PUBHEALTH,"National, Ebola, Public Health, Transportation, Barack Obama, ",claim,dataset_label,data/raw/pubhealth,16242,Steve Contorno,en
Coronavirus worries have surgical masks flying off shelves in New York's Chinatown.,Reliable,PUBHEALTH,Health News,claim,dataset_label,data/raw/pubhealth,8928,Gabriella Borter,en
Roche's Tecentriq cocktail adds to lung cancer survival success,Misinformation,PUBHEALTH,lung cancer,claim,dataset_label,data/raw/pubhealth,9388,"Joann Rodgers, MS,Andrae Vandross, MD,Joy Victory",en
“Italy has decided not to treat their elderly for this virus.”,Misinformation,PUBHEALTH,"Public Health, Facebook Fact-checks, Coronavirus, Facebook posts, ",claim,dataset_label,data/raw/pubhealth,26646,Tom Kertscher,en
David A. Clarke Jr. Says coronavirus is just “the damn flu.”,Misinformation,PUBHEALTH,"Wisconsin, Coronavirus, David A. Clarke Jr., ",claim,dataset_label,data/raw/pubhealth,26637,Eric Litke,en
Teen substance abuse on rise over past 3 years: study.,Reliable,PUBHEALTH,Health News,claim,dataset_label,data/raw/pubhealth,2005,Wendell Marsh,en
"""Florida seniors are exempt"""" from losing Medicare Advantage under the federal health care bill.""",Misinformation,PUBHEALTH,"Medicare, Florida, George Pataki, ",claim,dataset_label,data/raw/pubhealth,23317,Amy Sherman,en
"Whistleblower: US failed to prepare, sought quick virus fix.",Reliable,PUBHEALTH,"U.S. News, AP Top News, Malaria, Health, General News, Politics, United Nations, Virus Outbreak, Donald Trump",claim,dataset_label,data/raw/pubhealth,7479," Ricardo Alonso-Zaldivar, Michael Balsamo And Colleen Long",en
Nucleix Announces Positive Clinical Results for Lung EpiCheck in Early Detection of Lung Cancer,Misinformation,PUBHEALTH,"lung cancer screening,Nucleix",claim,dataset_label,data/raw/pubhealth,8964,"Earle Holland,Dan Mayer, MD,Kathlyn Stone",en
West African nation of Guinea reports Lassa fever death.,Reliable,PUBHEALTH,"Liberia, Health, Guinea, Africa, Epidemics, Conakry, West Africa, Hemorrhagic fever",claim,dataset_label,data/raw/pubhealth,5085, Krista Larson And Boubacar Diallo,en
Who says you can’t eat red meat? Food advice questioned anew.,Reliable,PUBHEALTH,"Nutrition, AP Top News, Health, General News, Lifestyle, Science, U.S. News",claim,dataset_label,data/raw/pubhealth,3554, Candice Choi,en
"Tokyo seeks shop shutdowns, Kyoto warns tourists away as coronavirus threatens Japan economy.",Reliable,PUBHEALTH,Health News,claim,dataset_label,data/raw/pubhealth,8535,"Linda Sieg, Elaine Lies",en
Exclusive: South Korea set to ship coronavirus testing kits to U.S. - source.,Reliable,PUBHEALTH,Health News,claim,dataset_label,data/raw/pubhealth,8309,"Hyonhee Shin, Sangmi Cha",en
"Donald Trump Says Joe Biden “was in charge of the H1N1 Swine Flu epidemic which killed thousands of people. The response was one of the worst on record. Our response is one of the best, with fast action of border closings & a 78% Approval Rating, the highest on record. His was lowest!",Misinformation,PUBHEALTH,"Health Care, Public Health, Coronavirus, Donald Trump, ",claim,dataset_label,data/raw/pubhealth,26676,Miriam Valverde,en
"Dr. Bandy Lee, who has warned the United States that Donald Trump is dangerously impaired, lacks a medical license.",Misinformation,PUBHEALTH,"Medical, Campus Reform, daily caller, hal turner",claim,dataset_label,data/raw/pubhealth,30708,Bethania Palma,en
California college to offer non-approved meningitis vaccine.,Reliable,PUBHEALTH,Health News,claim,dataset_label,data/raw/pubhealth,2756,Sharon Bernstein,en
Teddy Roosevelt first called for (health care) reform nearly a century ago.,Reliable,PUBHEALTH,"National, Health Care, Barack Obama, ",claim,dataset_label,data/raw/pubhealth,24765,Alexander Lane,en
Indiana resisting marijuana trend of neighboring states.,Reliable,PUBHEALTH,"Legislature, Indianapolis, Medical marijuana, General News, Recreational marijuana, Marijuana, Illinois, Indiana, Ohio, Michigan",claim,dataset_label,data/raw/pubhealth,4662, Tom Davies,en
"Lure, variety of designer drugs is alarming, U.N. agency says.",Reliable,PUBHEALTH,Health News,claim,dataset_label,data/raw/pubhealth,2491,Fredrik Dahl,en
"Placing a raw, cut onion in contact with your foot overnight “purifies your blood”, removes “toxins”, and heals your body.",Misinformation,PUBHEALTH,"Medical, david avocado wolfe, onions, phosphoric acid",claim,dataset_label,data/raw/pubhealth,31771,Alex Kasprak,en
"""Alan Bates Says """"80 percent of the health care dollars are spent by 20 percent of the population.""",Reliable,PUBHEALTH,"Oregon, Health Care, Public Health, Alan Bates, ",claim,dataset_label,data/raw/pubhealth,20590,Ian K. Kullgren,en
"“There was no effort” to get American experts into China after it announced the coronavirus, and “we had one person in-country (and Trump) pulled him out of the country.”",Misinformation,PUBHEALTH,"National, China, Coronavirus, Joe Biden, ",claim,dataset_label,data/raw/pubhealth,26550,Jon Greenberg,en
"In August 2020, U.S. House Speaker Nancy Pelosi had a hair appointment at a salon in San Francisco — at a time when hair salons were forbidden to operate in the city due to COVID-19.",Reliable,PUBHEALTH,"Politics, COVID-19",claim,dataset_label,data/raw/pubhealth,35740,Dan MacGuill,mixed
"The truth is, Planned Parenthood does not provide mammograms. Planned Parenthood refers women to mammography providers, serving as the middlewoman, if you will.",Reliable,PUBHEALTH,"Georgia, Health Care, Karen Handel, ",claim,dataset_label,data/raw/pubhealth,19365,Janel Davis,en
"By ignoring a ban on performing COVID-19 autopsies, researchers in Italy discovered that the disease is caused by a bacteria — not a virus — and can simply be treated with aspirin.",Misinformation,PUBHEALTH,Medical,claim,dataset_label,data/raw/pubhealth,35544,Alex Kasprak,en
"Sorry, wrong number: Statistical benchmark comes under fire.",Reliable,PUBHEALTH,"Medication, General News, AP Top News, Science, U.S. News, Weekend Reads",claim,dataset_label,data/raw/pubhealth,3923, Malcolm Ritter,en
“Two-thirds of Americans disapprove of Donald Trump not wearing a face mask in public.”,Reliable,PUBHEALTH,"Public Health, North Carolina, Coronavirus, Darren Jackson, ",claim,dataset_label,data/raw/pubhealth,26200,Paul Specht,en
China capital to roll out tough anti-smoking laws.,Reliable,PUBHEALTH,Health News,claim,dataset_label,data/raw/pubhealth,1659,Megha Rajagopalan,en
Wisconsin charter school open to students of all abilities.,Reliable,PUBHEALTH,"Health, General News, Fond du Lac, Wisconsin, Charter schools",claim,dataset_label,data/raw/pubhealth,6800, Sarah Razner,en
"""Scientists tell us that we could have a cure in 10 years for Alzheimer's"""" were it not for """"overzealous regulators, excessive taxation and greedy litigators.""",Misinformation,PUBHEALTH,"National, Health Care, Government Regulation, Regulation, Science, Michele Bachmann, ",claim,dataset_label,data/raw/pubhealth,18617,Louis Jacobson,en
Zika vaccine shows promise for treating deadly brain cancer,Misinformation,PUBHEALTH,"American Society for Microbiology,glioblastomas,Zika vaccine",claim,dataset_label,data/raw/pubhealth,8961,"Ann Miller, PhD,Doug Campos-Outcalt, MD, MPA,Kathlyn Stone",en
"""Taxpayer-funded benefits to illegals"""" in California are """"a skyrocketing cost under Obamacare.""",Misinformation,PUBHEALTH,"Immigration, National, Candidate Biography, Elections, Federal Budget, Health Care, Message Machine 2010, Poverty, Steve Poizner, ",claim,dataset_label,data/raw/pubhealth,23953,Louis Jacobson,en
SC vows to ramp up COVID-19 testing; first in nursing homes.,Reliable,PUBHEALTH,"Columbia, Henry McMaster, General News, Business, South Carolina, Nursing homes, Virus Outbreak, Public health",claim,dataset_label,data/raw/pubhealth,7600, Jeffrey Collins,en
One fart burns 67 calories.,Misinformation,PUBHEALTH,"Medical, farting, weight loss",claim,dataset_label,data/raw/pubhealth,33161,Dan Evon,en
NIH cancer chief to serve as acting FDA commissioner.,Reliable,PUBHEALTH,"Health, Business, U.S. News, Alex Azar, Cancer",claim,dataset_label,data/raw/pubhealth,6684, Matthew Perrone,en
Topical skin creams effective to treat superficial basal cell carcinoma: New study,Reliable,PUBHEALTH,"Cancer,Journal news release",claim,dataset_label,data/raw/pubhealth,10791,"Steven J. Atlas, MD, MPH,Kathlyn Stone",en
The author of the email says her 4-year old daughter ate hand sanitizer at pre-school and was rushed to the hospital with potentially deadly alcohol intoxication.,Reliable,PUBHEALTH,"Health / Medical, Warnings",claim,dataset_label,data/raw/pubhealth,40219,  Rich Buhler & Staff  ,mixed
Experts worry CDC is sidelined in coronavirus response.,Reliable,PUBHEALTH,"AP Top News, U.S. News, Understanding the Outbreak, Health, General News, Politics, Infectious diseases, Donald Trump, Virus Outbreak, Michael Pence, Public health, U.S. News",claim,dataset_label,data/raw/pubhealth,7414," Mike Stobbe, Jason Dearen And Zeke Miller",en
"Iowa governor calls for sales tax increase, other tax cuts.",Reliable,PUBHEALTH,"Legislature, Water quality, Iowa, Constitutions, Health, General News, Environment, Kim Reynolds, Sales taxes, Constitutional amendments, Mental health",claim,dataset_label,data/raw/pubhealth,3000, David Pitt,en
At-home COVID-19 deaths may be significantly undercounted in New York City.,Reliable,PUBHEALTH,Health News,claim,dataset_label,data/raw/pubhealth,8581,Maurice Tamman,mixed
The 'Denver Post' has actually hired an editor to promote pot.,Misinformation,PUBHEALTH,"After the Fact, Alcohol, Drugs, PunditFact, Marijuana, Bill O'Reilly, ",claim,dataset_label,data/raw/pubhealth,17606,Jon Greenberg,en
Study finds possible link between sugary drinks and cancer.,Reliable,PUBHEALTH,Health News,claim,dataset_label,data/raw/pubhealth,1175,Kate Kelland,en
Lawsuit: Pentagon withholding info from veterans’ advocates.,Reliable,PUBHEALTH,"Norfolk, Mental health, Health, Lawsuits, Virginia, Post-traumatic stress disorder, U.S. News, Veterans, General News",claim,dataset_label,data/raw/pubhealth,3457, Ben Finley,en
Stave off cognitive decline with seafood,Reliable,PUBHEALTH,Academic medical center news release,claim,dataset_label,data/raw/pubhealth,10010,"Matt Shipman,Ishani Ganguli, MD, MPH,Kathlyn Stone",en
"With obesity and diabetes epidemic, Mexico braces for coronavirus.",Reliable,PUBHEALTH,Health News,claim,dataset_label,data/raw/pubhealth,8062,"Stefanie Eschenbacher, Adriana Barrera",en
Some 59 people died after a pastor gave them Dettol to drink to supposedly prevent coronavirus.,Misinformation,PUBHEALTH,"Medical, COVID-19",claim,dataset_label,data/raw/pubhealth,35665,Dan Evon,en
"In Highly Lethal Type of Leukemia, Cancer Gene Predicts Treatment Response",Reliable,PUBHEALTH,"Academic medical center news release,Cancer",claim,dataset_label,data/raw/pubhealth,10108,"A'ndrea Elyse Messer, MS, PhD,Dan Mayer, MD,Kathlyn Stone",en
Marijuana backers balk at plan to revise ballot measure.,Reliable,PUBHEALTH,"Legislature, Medical marijuana, Utah, Marijuana, Church and state, Rocky Anderson, Salt Lake City",claim,dataset_label,data/raw/pubhealth,6255, Brady Mccombs,mixed
FDA staff cautious about J&J's latest Xarelto application.,Reliable,PUBHEALTH,Health News,claim,dataset_label,data/raw/pubhealth,2871,Toni Clarke,en
US judge in Washington state blocks new Trump abortion rule.,Reliable,PUBHEALTH,"Health, Abortion, Yakima, Washington, Bob Ferguson, U.S. News",claim,dataset_label,data/raw/pubhealth,5690, Gene Johnson,en
Chinese leaders order probe over vaccine scandal.,Reliable,PUBHEALTH,"Li Keqiang, Rabies, Health, Xi Jinping, Changchun, Business, China, Media, Public health",claim,dataset_label,data/raw/pubhealth,5984, Gerry Shih,en
Cancer Drug Keytruda Keeps Some Patients Alive For 3 Years,Reliable,PUBHEALTH,"cancer treatments,immunotherapy,jimmy carter,Keytruda,melanoma,monoclonal antibody drugs",claim,dataset_label,data/raw/pubhealth,9632,"Dave Mosher,Harold J. DeMonaco, MS,Joy Victory",en
Viral image Says you can monitor yourself for COVID-19 with a breath test.,Misinformation,PUBHEALTH,"Facebook Fact-checks, Coronavirus, Viral image, ",claim,dataset_label,data/raw/pubhealth,26681,Ciara O'Rourke,en
Laser therapy with deep-sea drug kills prostate cancer in trial,Misinformation,PUBHEALTH,prostate cancer,claim,dataset_label,data/raw/pubhealth,9521,"Mary Chris Jaklevic,Richard Hoffman, MD,Joy Victory",en
Better Diets May Be Extending Americans' Lives,Reliable,PUBHEALTH,"diabetes,heart disease,limits of observational studies,obesity,weight loss",claim,dataset_label,data/raw/pubhealth,9713,"Joann Rodgers, MS,Yoni Freedhoff, MD,Kevin Lomangino",mixed
Monkey birth a step to saving fertility of boys with cancer.,Reliable,PUBHEALTH,"AP Top News, Cancer, Health, Science, University of Pittsburgh, Childhood cancer, Monkeys, U.S. News",claim,dataset_label,data/raw/pubhealth,3638, Lauran Neergaard,en
"""The animated film """"Incredibles 2"""" contains scenes that prompted an epilepsy warning at movie theaters.""",Reliable,PUBHEALTH,"Entertainment, epilepsy, health warnings, incredibles 2",claim,dataset_label,data/raw/pubhealth,27301,Dan MacGuill,mixed
McDonald's grimaces at Happy Meal lawsuit.,Reliable,PUBHEALTH,Health News,claim,dataset_label,data/raw/pubhealth,1996,Dan Levine,tl
A vaccine meant for cattle can be used to fight COVID-19.,Misinformation,PUBHEALTH,"Medical, COVID-19",claim,dataset_label,data/raw/pubhealth,35122,Dan Evon,en
"“Six months before the COVID ‘plandemic,’ Bill Gates had negotiated a $100 billion contact tracing deal with (the) Democratic congressman sponsor of bill.”",Misinformation,PUBHEALTH,"Public Health, Facebook Fact-checks, Coronavirus, Facebook posts, ",claim,dataset_label,data/raw/pubhealth,26083,Tom Kertscher,en
Brazil's Bolsonaro shocked by high number of penis amputations.,Reliable,PUBHEALTH,Health News,claim,dataset_label,data/raw/pubhealth,1090,Gabriel Stargardter,en
"(U.S. Reps.) Paul Ryan, Sean Duffy and Reid Ribble are … shutting down town hall meetings, or making their constituents pay to attend them.",Misinformation,PUBHEALTH,"Medicare, Wisconsin, Democratic Party of Wisconsin, ",claim,dataset_label,data/raw/pubhealth,21476,James B. Nelson,en
"British PM Johnson has coronavirus, self-isolates in Downing Street.",Reliable,PUBHEALTH,Health News,claim,dataset_label,data/raw/pubhealth,7976,"Guy Faulconbridge, Kate Holton, William James",en
This email says that air conditioners in 1985 to 1998 cars are dangerously toxic and are spewing a gas that is the leading cause of Alzheimer’s disease and lung cancer.,Misinformation,PUBHEALTH,"Household, Medical, Warnings",claim,dataset_label,data/raw/pubhealth,39073,  Rich Buhler & Staff  ,en
"“New Zealand let health experts” rather than politicians make decisions about how to deal with COVID-19, “and as of today they have zero COVID cases.”",Reliable,PUBHEALTH,"Public Health, Facebook Fact-checks, Coronavirus, Facebook posts, ",claim,dataset_label,data/raw/pubhealth,25976,Tom Kertscher,en
"Chris Murphy Says President Donald Trump implemented “a travel ban that just didn't work, 400,000 people got in from those countries that were subject to the restrictions.”",Misinformation,PUBHEALTH,"Immigration, China, Public Health, Coronavirus, Chris Murphy, ",claim,dataset_label,data/raw/pubhealth,26318,Bill McCarthy,en
"Because there's no local option to allow communities to ban, limit or restrict the location of pot shops, if Amendment 2 passes you can expect the seedy elements of the pot industry to move in right next door to your neighborhood, your church, your business and even your child's school.",Misinformation,PUBHEALTH,"Government Regulation, Public Health, Florida, Marijuana, Vote No On 2, ",claim,dataset_label,data/raw/pubhealth,13659,Joshua Gillin,en
Pet pig Nemo's lymphoma treatment makes research history.,Reliable,PUBHEALTH,Health News,claim,dataset_label,data/raw/pubhealth,2473,Yasmeen Abutaleb,en
Fitness websites aim to stream togetherness as well as workouts.,Reliable,PUBHEALTH,Health News,claim,dataset_label,data/raw/pubhealth,2379,Dorene Internicola,en
"To boost workforce, medical schools try to sell rural life.",Reliable,PUBHEALTH,"Health, General News, AP Top News, Medical schools, Tennessee, Bristol, U.S. News",claim,dataset_label,data/raw/pubhealth,6318, Sudhin Thanawala,en
Gene tests can provide health clues -- and needless worry.,Reliable,PUBHEALTH,"AP Top News, Health, Genetic Frontiers, North America, Science, U.S. News",claim,dataset_label,data/raw/pubhealth,7397, Malcolm Ritter,en
"3 years in, no sign of Trump’s replacement for Obamacare.",Reliable,PUBHEALTH,"AP Top News, Health, General News, Politics, Election 2020, Donald Trump, Barack Obama",claim,dataset_label,data/raw/pubhealth,3399, Aamer Madhani And Ricardo Alonso-Zaldivar,en
Utah moves to scrap state-run pot dispensary system.,Reliable,PUBHEALTH,"Medical marijuana, Health, General News, Utah, Marijuana",claim,dataset_label,data/raw/pubhealth,4922, Morgan Smith,en
"Deep brain stimulation may offer treatment for type 2 diabetes, study suggests",Reliable,PUBHEALTH,"deep brain stimulation,diabetes",claim,dataset_label,data/raw/pubhealth,9367,"Jill U. Adams,Elizabeth Russo, MD,Kevin Lomangino",mixed
"Neurologist, author Oliver Sacks dies at age 82 .",Reliable,PUBHEALTH,Health News,claim,dataset_label,data/raw/pubhealth,1634,Bill Trott,tl
"Measles-stricken New Zealand girl visited Disneyland, other California destinations.",Reliable,PUBHEALTH,Health News,claim,dataset_label,data/raw/pubhealth,805,Dan Whitcomb,en
UK report plans boost for life sciences as Brexit looms.,Reliable,PUBHEALTH,Health News,claim,dataset_label,data/raw/pubhealth,1361,Ben Hirschler,en
Group with consumer-friendly vibe pushes drugmakers’ message.,Reliable,PUBHEALTH,"AP Top News, Politics, North America, Prescription drug costs, Business, Medicare, Prescription drugs, Donald Trump",claim,dataset_label,data/raw/pubhealth,3796, Richard Lardner,en
Spending deal would end two-decade freeze on gun research.,Reliable,PUBHEALTH,"Health, General News, Violence, Politics, Donald Trump, Gun politics, Gun violence, Bills, Government spending",claim,dataset_label,data/raw/pubhealth,3084, Matthew Daly,en
US officials report a record number of tick diseases.,Reliable,PUBHEALTH,"Health, Ticks",claim,dataset_label,data/raw/pubhealth,4049, Mike Stobbe,en
India considers narrowing lockdown to coronavirus hotspots.,Reliable,PUBHEALTH,Health News,claim,dataset_label,data/raw/pubhealth,8567,"Sanjeev Miglani, Nidhi Verma",en
New diet craze offers five days of feasting for two days of famine.,Reliable,PUBHEALTH,Health News,claim,dataset_label,data/raw/pubhealth,2502,Constance Watson,en
"AP PHOTOS: In despair, French hospital interns go on strike.",Reliable,PUBHEALTH,"International News, General News, Strikes, France, Health, Business, Marseille, Europe",claim,dataset_label,data/raw/pubhealth,3188, Daniel Cole,en
New delayed-release stimulant improves morning ADHD symptoms and all-day functioning,Misinformation,PUBHEALTH,"ADHD,Journal of Child and Adolescent Psychopharmacology,methylphenidate",claim,dataset_label,data/raw/pubhealth,9086,"Earle Holland,Alan Schroeder, MD,Kathlyn Stone",en
The rate of extra investment in the NHS has fallen by 68% since 2010.,Reliable,PUBHEALTH,health,claim,dataset_label,data/raw/pubhealth,41645,Joël Reland and Grace Rahman,en
Brain injuries like Schumacher's can destroy lives: study.,Reliable,PUBHEALTH,Health News,claim,dataset_label,data/raw/pubhealth,2856,Kate Kelland,en
New Year’s resolutions may be more procrastination than motivation.,Reliable,PUBHEALTH,Health News,claim,dataset_label,data/raw/pubhealth,1736,Dorene Internicola,mixed
Love of physical activity may start in the womb,Misinformation,PUBHEALTH,"fitness,mice studies,Pregnancy",claim,dataset_label,data/raw/pubhealth,9658,"Sharon Dunwoody, PhD,Yoni Freedhoff, MD,Joy Victory",mixed
Statement reproduces President Obama's response regarding opposition to his veterans' health insurance plan.,Misinformation,PUBHEALTH,"Politics Politicians, barack obama, health insurance, veterans",claim,dataset_label,data/raw/pubhealth,33613,David Mikkelson,en
"To optimize exercise, heed your heart rate training zone.",Reliable,PUBHEALTH,Health News,claim,dataset_label,data/raw/pubhealth,1896,Dorene Internicola,en
New HPV vaccine offers greater protection against cervical cancer than current vaccine,Reliable,PUBHEALTH,"Academic medical center news release,Cancer",claim,dataset_label,data/raw/pubhealth,11422,"Harold J. DeMonaco, MS,Kevin Lomangino",en
Elisa Granato died shortly after being administered a trial vaccine for COVID-19.,Misinformation,PUBHEALTH,Medical,claim,dataset_label,data/raw/pubhealth,35306,Dan Evon,en
"Air bags, poor economy save road lives.",Reliable,PUBHEALTH,Health News,claim,dataset_label,data/raw/pubhealth,2668,"Maggie Fox, Health, Science Editor",en
"“I've always known this is a real, this is a pandemic. I've felt it was a pandemic long before it was called a pandemic.”",Misinformation,PUBHEALTH,"National, Public Health, Coronavirus, Donald Trump, ",claim,dataset_label,data/raw/pubhealth,26643,Jon Greenberg,en
Wisconsin lawmakers introduce medical marijuana bill.,Reliable,PUBHEALTH,"Wisconsin, Medical marijuana, Health, General News, Marijuana, Jon Erpenbach, Scott Walker, Bills",claim,dataset_label,data/raw/pubhealth,6793, Todd Richmond,en
"Pandemic upends life on isolated, idyllic Galapagos Islands.",Reliable,PUBHEALTH,"Financial markets, Wildlife, AP Top News, Understanding the Outbreak, Health, General News, Charles Darwin, Galapagos Islands, Latin America, Caribbean, Pandemics, Travel, Virus Outbreak, Lifestyle, Ecuador, Science",claim,dataset_label,data/raw/pubhealth,7545, Christine Armario And Adrian Vasquez,en
Ex-government health chief joins warnings about EPA proposal.,Reliable,PUBHEALTH,"Health, Politics, Environment, Business, Environmental health, Public health, Science",claim,dataset_label,data/raw/pubhealth,4261, Ellen Knickmeyer,en
Recreational marijuana becomes legal in Illinois on New Year's Day.,Reliable,PUBHEALTH,Health News,claim,dataset_label,data/raw/pubhealth,1440,Brendan O'Brien,en
Report finds cases of STDs reach all-time high in California.,Reliable,PUBHEALTH,"Sexually transmitted diseases, Los Angeles, Chlamydia, Health, North America, California, Gonorrhea, Syphilis, Public health",claim,dataset_label,data/raw/pubhealth,5845, Christopher Weber,en
New fitness centers cater to aging baby boomers.,Reliable,PUBHEALTH,Health News,claim,dataset_label,data/raw/pubhealth,2514,Dorene Internicola,en
The Obama administration left behind no playbook for dealing with pandemics for the next administration.,Misinformation,PUBHEALTH,"Politics, COVID-19",claim,dataset_label,data/raw/pubhealth,35332,David Mikkelson,en
Straight-talking Fauci explains outbreak to a worried nation.,Reliable,PUBHEALTH,"Ronald Reagan, AP Top News, Health, Anthony Fauci, General News, MERS, Politics, Infectious diseases, Virus Outbreak, Ebola virus, Donald Trump",claim,dataset_label,data/raw/pubhealth,7499, Ricardo Alonso-Zaldivar And Lauran Neergaard,en
GM begins production of ventilators for U.S. government.,Reliable,PUBHEALTH,Health News,claim,dataset_label,data/raw/pubhealth,8317,David Shepardson,en
Facebook post Says Wisconsin’s in-person election has caused a “surge” in new coronavirus cases,Misinformation,PUBHEALTH,"Health Care, Public Health, Wisconsin, Coronavirus, Facebook posts, ",claim,dataset_label,data/raw/pubhealth,26447,Eric Litke,en
"GSK to partner with Vir for potential COVID-19 treatments, invest $250 million.",Reliable,PUBHEALTH,Health News,claim,dataset_label,data/raw/pubhealth,8342,"Trisha Roy, Manas Mishra",en
Coronavirus brings no-contact food delivery to United States.,Reliable,PUBHEALTH,Health News,claim,dataset_label,data/raw/pubhealth,7956,Hilary Russ,en
Year in space put US astronaut’s disease defenses on alert.,Reliable,PUBHEALTH,"Biology, AP Top News, Genetics, Health, North America, Science, Mars, U.S. News",claim,dataset_label,data/raw/pubhealth,4462, Lauran Neergaard And Seth Borenstein,en
Animal study suggests treatment that may improve heart function in heart failure,Reliable,PUBHEALTH,"Academic medical center news release,Animal research",claim,dataset_label,data/raw/pubhealth,11566,"Matt Shipman,A'ndrea Elyse Messer, MS, PhD,Kevin Lomangino",mixed
"American Samoa declares measles outbreak, closes schools.",Reliable,PUBHEALTH,"Health, Measles, General News, Hawaii, Asia Pacific, American Samoa",claim,dataset_label,data/raw/pubhealth,4002,Fili Sagapolutele,en
The president of the United States already has the legal authority to reduce the price of many commonly used prescription drugs.,Reliable,PUBHEALTH,"Health Care, Health Check, Elizabeth Warren, ",claim,dataset_label,data/raw/pubhealth,26970,Victoria Knight,en
"I'm well aware that medical marijuana is a recognized, medical, viable treatment for this sort of [pancreas] pain condition.",Misinformation,PUBHEALTH,"Rhode Island, Candidate Biography, Drugs, Health Care, Legal Issues, Crime, Public Health, Marijuana, Robert Watson, ",claim,dataset_label,data/raw/pubhealth,22135,C. Eugene Emery Jr.,en
Taking a few sips of water every 15 mins will prevent the new coronavirus from entering your windpipe and lungs.,Misinformation,PUBHEALTH,"Medical, COVID-19",claim,dataset_label,data/raw/pubhealth,35144,Alex Kasprak,en
Mass testing to begin in Wuhan amid fears of virus comeback.,Reliable,PUBHEALTH,"Beijing, Understanding the Outbreak, Health, General News, Wuhan, China, Asia Pacific, Virus Outbreak",claim,dataset_label,data/raw/pubhealth,7469, Ken Moritsugu,en
U.S. judge limits evidence in trial over Roundup cancer claims.,Reliable,PUBHEALTH,Health News,claim,dataset_label,data/raw/pubhealth,2718,Tina Bellon,en
A recall was issued for Bumble Bee Tuna after human remains were found in the product.,Misinformation,PUBHEALTH,"Uncategorized, bumblebee tuna, health and diy tips, the racket report",claim,dataset_label,data/raw/pubhealth,32873,Dan Evon,en
“Breaking: UK Prepares For Full Lockdown After Hundreds Of New Cases — Wuhan Super Virus Updates.”,Misinformation,PUBHEALTH,"Public Health, Facebook Fact-checks, Coronavirus, Facebook posts, ",claim,dataset_label,data/raw/pubhealth,26837,Tom Kertscher,en
Toe tourniquet syndrome happens when a piece of hair or string becomes wrapped so tightly around a baby’s toes that it cuts off circulation and sometimes leads to amputation.,Reliable,PUBHEALTH,Health / Medical,claim,dataset_label,data/raw/pubhealth,38681,  Rich Buhler & Staff  ,en
Breast cancer treatment shows benefit to extended treatment with aromotase inhibitors,Reliable,PUBHEALTH,"aromatase inhibitors,breast cancer",claim,dataset_label,data/raw/pubhealth,9620,"Susan Wei, PhD,Mandy Stahre, PhD,Joy Victory",en
Drug and medical suppliers say Brexit freight plans needed urgently.,Reliable,PUBHEALTH,Health News,claim,dataset_label,data/raw/pubhealth,1249,Kate Kelland,en
Battle against coronavirus turns to Italy; Wall Street falls on pandemic fears.,Reliable,PUBHEALTH,Health News,claim,dataset_label,data/raw/pubhealth,7955,"Gabriel Crossley, Hyonhee Shin",en
Hormone therapy safe in early menopause: researchers.,Reliable,PUBHEALTH,Health News,claim,dataset_label,data/raw/pubhealth,8796,Michael Kahn,en
"""Priorities USA Action Says President Donald Trump is trying to make $451 billion in Medicare cuts """"in the middle of a deadly pandemic.""",Misinformation,PUBHEALTH,"Medicare, Health Check, Coronavirus, Priorities USA Action, ",claim,dataset_label,data/raw/pubhealth,26218,Victoria Knight,en
Elanco becomes 2nd largest animal health co after $7.6B deal.,Reliable,PUBHEALTH,"Indianapolis, Health, General News, Animal health, Business, Indiana",claim,dataset_label,data/raw/pubhealth,3966, The Associated Press,en
Preliminary Data from Study Demonstrates 94% Accuracy in Detecting Aggressive Prostate Cancer,Misinformation,PUBHEALTH,"cancer screening,prostate cancer,VolitionRx",claim,dataset_label,data/raw/pubhealth,8971,"Andrew Holtz, MPH,Steven J. Atlas, MD, MPH,Kathlyn Stone",en
Eylea outperforms Avastin for diabetic macular edema with moderate or worse vision loss,Reliable,PUBHEALTH,"diabetes,Government agency news release,Health care costs",claim,dataset_label,data/raw/pubhealth,10192,"Kathlyn Stone,Doug Campos-Outcalt, MD, MPA,Kevin Lomangino",en
Explainer: Why are some South Koreans who recovered from the coronavirus testing positive again?.,Reliable,PUBHEALTH,Health News,claim,dataset_label,data/raw/pubhealth,8423,Sangmi Cha,en
"Ford, GE to produce 50,000 ventilators in 100 days.",Reliable,PUBHEALTH,Health News,claim,dataset_label,data/raw/pubhealth,7881,Nick Carey,en
"""Of hospitals in Rick Scott’s Columbia/HCA health care company, """"A top executive said they even turned away a poor man and left him to die outside their door.""",Misinformation,PUBHEALTH,"Health Care, Message Machine 2010, Florida, Florida First Initiative, ",claim,dataset_label,data/raw/pubhealth,23865,Cristina Silva,en
High-tech lives spur back-to-basic fitness workouts.,Reliable,PUBHEALTH,Health News,claim,dataset_label,data/raw/pubhealth,2428,Dorene Internicola,en
"Dubai to support Emirates airline, halts tourist market to fight coronavirus.",Reliable,PUBHEALTH,Health News,claim,dataset_label,data/raw/pubhealth,7990,"Alexander Cornwell, Aziz  El Yaakoubi",en
"In dramatic step, Trump restricts travel from Europe to US to fight coronavirus.",Reliable,PUBHEALTH,Health News,claim,dataset_label,data/raw/pubhealth,8729,"Steve Holland, Alexandra Alper",en
Australia to fund research on medicinal cannabis as demand grows.,Reliable,PUBHEALTH,Health News,claim,dataset_label,data/raw/pubhealth,141,Lidia Kelly,en
Volunteers battle health crisis of asylum seekers in Mexico .,Reliable,PUBHEALTH,"Mexico, Health, General News, Immigration, Asylum seekers, Central America, United States",claim,dataset_label,data/raw/pubhealth,4991, Julie Watson,en
SWEAT IT OUT! SKIN PATCH AIMS TO TEST SWEAT FOR HEALTH,Misinformation,PUBHEALTH,medical devices,claim,dataset_label,data/raw/pubhealth,9533,"Mary Chris Jaklevic,Yoni Freedhoff, MD,Joy Victory",en
"""The government is closing businesses to stop the spread of coronavirus even though """"the numbers are nothing compared to H1N1 or Ebola. Everyone needs to realize our government is up to something ...”""",Misinformation,PUBHEALTH,"National, Coronavirus, Pennsylvania, Facebook posts, ",claim,dataset_label,data/raw/pubhealth,26544,Jessica Calefati,en
"Turkey's fight against coronavirus fails to heal divisions, opponents say.",Reliable,PUBHEALTH,Health News,claim,dataset_label,data/raw/pubhealth,8547,Daren Butler,en
"Arizona governor to close prison, calls for veteran tax cut.",Reliable,PUBHEALTH,"Arizona, Prisons, Health, General News, Doug Ducey",claim,dataset_label,data/raw/pubhealth,3005, Bob Christie,en
"Premier infuriated by Trump, says Canada helped US amid 9/11.",Reliable,PUBHEALTH,"Health, General News, Donald Trump, Virus Outbreak, Canada, United States",claim,dataset_label,data/raw/pubhealth,7323, Rob Gillies,en
"“The State of Florida has announced measures that all workplaces with 10 employees or more are to have paid mandatory leave to avoid the spread of COVID-19 coronavirus starting on March 6, 2020. All schools are to close for 2 weeks also from March 6th.”",Misinformation,PUBHEALTH,"Education, Florida, Facebook Fact-checks, Coronavirus, Facebook posts, ",claim,dataset_label,data/raw/pubhealth,26744,Ciara O'Rourke,en
U.S. sailor from coronavirus-hit aircraft carrier dies after contracting virus.,Reliable,PUBHEALTH,Health News,claim,dataset_label,data/raw/pubhealth,8502,"Phil Stewart, Idrees Ali",en
Promising new blood test is first of its kind to detect liver scarring,Misinformation,PUBHEALTH,"Academic medical center news release,Screening tests",claim,dataset_label,data/raw/pubhealth,10829,"Matt Shipman,Richard Hoffman, MD,Kathlyn Stone",en
Trump’s plan to curb teen vaping exempts some flavors.,Reliable,PUBHEALTH,"AP Top News, Health, General News, Politics, Marijuana, Business, Vaping, Tobacco industry regulation, Donald Trump",claim,dataset_label,data/raw/pubhealth,3757, Matthew Perrone,en
AIDS drugs prevent sexual transmission of HIV in gay men.,Reliable,PUBHEALTH,Health News,claim,dataset_label,data/raw/pubhealth,283,Kate Kelland,en
Titanium rings can be removed from swollen fingers only through amputation.,Misinformation,PUBHEALTH,Medical,claim,dataset_label,data/raw/pubhealth,33725,Snopes Staff,en
Quotes Dr. Denis Mukwege as saying he resigned from the Congolese coronavirus response team because he was ordered to fabricate COVID-19 case and death numbers.,Misinformation,PUBHEALTH,"Facebook Fact-checks, Coronavirus, Facebook posts, ",claim,dataset_label,data/raw/pubhealth,25965,Samantha Putterman,en
2 firms first to export LatAm medicinal marijuana to Europe.,Reliable,PUBHEALTH,"Global trade, AP Top News, Uruguay, Medical marijuana, Marijuana, Latin America, Caribbean, Germany, Colombia, Europe",claim,dataset_label,data/raw/pubhealth,6539, Leonardo Haberkorn,en
2 cats in NY become first US pets to test positive for virus.,Reliable,PUBHEALTH,"AP Top News, Animals, Understanding the Outbreak, Tigers, New York, Anthony Fauci, United States, Lifestyle, Infectious diseases, Science, Pets, Bronx, Virus Outbreak, General News, U.S. News",claim,dataset_label,data/raw/pubhealth,7420, Jennifer Peltz,en
Mosquitoes can transfer COVID-19 “from person to person”,Misinformation,PUBHEALTH,"Public Health, Facebook Fact-checks, Coronavirus, Facebook posts, ",claim,dataset_label,data/raw/pubhealth,26405,Amy Sherman,en
Health care legislation requires that U.S. residents be implanted with RFID microchips.,Misinformation,PUBHEALTH,"Medical, obamacare, radio frequency identification chips, RFID",claim,dataset_label,data/raw/pubhealth,33464,David Mikkelson,en
"This particular pandemic is one where I don’t think nationwide, there’s been a single fatality under 25.",Misinformation,PUBHEALTH,"Public Health, Florida, Coronavirus, Ron DeSantis, ",claim,dataset_label,data/raw/pubhealth,26505,Samantha Putterman,en
"Every other democracy in the world has a health care system that covers everybody, and we don't.",Misinformation,PUBHEALTH,"National, Health Care, Howard Dean, ",claim,dataset_label,data/raw/pubhealth,24538,Louis Jacobson,en
Arthritis pill cuts heart attack risk: study.,Reliable,PUBHEALTH,Health News,claim,dataset_label,data/raw/pubhealth,8888,Michael Kahn,en
From filmmaker to medicine courier: volunteers helped Wuhan's virus fight.,Reliable,PUBHEALTH,Health News,claim,dataset_label,data/raw/pubhealth,8601,Brenda Goh,en
"Trump extends virus guidelines, braces US for big death toll.",Reliable,PUBHEALTH,"AP Top News, Health, General News, Politics, Pandemics, Donald Trump, Virus Outbreak, Public health, Family medicine, United States",claim,dataset_label,data/raw/pubhealth,7542, Zeke Miller And Jill Colvin,en
Tests show suspected Swedish Ebola patient not infected.,Reliable,PUBHEALTH,Health News,claim,dataset_label,data/raw/pubhealth,7767,"Johan Ahlander, Niklas Pollard",en
"As wildfires get worse, smoke spreads, stokes health worries.",Reliable,PUBHEALTH,"Paradise, Health, California, Asia Pacific, Weekend Reads, General News, Wildfires, AP Top News, Fires, U.S. News",claim,dataset_label,data/raw/pubhealth,3017, Matthew Brown,en
Baby Deadline Test: Beat Your Biological Clock,Misinformation,PUBHEALTH,"biological clock,disease mongering,infertility,Pregnancy",claim,dataset_label,data/raw/pubhealth,9663,"Mandy Stahre, PhD,Dan Mayer, MD,Joy Victory",en
U.S. health officials urge Americans to prepare for spread of coronavirus.,Reliable,PUBHEALTH,Health News,claim,dataset_label,data/raw/pubhealth,8357,"Julie Steenhuysen, Diane Bartz",en
A list documents U.S. President Donald Trump's various statements about the spread of COVID-19 coronavirus disease.,Reliable,PUBHEALTH,"Politics, COVID-19",claim,dataset_label,data/raw/pubhealth,35078,Dan Evon,en
"Despite claims that you can 'keep the health care plan you like,' the Obama Administration has predicted that as many as 7 out of 10 Americans with employer-provided health coverage could lose their current health plan.",Misinformation,PUBHEALTH,"National, Health Care, Workers, Blake Farenthold, ",claim,dataset_label,data/raw/pubhealth,22669,Louis Jacobson,en
Study underlines cannabis link to psychosis.,Reliable,PUBHEALTH,Health News,claim,dataset_label,data/raw/pubhealth,2016,Kate Kelland,en
Essential oils can be poisonous to pets.,Reliable,PUBHEALTH,"Medical, ASPCA, birds, cats",claim,dataset_label,data/raw/pubhealth,27420,Arturo Garcia,en
"Exclusive: Pressed by Trump, U.S. pushed unproven coronavirus treatment guidance.",Reliable,PUBHEALTH,Health News,claim,dataset_label,data/raw/pubhealth,8636,"Marisa Taylor, Aram Roston",en
There are fewer doctors and nurses employed in mental health.,Reliable,PUBHEALTH,mental-health,claim,dataset_label,data/raw/pubhealth,40831,Claire Milne,en
"Hospitals get paid $750 for patients who die from the flu, $17,500 for COVID-19.",Misinformation,PUBHEALTH,"Medicare, Public Health, Facebook Fact-checks, Coronavirus, Facebook posts, ",claim,dataset_label,data/raw/pubhealth,26291,Tom Kertscher,en
Facebook post Says gloves shouldn’t be worn in public because “if you are wearing the same set of gloves all over town you are only spreading germs everywhere you go.”,Reliable,PUBHEALTH,"Public Health, Wisconsin, Coronavirus, Facebook posts, ",claim,dataset_label,data/raw/pubhealth,26320,Eric Litke,en
Hitting cancer early: AstraZeneca's bid to outmaneuver rivals.,Reliable,PUBHEALTH,Health News,claim,dataset_label,data/raw/pubhealth,7639,Ben Hirschler,en
U.S. compounding pharmacies start to register with FDA.,Reliable,PUBHEALTH,Health News,claim,dataset_label,data/raw/pubhealth,2899,Toni Clarke,en
Pharmacist in meningitis outbreak gets 8 years in prison.,Reliable,PUBHEALTH,"Meningitis, Health, Boston, North America, Massachusetts, Business, AP Top News, Science, Courts, Sentencing, Public health, U.S. News",claim,dataset_label,data/raw/pubhealth,5575, Alanna Durkin Richer,en
Notre Dame fire wakes the world up to dangers of lead dust.,Reliable,PUBHEALTH,"AP Top News, Travel, Paris, General News, Fires, France, Environment, International News, Business, United Nations, Health, Europe, Pollution",claim,dataset_label,data/raw/pubhealth,3186, Thomas Adamson,en
The Department of Health and Human Services is providing $160 million to the state of Pennsylvania to set up a new high-risk insurance pool program that would cover any abortion legal in the state.,Misinformation,PUBHEALTH,"Abortion, Ohio, Health Care, John Boehner, ",claim,dataset_label,data/raw/pubhealth,23683,Sabrina Eaton,en
"""The so-called doc fix in the fiscal cliff deal will cut payments """"for treating illnesses disproportionately impacting minorities, including end stage renal disease and diabetes.""",Reliable,PUBHEALTH,"Ohio, Federal Budget, Health Care, Medicaid, Medicare, Marcia Fudge, ",claim,dataset_label,data/raw/pubhealth,18932,Stephen Koff,en
Justin Bieber says he’s battling Lyme disease.,Reliable,PUBHEALTH,"Justin Bieber, Entertainment, New York, General News, Ticks, Lyme disease, Health, Celebrities, Music",claim,dataset_label,data/raw/pubhealth,3090, The Associated Press,en
"China tightens Russia border checks, approves coronavirus vaccine trials.",Reliable,PUBHEALTH,Health News,claim,dataset_label,data/raw/pubhealth,8304,"Yew Lun Tian, Huizhong Wu",en
"""President Barack Obama’s latest executive order """"mandates the apprehension and detention of Americans who merely show signs of ‘respiratory illness.’ """,Misinformation,PUBHEALTH,"Ebola, Public Health, PunditFact, Bloggers, ",claim,dataset_label,data/raw/pubhealth,16654,Jon Greenberg,en
Department of Health and Human Services appointee Charmaine Yoest repeated the false claim abortion causes breast cancer.,Reliable,PUBHEALTH,"Politics Quotes, abortion, breast cancer, charmaine yoest",claim,dataset_label,data/raw/pubhealth,28158,Kim LaCapria,en
"""Hillary Clinton cancelled a campaign event because of """"bizarre eye movements.""",Misinformation,PUBHEALTH,"Junk News, 2016 election, election 2016, health",claim,dataset_label,data/raw/pubhealth,32245,Bethania Palma,en
A wealthy Toronto lawyer bequeathed his estate to whichever woman gave birth to the most babies in the ten-year period following his death.,Reliable,PUBHEALTH,"Legal Affairs, pregnancy legends",claim,dataset_label,data/raw/pubhealth,28006,Snopes Staff,en
"In New York, confusion reigns in the emerging CBD edibles business.",Reliable,PUBHEALTH,Health News,claim,dataset_label,data/raw/pubhealth,1118,Jonathan Allen,en
GLIOBLASTOMA: ZIKA VIRUS COULD DESTROY BRAIN CANCER THAT KILLED JOHN MCCAIN,Reliable,PUBHEALTH,"vaccines,Zika virus",claim,dataset_label,data/raw/pubhealth,9333,"Ann Miller, PhD,Doug Campos-Outcalt, MD, MPA,Joy Victory",en
Historically black colleges work to help students amid virus.,Reliable,PUBHEALTH,"AP Top News, Race and ethnicity, Health, General News, Nashville, Lifestyle, Virus Outbreak, U.S. News",claim,dataset_label,data/raw/pubhealth,7370, Travis Loller,en
"Born Basic Anti-Bac hand sanitizer was recalled in the U.S. after being found to contain methanol, a poisonous chemical.",Reliable,PUBHEALTH,"Medical, COVID-19",claim,dataset_label,data/raw/pubhealth,35356,Bethania Palma,en
E-cigarette giant Juul’s campaign donations favor Democrats.,Reliable,PUBHEALTH,"AP Top News, Government regulations, Health, General News, Political action committees, Politics, Elections, Campaigns, Business",claim,dataset_label,data/raw/pubhealth,4948, Richard Lardner And Matthew Perrone,en
First-ever prostate cancer treatment uses gold nanoparticles to destroy tumorous cells,Misinformation,PUBHEALTH,Academic medical center news release,claim,dataset_label,data/raw/pubhealth,10407,"Alan Cassels,Richard Hoffman, MD,Kathlyn Stone",en
New approach to abdominal aortic aneurysm saves lives,Misinformation,PUBHEALTH,"aneurysm,medical devices",claim,dataset_label,data/raw/pubhealth,9416,"Mary Chris Jaklevic,Christopher Labos, MD,Joy Victory",en
"Outdated, dangerous childbirth practices persist in Europe.",Reliable,PUBHEALTH,"AP Top News, International News, General News, Barcelona, Health, United Nations, Europe, Weekend Reads",claim,dataset_label,data/raw/pubhealth,3149, Maria Cheng,en
"George W. Bush Says that in his first 17 months as president, the United States doubled its world-leading $500 million a year commitment to fighting global AIDS.",Reliable,PUBHEALTH,"Federal Budget, Health Care, Foreign Policy, Texas, George W. Bush, ",claim,dataset_label,data/raw/pubhealth,22840,W. Gardner Selby,en
"With health care cuts looming, low-cost magnesium a welcome option for treating depression",Misinformation,PUBHEALTH,"depression,Larner College of Medicine at the University of Vermont,magnesium",claim,dataset_label,data/raw/pubhealth,9126,"Leah Rosenbaum,Harold J. DeMonaco, MS,Kathlyn Stone",en
"In 40 years, 23,000 chemicals came on the market and only four were regulated.",Misinformation,PUBHEALTH,"Environment, Rhode Island, Public Health, Sheldon Whitehouse, ",claim,dataset_label,data/raw/pubhealth,15005,Mark Reynolds,en
Boxed in? Warren confronts tough politics of health care.,Reliable,PUBHEALTH,"Health care reform, General News, Politics, Campaigns, Election 2020, Elizabeth Warren, AP Top News, Medicare, Massachusetts, Bernie Sanders, Health",claim,dataset_label,data/raw/pubhealth,4530, Will Weissert,en
"U.S. deaths since 1/22 (2020): COVID-19: 27, flu, 4,700; abortion: 118,000.",Misinformation,PUBHEALTH,"Abortion, Public Health, Facebook Fact-checks, Coronavirus, Facebook posts, ",claim,dataset_label,data/raw/pubhealth,26608,Tom Kertscher,en
“The (corona)virus just isn’t nearly as deadly as we thought it was.”,Misinformation,PUBHEALTH,"Public Health, Pundits, PunditFact, Coronavirus, Tucker Carlson, ",claim,dataset_label,data/raw/pubhealth,26375,Bill McCarthy,en
"Philippine capital plans curfew as coronavirus deaths, infection tally spike.",Reliable,PUBHEALTH,Health News,claim,dataset_label,data/raw/pubhealth,7908,Neil Jerome Morales,en
"PM Johnson says coronavirus top priority, as first Briton dies.",Reliable,PUBHEALTH,Health News,claim,dataset_label,data/raw/pubhealth,8263,"David Milliken, Guy Faulconbridge",en
Maintaining a healthy heart through bile acids,Misinformation,PUBHEALTH,"bile acids,cardiac fibrosis,mice studies,University of Alberta Faculty of Medicine & Dentistry",claim,dataset_label,data/raw/pubhealth,9274,"Harold J. DeMonaco, MS,Edward Ward, MD,Kathlyn Stone",en
Brazil doctor urges caution on coronavirus 'game changer' drug.,Reliable,PUBHEALTH,Health News,claim,dataset_label,data/raw/pubhealth,8078,Stephen Eisenhammer,en
"""Scott Bruun Says Kurt Schrader voted to cut $500 billion from Medicare, threatening """"thousands of Oregon seniors and their access to their current coverage.""",Misinformation,PUBHEALTH,"Oregon, Health Care, Medicare, Message Machine 2010, Scott Bruun, ",claim,dataset_label,data/raw/pubhealth,23288,Janie Har,en
"""California’s proposed tobacco tax """"diverts 82 percent of the new taxes to line the pockets of wealthy special interests like insurance companies who don't have to help even one more patient.""",Misinformation,PUBHEALTH,"Elections, Public Health, Taxes, California, No on 56 campaign, ",claim,dataset_label,data/raw/pubhealth,13251,Chris Nichols,en
Capitol Watch: Health care industry awaits NY Medicaid plan.,Reliable,PUBHEALTH,"Health care industry, New York, Andrew Cuomo, General News, Medicaid",claim,dataset_label,data/raw/pubhealth,3667, Marina Villeneuve,en
"Stabenow, Peters oppose Trump’s high court nominee Kavanaugh.",Reliable,PUBHEALTH,"Access to health care, Gary Peters, Health, Michigan, Debbie Stabenow, Brett Kavanaugh, Courts, Donald Trump",claim,dataset_label,data/raw/pubhealth,5792, David Eggert,en
In 1988 author Roald Dahl penned an open letter urging parents to have their children vaccinated against measles.,Reliable,PUBHEALTH,"Politics Quotes, children's books, children's health, parenting",claim,dataset_label,data/raw/pubhealth,27832,David Mikkelson,en
Congo tracing contacts of first Ebola case in eastern city.,Reliable,PUBHEALTH,"AP Top News, Health, General News, Africa, Epidemics, Infectious diseases, Ebola virus, International News",claim,dataset_label,data/raw/pubhealth,4105, Krista Larson,en
Medicare drug plan finder can steer seniors to higher costs.,Reliable,PUBHEALTH,"Seniors, AP Top News, Health, Seema Verma, Politics, Business, Medicare, General News",claim,dataset_label,data/raw/pubhealth,4556, Ricardo Alonso-Zaldivar,en
"""Health insurance and medical costs """"are going down because of Obamacare.""",Misinformation,PUBHEALTH,"Elections, Health Care, PunditFact, Ed Schultz, ",claim,dataset_label,data/raw/pubhealth,17208,Jon Greenberg,en
U.S. President Donald Trump tapped World Wrestling Entertainment CEO Vince McMahon as an adviser on reopening the U.S. economy.,Reliable,PUBHEALTH,"Politics, COVID-19",claim,dataset_label,data/raw/pubhealth,35236,Bethania Palma,en
The cause of country music star Joe Diffie's death was lung cancer.,Misinformation,PUBHEALTH,"Entertainment, COVID-19",claim,dataset_label,data/raw/pubhealth,35272,Dan Evon,en
"Under fire over virus, Japan's Abe may seek emergency declaration.",Reliable,PUBHEALTH,Health News,claim,dataset_label,data/raw/pubhealth,8347,Linda Sieg,tl
Beyond Fitbit: The quest to develop medical-grade wearables.,Reliable,PUBHEALTH,Health News,claim,dataset_label,data/raw/pubhealth,2282,Julie Steenhuysen,en
"The government will be putting more money into the NHS over the next five years, £394 million more a week.",Reliable,PUBHEALTH,health,claim,dataset_label,data/raw/pubhealth,41640,Claire Milne,en
US FDA clears ovarian cancer drug for hard-to-treat disease.,Reliable,PUBHEALTH,"Medication, Cancer, Health, Tumors, Ovarian cancer, Clovis Oncology Inc, Chemotherapy",claim,dataset_label,data/raw/pubhealth,4256, Matthew Perrone,en
The State of Texas is funding … women’s health services at historically high levels; they just increased their level another $50 million for the next two years.,Reliable,PUBHEALTH,"Abortion, Health Care, State Budget, Women, Texas, Joe Pojman, ",claim,dataset_label,data/raw/pubhealth,15181,W. Gardner Selby,mixed
"Pill may make pizza, pasta safe for gluten-free diners",Misinformation,PUBHEALTH,"celiac disease,Gluten",claim,dataset_label,data/raw/pubhealth,9761,"Joann Rodgers, MS,Kathleen Fairfield, MD, DrPH,Kevin Lomangino",mixed
Jet dumps fuel that lands on schoolkids near Los Angeles .,Reliable,PUBHEALTH,"Los Angeles, Health, General News, Business, AP Top News, U.S. News",claim,dataset_label,data/raw/pubhealth,2968, Stefanie Dazio,en
U.S. anti-legalization group urges more access to marijuana research.,Reliable,PUBHEALTH,Health News,claim,dataset_label,data/raw/pubhealth,1662,Alex Dobuzinskis,en
"""Amid the """"crisis at our southern border,"""" there are """"reports of illegal migrants carrying deadly diseases such as … Ebola virus.""",Misinformation,PUBHEALTH,"Immigration, National, Ebola, Health Care, Public Health, Phil Gingrey, ",claim,dataset_label,data/raw/pubhealth,16749,Louis Jacobson,mixed
Michigan Gov. Gretchen Whitmer “has just been stripped of her emergency coronavirus powers by her state legislature.”,Misinformation,PUBHEALTH,"Facebook Fact-checks, Coronavirus, Instagram posts, ",claim,dataset_label,data/raw/pubhealth,26393,Daniel Funke,en
“More cops have died from COVID this year than have been killed on patrol.”,Reliable,PUBHEALTH,"National, Public Safety, Coronavirus, Joe Biden, ",claim,dataset_label,data/raw/pubhealth,25650,Jon Greenberg,en
California cannabis group wants tighter vaping-safety rules.,Reliable,PUBHEALTH,"Health, General News, Marijuana, Business, California, Gavin Newsom, Vaping, U.S. News",claim,dataset_label,data/raw/pubhealth,3939, Michael R. Blood,en
"Uganda confirms first Ebola case during current outbreak, a Congolese child: WHO.",Reliable,PUBHEALTH,Health News,claim,dataset_label,data/raw/pubhealth,7792,"Stephanie Nebehay, Elias Biryabarema",en
More than half of the births in Texas are paid for by Medicaid.,Reliable,PUBHEALTH,"Children, Medicaid, Texas, Elliott Naishtat, ",claim,dataset_label,data/raw/pubhealth,20419,W. Gardner Selby,en
"Clinical Trial Offers Natural Eczema Treatment, Using Good Bacteria to Fight the Bad",Misinformation,PUBHEALTH,"eczema,microbiome,National Jewish Health",claim,dataset_label,data/raw/pubhealth,9005,"Michael Joyce, MD,Kathleen Fairfield, MD, DrPH,Kathlyn Stone",en
U.S. President Donald Trump tweeted in 2014 that governors were making a mistake by backing off Ebola quarantines.,Reliable,PUBHEALTH,"Politics, COVID-19",claim,dataset_label,data/raw/pubhealth,35285,Dan Evon,en
Evers’ official: Ex-Planned Parenthood VP has no legal say.,Reliable,PUBHEALTH,"Wisconsin, Planned Parenthood, Health, Lawsuits, Abortion, Confirmation hearings",claim,dataset_label,data/raw/pubhealth,5184, Scott Bauer,en
China says Baxter holding up heparin investigation.,Reliable,PUBHEALTH,Health News,claim,dataset_label,data/raw/pubhealth,8809,Lindsay Beck,en
"""U.S. President Donald Trump implied the Obama administration left behind """"bad,"""" """"broken,"""" and """"obsolete"""" COVID-19 diagnostic tests.""",Reliable,PUBHEALTH,"Politics, COVID-19",claim,dataset_label,data/raw/pubhealth,35318,Bethania Palma,en
Controversial researcher’s diabetes vaccine causes improvement in small study,Reliable,PUBHEALTH,type 1 diabetes,claim,dataset_label,data/raw/pubhealth,9360,"Kim Walsh-Childers, PhD,Ishani Ganguli, MD, MPH,Joy Victory",en
Automobile components emit dangerous levels of cancer-causing benzene fumes.,Misinformation,PUBHEALTH,"Medical Do You Know the Danger of Turning on the A/C After Starting the Engine?, benzene, Toxin Du Jour",claim,dataset_label,data/raw/pubhealth,31180,David Mikkelson,en
Blood Test Finds Cancer Before Symptoms Start,Reliable,PUBHEALTH,"blood tests,cancer",claim,dataset_label,data/raw/pubhealth,9476,"Earle Holland,Kathleen Fairfield, MD, DrPH,Joy Victory",en
Many people have questioned whether ads for a weight loss supplement called Garcinia Cambogia are real.,Misinformation,PUBHEALTH,Health / Medical,claim,dataset_label,data/raw/pubhealth,38917,  Rich Buhler & Staff  ,en
Up to half of all Americans have a pre-existing condition.,Reliable,PUBHEALTH,"National, Health Care, Barack Obama, ",claim,dataset_label,data/raw/pubhealth,17887,Jon Greenberg,en
"U.S. hospitals, patients cancel elective surgery as coronavirus spreads.",Reliable,PUBHEALTH,Health News,claim,dataset_label,data/raw/pubhealth,8199,Deena Beasley,en
Western State art studio provides therapeutic asylum.,Reliable,PUBHEALTH,"Hopkinsville, Health, Painting, Ceramics",claim,dataset_label,data/raw/pubhealth,4691, Zirconia Alleyne,en
"Doctor’s report calls 77-year-old Biden ‘healthy, vigorous’.",Reliable,PUBHEALTH,"Medication, Michael Bloomberg, Health, General News, Joe Biden, Election 2020",claim,dataset_label,data/raw/pubhealth,3113, Lauran Neergard And Alexandra Jaffe,en
Justice Dept. rolls out new program to combat gun violence.,Reliable,PUBHEALTH,"AP Top News, Mental health, Health, General News, Violence, Crime, Impeachments, Tennessee, William Barr, Gun politics, Gun violence, U.S. News, Memphis, Donald Trump",claim,dataset_label,data/raw/pubhealth,3070, Adrian Sainz And Michael Balsamo,en
"A spoonful less sugar, tad more fat: US diets still lacking.",Reliable,PUBHEALTH,"Nutrition, AP Top News, Health, General News, Lifestyle, Obesity, U.S. News, Healthy eating",claim,dataset_label,data/raw/pubhealth,3555, Lindsey Tanner,en
Discovery promises new treatments to thwart colon cancer,Misinformation,PUBHEALTH,"mice studies,St. Jude Children's Research Hospital",claim,dataset_label,data/raw/pubhealth,9279,"Matt Shipman,Earle Holland,Andrew Holtz, MPH",en
"“Some states are only getting 50 tests per day, and the Utah Jazz got 58.”",Reliable,PUBHEALTH,"Public Health, Pundits, Sports, PunditFact, Coronavirus, Michael Dougherty, ",claim,dataset_label,data/raw/pubhealth,26677,Bill McCarthy,en
Toxic lead removed from Paris schools after Notre Dame fire.,Reliable,PUBHEALTH,"Lead poisoning, Paris, General News, Travel, Health, Fires, Travel, Poisoning, Europe",claim,dataset_label,data/raw/pubhealth,4036, Sylvie Corbet And Nicolas Garriga,en
"""The IRS is """"going to be in charge of our health care.""",Misinformation,PUBHEALTH,"National, Health Care, Taxes, Michele Bachmann, ",claim,dataset_label,data/raw/pubhealth,18363,Louis Jacobson,en
Lebanon to reinstate total lockdown amid spike in infections.,Reliable,PUBHEALTH,"Virus Outbreak, Religion, Understanding the Outbreak, Health, General News, Lebanon, Financial markets, Iraq, Middle East",claim,dataset_label,data/raw/pubhealth,7472, Sarah El Deeb,en
There are various versions of this one but all warn about an aggressive form of breast cancer called inflammatory breast cancer or IBC. Some of the messages also include a link to a video posted at the website of a Seattle television station.,Reliable,PUBHEALTH,"Medical, Warnings",claim,dataset_label,data/raw/pubhealth,40156,  Rich Buhler & Staff  ,mixed
Rick Perry Says his executive order requiring young girls to be vaccinated against HPV wasn't mandatory.,Misinformation,PUBHEALTH,"Families, Health Care, Texas, Rick Perry, ",claim,dataset_label,data/raw/pubhealth,24281,Ciara O'Rourke,en
“Covid-19 means ‘certificate of identification of vaccination with artificial intelligence.’”,Misinformation,PUBHEALTH,"Facebook Fact-checks, Coronavirus, Viral image, ",claim,dataset_label,data/raw/pubhealth,25649,Ciara O'Rourke,en
"Clinic CEO: Republican health care bill inefficient, costly.",Reliable,PUBHEALTH,"Health care reform, Legislation, Bill Cassidy, Health, Lindsey Graham, Cleveland, Bills, Barack Obama",claim,dataset_label,data/raw/pubhealth,4645, Dake Kang,en
US preschoolers less pudgy in latest sign of falling obesity.,Reliable,PUBHEALTH,"Nutrition, AP Top News, Health, General News, Obesity, U.S. News",claim,dataset_label,data/raw/pubhealth,3556, Lindsey Tanner,en
U. Iowa researchers project hundreds more COVID-19 deaths .,Reliable,PUBHEALTH,"Iowa, Health, General News, Iowa City, Kim Reynolds, Infectious diseases, Virus Outbreak, Restaurants",claim,dataset_label,data/raw/pubhealth,7368, Ryan J. Foley,en
Therapy proves effective in subgroup of COPD patients,Reliable,PUBHEALTH,"COPD,mepolizumab,University of Pittsburgh Schools of the Health Sciences",claim,dataset_label,data/raw/pubhealth,9091,"Earle Holland,Dan Mayer, MD,Kathlyn Stone",en
GSK's candidate shingles vaccine shows high efficacy against shingles and its complications in adults aged 70 years and over in phase III study published in NEJM,Reliable,PUBHEALTH,"GSK,shingles vaccine",claim,dataset_label,data/raw/pubhealth,9257,"Kim Walsh-Childers, PhD,Doug Campos-Outcalt, MD, MPA,Kathlyn Stone",en
China defends against incoming second wave of coronavirus.,Reliable,PUBHEALTH,Health News,claim,dataset_label,data/raw/pubhealth,8019,"Brenda Goh, Thomas Suen",en
China seeks to contain 'silent carriers' of new coronavirus.,Reliable,PUBHEALTH,Health News,claim,dataset_label,data/raw/pubhealth,8555,"Se Young Lee, Brenda Goh",en
"""Say Michelle Obama """"mandates"""" weighing children in day care.""",Misinformation,PUBHEALTH,"National, Children, Corrections and Updates, Food Safety, Government Regulation, Public Health, Bloggers, ",claim,dataset_label,data/raw/pubhealth,15764,Louis Jacobson,en
Taxpayers pay for roughly 45 percent of all births in Wisconsin! And 60 percent of the births in Milwaukee!!!,Reliable,PUBHEALTH,"Health Care, Medicaid, Wisconsin, Michelle Litjens, ",claim,dataset_label,data/raw/pubhealth,21936,Tom Kertscher,en
Trump says he went through ‘very routine physical’.,Reliable,PUBHEALTH,"Health, General News, Melania Trump, Politics, Donald Trump",claim,dataset_label,data/raw/pubhealth,3178, Kevin Freking,en
Joe Biden Says he was the first person to call for invoking the Defense Production Act.,Misinformation,PUBHEALTH,"Military, Public Health, Coronavirus, Joe Biden, ",claim,dataset_label,data/raw/pubhealth,25637,Louis Jacobson,en
"Health care, Trump among diverse stands of Colorado hopefuls.",Reliable,PUBHEALTH,"Colorado, Health, Jared Polis, Universal health care, Denver, Elections, Campaigns, Bernie Sanders, Politics, Gun politics",claim,dataset_label,data/raw/pubhealth,7197, James Anderson,en
Britain brings in army to get protective kit to health workers.,Reliable,PUBHEALTH,Health News,claim,dataset_label,data/raw/pubhealth,8251,Sarah Young,en
"A new HER2 mutation, a clinical trial and a promising diagnostic tool for metastatic breast cancer",Misinformation,PUBHEALTH,"Baylor College of Medicine,HER2,neratinib",claim,dataset_label,data/raw/pubhealth,9111,"Mandy Stahre, PhD,Deanna Attai, MD, FACS,Kathlyn Stone",en
New Zealand prepares to enter lockdown as coronavirus cases surge.,Reliable,PUBHEALTH,Health News,claim,dataset_label,data/raw/pubhealth,8131,Praveen Menon,en
Patient groups push back against Gilead's pricey HIV prevention treatment.,Reliable,PUBHEALTH,Health News,claim,dataset_label,data/raw/pubhealth,228,Deena Beasley,en
"""The U.S. Supreme Court is """"five guys who start determining what contraceptions are legal.""",Misinformation,PUBHEALTH,"National, Health Care, Sexuality, Women, Nancy Pelosi, ",claim,dataset_label,data/raw/pubhealth,16784,Louis Jacobson,en
"""There are """"10 or 20 deaths a year from foodborne illness"""" in the United States.""",Misinformation,PUBHEALTH,"Agriculture, National, Health Care, Regulation, Tom Coburn, ",claim,dataset_label,data/raw/pubhealth,22877,Louis Jacobson,en
"Like the flu? Trump's coronavirus messaging confuses public, pandemic researchers say.",Reliable,PUBHEALTH,Health News,claim,dataset_label,data/raw/pubhealth,7909,Brad Brooks,en
UT Southwestern research shows 98 percent cure rate for prostate cancer using SBRT,Misinformation,PUBHEALTH,"Hospital news release,Prostate cancer",claim,dataset_label,data/raw/pubhealth,10391,"Sally James,Richard Hoffman, MD,Kathlyn Stone",en
Eye Tracking Has High Sensitivity as a Biomarker for Concussion; Eye Tracking Detects Concussion with Sensitivity Comparable to that of Blood Tests for Heart Attack,Reliable,PUBHEALTH,"Academic medical center news release,Diagnostic tests",claim,dataset_label,data/raw/pubhealth,11381,"Joann Rodgers, MS,Steven J. Atlas, MD, MPH,Kevin Lomangino",en
State orders shutdown over lead levels at Water Gremlin.,Reliable,PUBHEALTH,"Lead poisoning, Health, General News, Minnesota, Environment, Poisoning",claim,dataset_label,data/raw/pubhealth,4030, Steve Karnowski,tl
"Coldilocks, the oldest captive polar bear in the US, dies.",Reliable,PUBHEALTH,"Polar bears, Animals, Bears, Philadelphia, Animal health, North America, Health, U.S. News",claim,dataset_label,data/raw/pubhealth,3993, Anthony Izaguirre,en
"""Fitness-Buffet"""" serves up a smorgasbord of sports.""",Reliable,PUBHEALTH,Health News,claim,dataset_label,data/raw/pubhealth,2656,Peter Myers,en
Breakthrough device heals organs with a single touch,Misinformation,PUBHEALTH,"Ohio State University Wexner Medical Center,regenerative medicine",claim,dataset_label,data/raw/pubhealth,9109,"Alan Cassels,Doug Campos-Outcalt, MD, MPA,Kathlyn Stone",en
Veterans can now download their electronic medical records with a click of the mouse.,Misinformation,PUBHEALTH,"National, Health Care, Technology, Veterans, Barack Obama, ",claim,dataset_label,data/raw/pubhealth,22684,Robert Farley,en
Malaysia expects coronavirus cases to spike as more worshippers traced.,Reliable,PUBHEALTH,Health News,claim,dataset_label,data/raw/pubhealth,8160,Joseph Sipalan,en
Lab-made “mini organs” helping doctors treat cystic fibrosis.,Reliable,PUBHEALTH,"Health, Netherlands, Europe, Genetic Frontiers, Cystic fibrosis",claim,dataset_label,data/raw/pubhealth,7407, Maria Cheng,en
WHO urges China to tackle state tobacco monopoly in battle on smoking.,Reliable,PUBHEALTH,Health News,claim,dataset_label,data/raw/pubhealth,1830,"Li Hui, Sui-Lee Wee",en
Schools reckon with social stress: ‘I’m on my phone so much’.,Reliable,PUBHEALTH,"Stress, Smartphones, Health, Media, General News, Social media, Buffalo",claim,dataset_label,data/raw/pubhealth,5095, Carolyn Thompson,en
"""Ezekiel Emanuel, one of President Obama's key health care advisers, """"says medical care should be reserved for the nondisabled. So watch out if you're disabled.""",Misinformation,PUBHEALTH,"National, Health Care, Michele Bachmann, ",claim,dataset_label,data/raw/pubhealth,24595,Robert Farley,en
President Trump is signing a law legalizing marijuana across the United States.,Misinformation,PUBHEALTH,"Medical, herb.co, marijuana, medical marijuana",claim,dataset_label,data/raw/pubhealth,30349,Kim LaCapria,en
Who gets to give dietary advice? Health coach fights law.,Reliable,PUBHEALTH,"Nutrition, AP Top News, Health, Florida, Lifestyle, U.S. News",claim,dataset_label,data/raw/pubhealth,3560, Candice Choi,en
Group wants FDA to pull J&J birth control patch.,Reliable,PUBHEALTH,Health News,claim,dataset_label,data/raw/pubhealth,8806,Susan Heavey,en
"“I, all the way back in January, warned (President Trump that) this pandemic was coming. I talked about what we needed to do.”",Reliable,PUBHEALTH,"Public Health, Coronavirus, Joe Biden, ",claim,dataset_label,data/raw/pubhealth,25914,Louis Jacobson,en
Brazil's Amazonas state warns its health system overwhelmed by coronavirus.,Reliable,PUBHEALTH,Health News,claim,dataset_label,data/raw/pubhealth,8538,Bruno  Kelly,en
Differences between the sexes stretches to fitness formulas.,Reliable,PUBHEALTH,Health News,claim,dataset_label,data/raw/pubhealth,2489,Dorene Internicola,en
Michael Doherty Says Planned Parenthood provides about 140 visits for prenatal care in each state.,Misinformation,PUBHEALTH,"New Jersey, Health Care, Michael Doherty, ",claim,dataset_label,data/raw/pubhealth,21737,Bill Wichert,en
"""Doonesbury Says 3,000 Americans """"died of gunfire"""" between the time of the Ebola scare in Dallas and the midterm elections.""",Reliable,PUBHEALTH,"Public Health, PunditFact, Guns, Doonesbury, ",claim,dataset_label,data/raw/pubhealth,16083,Jon Greenberg,en
"Nursing home deaths soar past 3,600 in alarming surge.",Reliable,PUBHEALTH,"AP Top News, Nursing homes, Understanding the Outbreak, Health, General News, Virus Outbreak, U.S. News",claim,dataset_label,data/raw/pubhealth,7609, Bernard Condon And Randy Herschaft,en
"""Washing your hands and covering your mouth when you cough """"makes a huge difference"""" in reducing transmission of the flu.""",Reliable,PUBHEALTH,"National, Health Care, Barack Obama, ",claim,dataset_label,data/raw/pubhealth,24719,Angie Drobnic Holan,en
A GOP favorite faces a Democratic groundbreaker in Vermont.,Reliable,PUBHEALTH,"Vermont, Universal health care, North America, Bernie Sanders, Gun politics, Internet access",claim,dataset_label,data/raw/pubhealth,7198, Wilson Ring,en
Donald Trump Says House Speaker Nancy Pelosi deleted a video of her telling people to go to Chinatown.,Misinformation,PUBHEALTH,"Public Health, Coronavirus, Donald Trump, ",claim,dataset_label,data/raw/pubhealth,26463,Miriam Valverde,en
Tau drug shows early promise in Alzheimer's.,Reliable,PUBHEALTH,Health News,claim,dataset_label,data/raw/pubhealth,8789,Julie Steenhuysen,en
Canadian military town prepares for coronavirus evacuees.,Reliable,PUBHEALTH,Health News,claim,dataset_label,data/raw/pubhealth,8376,"Moira Warburton, Denise Paglinawan",en
High-risk lung cancer patients may not need annual screenings,Reliable,PUBHEALTH,"Academic medical center news release,Cancer,Diagnostic tests,Screening tests",claim,dataset_label,data/raw/pubhealth,11401,"Alan Cassels,Saurabh Jha, MBBS,Kathlyn Stone",mixed
Janel Brandtjen Says Gov Tony Evers’ administration deemed dentists non-essential,Misinformation,PUBHEALTH,"Health Care, Public Health, Wisconsin, Coronavirus, Janel Brandtjen, ",claim,dataset_label,data/raw/pubhealth,26300,Nusaiba Mizan,en
Nebraska to require coronavirus plans from nursing homes.,Reliable,PUBHEALTH,"Pete Ricketts, Omaha, Health, General News, Nebraska, Nursing homes, Virus Outbreak",claim,dataset_label,data/raw/pubhealth,7369, Grant Schulte And Margery A. Beck,en
An infographic describing how to amputate a gentleman’s arm is a genuine historical document.,Misinformation,PUBHEALTH,Medical,claim,dataset_label,data/raw/pubhealth,29634,Alex Kasprak,en
The week that was: A balance of economy and public health.,Reliable,PUBHEALTH,"AP Top News, Religion, Health, General News, International News, Business, Virus Outbreak, Public health, Economy",claim,dataset_label,data/raw/pubhealth,7464, The Associated Press,en
"""Millions of Americans are """"paying more and getting less"""" under Obamacare.""",Misinformation,PUBHEALTH,"National, Health Care, Americans for Prosperity, ",claim,dataset_label,data/raw/pubhealth,17240,Steve Contorno,en
"New research has uncovered that the true cause of fibromyalgia is an excess number of specific nerves found near a specific kind of blood vessel in the hands and feet, ending the controversy over the disease’s cause and mechanism.",Misinformation,PUBHEALTH,"Medical, chronic pain, fibromyalgia, medical research",claim,dataset_label,data/raw/pubhealth,29300,Alex Kasprak,en
Trump warns Americans of a tough two weeks ahead in coronavirus fight.,Reliable,PUBHEALTH,Health News,claim,dataset_label,data/raw/pubhealth,7982,"Steve Holland, Jeff Mason",en
"Tabata metes out fitness in short, repeated flashes.",Reliable,PUBHEALTH,Health News,claim,dataset_label,data/raw/pubhealth,2519,Dorene Internicola,en
"Two-year, EU-funded Study Reveals a Medical Food in the Form of a Daily Nutritional Drink Can Help to Conserve Memory, the Ability to Think and Perform Everyday Tasks, as well as Reduce Brain Shrinkage in People with Very Early Alzheimer's Disease (AD)[1] (Pre-dementia)",Misinformation,PUBHEALTH,"Alzheimer's disease,Independent research center news release,industry/commercial news releases",claim,dataset_label,data/raw/pubhealth,10238,"William Heisel,Harold J. DeMonaco, MS,Kathlyn Stone",en
A potential cure for metastatic prostate cancer? Treatment combination shows early promise,Misinformation,PUBHEALTH,Elsevier Health Sciences,claim,dataset_label,data/raw/pubhealth,9162,"Matt Shipman,Richard Hoffman, MD,Kathlyn Stone",en
"Scientists devise new, more accurate peanut allergy test.",Reliable,PUBHEALTH,Health News,claim,dataset_label,data/raw/pubhealth,1320,Ben Hirschler,en
Indonesia ferry passengers jump ship amid coronavirus fears.,Reliable,PUBHEALTH,Health News,claim,dataset_label,data/raw/pubhealth,8575,Augustinus Beo Da Costa,en
"Rep. Jim Renacci’s plan to end Medicare also puts nursing home care for 3,000 seniors in the district in immediate jeopardy.",Misinformation,PUBHEALTH,"Ohio, Health Care, Medicaid, Medicare, Democratic Congressional Campaign Committee, ",claim,dataset_label,data/raw/pubhealth,21848,Sabrina Eaton,en
No serious side effects with Merck allergy pill: FDA documents.,Reliable,PUBHEALTH,Health News,claim,dataset_label,data/raw/pubhealth,2804,Bill Berkrot,en
‘Veep’ star Julia Louis-Dreyfus says she has breast cancer.,Reliable,PUBHEALTH,"AP Top News, Cancer, Health, Media, Entertainment, Social media, Universal health care, North America, Julia Louis-Dreyfus, Breast cancer, TV",claim,dataset_label,data/raw/pubhealth,7209, Lynn Elber,en
Money towards the Ebola vaccine is basically cut in half to what it was. More cuts are coming under the congressional sequester.,Reliable,PUBHEALTH,"Ebola, Federal Budget, Public Health, PunditFact, Stephanie Cutter, ",claim,dataset_label,data/raw/pubhealth,16263,Katie Sanders,en
Tweets Says drinking a bleach solution will prevent you from getting the coronavirus.,Misinformation,PUBHEALTH,"Consumer Safety, Fake news, Public Health, Facebook Fact-checks, Coronavirus, Tweets, ",claim,dataset_label,data/raw/pubhealth,26965,Samantha Putterman,en
"""Silver Solution used on strains of coronavirus """"totally eliminate it. Kills it. Deactivates it.”""",Misinformation,PUBHEALTH,"Public Health, Missouri, PunditFact, Coronavirus, Sherill Sellman, ",claim,dataset_label,data/raw/pubhealth,26664,Julia Garlich,en
Top Kenya court dismisses British American Tobacco challenge.,Reliable,PUBHEALTH,"Supreme courts, Health, General News, Africa, Courts, Kenya, Smoking, Tobacco industry regulation",claim,dataset_label,data/raw/pubhealth,3776, Tom Odula,en
Power walking falls between the ramble and the race.,Reliable,PUBHEALTH,Health News,claim,dataset_label,data/raw/pubhealth,2627,Dorene Internicola,en
FDA probes accuracy issue with Abbott’s rapid virus test.,Reliable,PUBHEALTH,"Understanding the Outbreak, Health, General News, Politics, Racing for a Remedy, Virus Outbreak, Donald Trump",claim,dataset_label,data/raw/pubhealth,7466, Matthew Perrone,en
A homemade hand sanitizer made with Tito's Vodka can be used to fight the new coronavirus.,Misinformation,PUBHEALTH,"Medical, COVID-19",claim,dataset_label,data/raw/pubhealth,35152,Dan Evon,en
The obscure advisory committees at the heart of the U.S. drug pricing debate.,Reliable,PUBHEALTH,Health News,claim,dataset_label,data/raw/pubhealth,287,Caroline Humer,mixed
"Scraping your tongue with a spoon, placing that spoon in a bag, and putting that bag under a light for a period of time will provide useful diagnostic information about your health.",Misinformation,PUBHEALTH,"Medical, alternative health, bad breath, david avocado wolfe",claim,dataset_label,data/raw/pubhealth,29259,Alex Kasprak,en
Ex-PM Sharif leaves Pakistan for medical treatment in London.,Reliable,PUBHEALTH,"Pakistan, Nawaz Sharif, Health, General News, Lahore, Asia Pacific",claim,dataset_label,data/raw/pubhealth,4494, Zaheer Babar And Munir Ahmed,en
New chief of Global Fund says accountability is ‘imperative’.,Reliable,PUBHEALTH,"Health, Malaria, Tuberculosis",claim,dataset_label,data/raw/pubhealth,4361, Maria Cheng,en
Chip Roy Says Wisconsin has not had a spike in coronavirus cases that was “statistically significant related to the fact that they had voting.”,Reliable,PUBHEALTH,"Texas, Wisconsin, Coronavirus, Chip Roy, ",claim,dataset_label,data/raw/pubhealth,26298,Madlin Mekelburg,en
"To battle opioid crisis, some track overdoses in real time.",Reliable,PUBHEALTH,"Opioids, New York, General News, Technology, AP Top News, Science, Health, U.S. News",claim,dataset_label,data/raw/pubhealth,3666, Michael Hill,en
Another case of meningococcal disease at Oregon State.,Reliable,PUBHEALTH,"Health, Oregon State University, Oregon, Meningitis",claim,dataset_label,data/raw/pubhealth,5578, Steven Dubois,mixed
Cholesterol scientist balked at delay: lawmaker.,Reliable,PUBHEALTH,Health News,claim,dataset_label,data/raw/pubhealth,8840,Susan Heavey,tl
New Mexico sizes up potential of recreational pot market.,Reliable,PUBHEALTH,"Michelle Lujan Grisham, Health, General News, Recreational marijuana, Marijuana, Local taxes, New Mexico",claim,dataset_label,data/raw/pubhealth,4898, Morgan Lee,en
“Hydroxychloroquine cures this ‘virus.’ It just so happens this is the treatment used for radiation sickness!!”,Misinformation,PUBHEALTH,"Facebook Fact-checks, Coronavirus, Facebook posts, ",claim,dataset_label,data/raw/pubhealth,26290,Daniel Funke,en
“No city in the state can quarantine itself without state approval.”,Reliable,PUBHEALTH,"New York, Coronavirus, Andrew Cuomo, ",claim,dataset_label,data/raw/pubhealth,26623,Jill Terreri Ramos,en
"""HIV/AIDS is """"dramatically on the rise in the U.S. South.""",Reliable,PUBHEALTH,"Georgia, Gays and Lesbians, Health Care, States, Elton John, ",claim,dataset_label,data/raw/pubhealth,15024,Nancy Badertscher,en
"""Florida’s proposed medical marijuana amendment """"would make Florida one of the most lenient medical-marijuana states, allowing use for limitless ‘other conditions’ specified by any physician.""",Reliable,PUBHEALTH,"Drugs, Health Care, States, Florida, Marijuana, Pam Bondi, ",claim,dataset_label,data/raw/pubhealth,17589,Joshua Gillin,en
"Two handfuls of cashews are equivalent to one dose of Prozac in treating depression, and can be safely substituted for prescribed drugs.",Misinformation,PUBHEALTH,"Medical, antidepressants, dangerous memes, david avocado wolfe",claim,dataset_label,data/raw/pubhealth,31860,Kim LaCapria,en
Israel to use computer analysis to find likely coronavirus carriers.,Reliable,PUBHEALTH,Health News,claim,dataset_label,data/raw/pubhealth,8010,"Steven Scheer, Tova Cohen",en
"Delayed by sanctions, border checks, first medical aid trickles into North Korea.",Reliable,PUBHEALTH,Health News,claim,dataset_label,data/raw/pubhealth,8167,"Ju-Min Park, Sangmi Cha",en
Comfort eating helps stave off the blues: study.,Reliable,PUBHEALTH,Health News,claim,dataset_label,data/raw/pubhealth,1962,Alice Baghdjian,en
"""As of April 25, 2020, the rate of people dying from the COVID-19 coronavirus disease in New York City was at least 250 times """"higher"""" than Tokyo's — and growing with time.""",Reliable,PUBHEALTH,"Politics, COVID-19",claim,dataset_label,data/raw/pubhealth,35319,Jessica Lee,mixed
Greece imposes lockdown after coronavirus infections jump.,Reliable,PUBHEALTH,Health News,claim,dataset_label,data/raw/pubhealth,8140,George Georgiopoulos,en
"Beshear stresses health care, defends Medicaid expansion.",Reliable,PUBHEALTH,"Health care policy, Addiction treatment, Health, General News, Steve Beshear, Kentucky, Matt Bevin, Louisville, Medicaid",claim,dataset_label,data/raw/pubhealth,5234, Bruce Schreiner,en
Trump launching campaign to end HIV epidemic in US by 2030.,Reliable,PUBHEALTH,"Alex Azar, Health, Politics, North America, Campaigns, Epidemics, United States, Public health, Donald Trump",claim,dataset_label,data/raw/pubhealth,6685, Ricardo Alonso-Zaldivar,en
UW teaching hospital plan passes Washington House.,Reliable,PUBHEALTH,"University of Washington, Mental health, Health, Washington, Frank Chopp, Seattle, Jay Inslee",claim,dataset_label,data/raw/pubhealth,6645, Tom James,en
"Smoking still high in U.S. mining, food service.",Reliable,PUBHEALTH,Health News,claim,dataset_label,data/raw/pubhealth,1934,David Beasley,en
Philippines declares new polio outbreak after 19 years.,Reliable,PUBHEALTH,"AP Top News, Health, Philippines, Manila, Asia Pacific, General News",claim,dataset_label,data/raw/pubhealth,3107, Jim Gomez,en
"""Let them eat cake later: Americans hosting """"fitness parties"""".""",Reliable,PUBHEALTH,Health News,claim,dataset_label,data/raw/pubhealth,2534,Dorene Internicola,en
Vectura drops severe asthma treatment after poor trial results.,Reliable,PUBHEALTH,Health News,claim,dataset_label,data/raw/pubhealth,7627,Noor Zainab Hussain,en
"""The health care reform bill """"would make it mandatory — absolutely require — that every five years people in Medicare have a required counseling session that will tell them how to end their life sooner.""",Misinformation,PUBHEALTH,"National, Health Care, Betsy McCaughey, ",claim,dataset_label,data/raw/pubhealth,24626,Catharine Richert,en
Zika ‘syndrome’: Health problems mount as babies turn 1.,Reliable,PUBHEALTH,"Brazil, AP Top News, AP International News, Latin America, Zika virus, Health, AP Science, Recife",claim,dataset_label,data/raw/pubhealth,7080, Adriana Gomez Licon,en
"Maryland House Speaker Busch dies, a Chesapeake Bay defender.",Reliable,PUBHEALTH,"Chesapeake Bay, Michael Busch, Health, Annapolis, Politics, North America, Larry Hogan, Maryland, U.S. News",claim,dataset_label,data/raw/pubhealth,6737, Brian Witte,en
University autism study pairs theater with peer mentoring.,Reliable,PUBHEALTH,"Theater, Health, University of Alabama, Tuscaloosa, Alabama",claim,dataset_label,data/raw/pubhealth,4611, Ed Enoch,en
Residents near Harvey-damaged chemical plant wary of water.,Reliable,PUBHEALTH,"AP Top News, Hurricane Harvey, Fires, North America, Health, Business, Science, Hurricanes, U.S. News, Texas",claim,dataset_label,data/raw/pubhealth,6557, Alex Stuckey Of The Houston Chronicle,en
Iowa egg farm sues over damage from bird flu disinfection.,Reliable,PUBHEALTH,"Des Moines, Health, Flu, Bird flu, Iowa",claim,dataset_label,data/raw/pubhealth,6162, David Pitt,en
Fish sold in New York is routinely mislabeled: study.,Reliable,PUBHEALTH,Health News,claim,dataset_label,data/raw/pubhealth,2568,Peter Rudegeair,en
Matt Every suspended 3 months for drug of abuse.,Reliable,PUBHEALTH,"Matt Every, Health, General News, Marijuana, Sports, Golf",claim,dataset_label,data/raw/pubhealth,6951, Doug Ferguson,en
India's Ranbaxy faces more regulatory scrutiny after U.S. ban.,Reliable,PUBHEALTH,Health News,claim,dataset_label,data/raw/pubhealth,2734,Sumeet Chatterjee,en
Labour says UK health service ‘for sale’ in US trade talks.,Reliable,PUBHEALTH,"Global trade, AP Top News, Race and ethnicity, Religion, Health, General News, Jeremy Corbyn, International News, Business, London, Boris Johnson, Brexit, Europe, United States",claim,dataset_label,data/raw/pubhealth,5162, Jill Lawless And Danica Kirka,en
"“Autopsies prove that COVID-19 is” a blood clot, not pneumonia, “and ought to be fought with antibiotics” and the whole world has been wrong in treating the “so-called” pandemic.",Misinformation,PUBHEALTH,"Public Health, Facebook Fact-checks, Coronavirus, Facebook posts, ",claim,dataset_label,data/raw/pubhealth,26281,Tom Kertscher,en
"""Ron Paul Says Rick Perry wrote a letter """"supporting Hillarycare.""",Misinformation,PUBHEALTH,"Health Care, Texas, Ron Paul, ",claim,dataset_label,data/raw/pubhealth,21378,Meghan Ashford-Grooms,en
Idaho House passes ‘opt-in’ sex education bill.,Reliable,PUBHEALTH,"Legislature, Education, Health, Legislation, Boise, Sex education, Bills, Idaho Falls, Idaho",claim,dataset_label,data/raw/pubhealth,4887, Rebecca Boone,en
New frontier in cancer care: Turning blood into living drugs.,Reliable,PUBHEALTH,"AP Top News, Cancer, International News, Tumors, Washington, Politics, Genetic Frontiers, Health, Business, Seattle, Science, North America, Lymphoma, U.S. News",claim,dataset_label,data/raw/pubhealth,7412, Lauran Neergaard,en
Will starving yourself help you live longer? Maybe not.,Reliable,PUBHEALTH,Health News,claim,dataset_label,data/raw/pubhealth,2617,Sharon Begley,en
Idaho officials confirm 2 cases of vaping-related illness.,Reliable,PUBHEALTH,"Lung disease, Health, General News, Public health, Idaho",claim,dataset_label,data/raw/pubhealth,4081, Rebecca Boone,en
New Africa coronavirus crisis looms with internal spread.,Reliable,PUBHEALTH,"Liberia, Health, Ebola virus, Tanzania, Africa, International News, South Africa, China, Somalia, Travel, Virus Outbreak, Europe, General News",claim,dataset_label,data/raw/pubhealth,7498, Cara Anna And Mogomotsi Magome,en
Parents can receive a case of baby formula during the COVID-19 pandemic by calling the number on the back of the company's product.,Misinformation,PUBHEALTH,"Medical, COVID-19",claim,dataset_label,data/raw/pubhealth,35134,Dan Evon,en
“Herd immunity has been reached.”,Misinformation,PUBHEALTH,"Public Health, Coronavirus, Facebook posts, ",claim,dataset_label,data/raw/pubhealth,25804,Ciara O'Rourke,en
"""President Obama has worked to change Medicare for the worse"""" by """"creating an unelected, unaccountable panel with the power to deny coverage of certain treatments.""",Misinformation,PUBHEALTH,"Ohio, Health Care, Medicare, Ohio Republican Party, ",claim,dataset_label,data/raw/pubhealth,19217,Tom Feran,en
Pelosi moves on drug prices despite falling-out with Trump.,Reliable,PUBHEALTH,"Seniors, Medication, Health, General News, Legislation, Politics, Business, Medicare, Prices, Prescription drugs, Bills, Nancy Pelosi, Donald Trump",claim,dataset_label,data/raw/pubhealth,3831, Ricardo Alonso-Zaldivar,en
2020 hopeful Hickenlooper meets Columbine shooting survivors.,Reliable,PUBHEALTH,"Shootings, Colorado, Health, Columbine - 20 years later, Aurora, Politics, Denver, North America, School shootings, John Hickenlooper, Mental health",claim,dataset_label,data/raw/pubhealth,5218, Nicholas Riccardi,en
Colorado governor signs recreational marijuana regulations into law.,Reliable,PUBHEALTH,Health News,claim,dataset_label,data/raw/pubhealth,7826,Keith Coffman,en
Drug overdoses are now the second-most common cause of death in New Hampshire.,Misinformation,PUBHEALTH,"New Hampshire, Drugs, States, Maggie Hassan, ",claim,dataset_label,data/raw/pubhealth,14564,Allie Morris,en
"""The Gates Foundation """"has the patent for this coronavirus.""",Misinformation,PUBHEALTH,"Facebook Fact-checks, Coronavirus, Facebook posts, ",claim,dataset_label,data/raw/pubhealth,26430,Daniel Funke,en
"""The Graham-Cassidy health care bill does """"include coverage of pre-existing conditions.""",Misinformation,PUBHEALTH,"National, Health Care, Donald Trump, ",claim,dataset_label,data/raw/pubhealth,12076,Jon Greenberg,en
Sanofi walks back after saying US would get vaccine first.,Reliable,PUBHEALTH,"Racing for a Remedy, Understanding the Outbreak, Health, General News, International News, Business, Emmanuel Macron, Edouard Philippe, Virus Outbreak, Europe, United States",claim,dataset_label,data/raw/pubhealth,7382, Sylvie Corbet,en
"Tom Tiffany Says the state “health secretary says don't go to hospitals or clinics, now the tourism secretary says don't recreate.”",Misinformation,PUBHEALTH,"Health Care, States, Wisconsin, Coronavirus, Tom Tiffany, ",claim,dataset_label,data/raw/pubhealth,26223,Laura Schulte,en
"U.S. coronavirus death toll climbs to over 33,000: Reuters tally.",Reliable,PUBHEALTH,Health News,claim,dataset_label,data/raw/pubhealth,8299,Lisa Shumaker,en
"Eyeing 2020, House empowers Medicare to negotiate drug costs.",Reliable,PUBHEALTH,"Seniors, Health, General News, Legislation, Politics, Elections, Medicare, Prices, Prescription drugs, Bills, Nancy Pelosi",claim,dataset_label,data/raw/pubhealth,3820, Ricardo Alonso-Zaldivar,en
Trump says coronavirus guidelines may get tougher; one million Americans tested.,Reliable,PUBHEALTH,Health News,claim,dataset_label,data/raw/pubhealth,8008,"Steve Holland, Jeff Mason",tl
Celator Announces Phase 3 Trial for VYXEOS™ (CPX-351) in Patients with High-Risk Acute Myeloid Leukemia Demonstrates Statistically Significant Improvement in Overall Survival,Reliable,PUBHEALTH,"Cancer,industry/commercial news releases",claim,dataset_label,data/raw/pubhealth,10282,"Alan Cassels,Dan Mayer, MD,Kathlyn Stone",en
Unsubstantiated claims Muslim doctor sterilized women raise tensions in Sri Lanka.,Reliable,PUBHEALTH,Health News,claim,dataset_label,data/raw/pubhealth,1023,"Alexandra Ulmer, Omar Rajarathnam",en
"Amid virus, Saudis close Islam’s holiest sites to foreigners.",Reliable,PUBHEALTH,"Dubai, AP Top News, Iran, Religion, United Arab Emirates, International News, Saudi Arabia, Middle East, Flu, Ramadan, Travel, Epidemics, United Nations, Asia Pacific, Virus Outbreak, Europe, General News, Health, Islam",claim,dataset_label,data/raw/pubhealth,7533, Jon Gambrell,en
“Mass vaccination for COVID-19 in Senegal was started yesterday (4/8) and the first 7 CHILDREN who received it DIED on the spot.”,Misinformation,PUBHEALTH,"Facebook Fact-checks, Coronavirus, Facebook posts, ",claim,dataset_label,data/raw/pubhealth,26496,Ciara O'Rourke,en
"""Britain sets out plans for first """"3-parent"""" IVF babies.""",Reliable,PUBHEALTH,Health News,claim,dataset_label,data/raw/pubhealth,2377,"Kate Kelland, Health, Science Correspondent",en
US sexually transmitted disease hit another high.,Reliable,PUBHEALTH,"Health, Sexually transmitted diseases, Chlamydia, Syphilis",claim,dataset_label,data/raw/pubhealth,5853, Mike Stobbe,en
"A viral blog post titled “This Antibiotic Will Ruin You” warns about the long-term health dangers of flouroquinolones antibiotics that go by common names like Cipro, Levaquin, Avalox, and generics that end in “oxacin,””ox” or “quin”",Reliable,PUBHEALTH,Health / Medical,claim,dataset_label,data/raw/pubhealth,38336,  Rich Buhler & Staff  ,en
Green Party presidential candidate Dr. Jill Stein has stated that she opposes the use of vaccines.,Misinformation,PUBHEALTH,"Medical, green party, jill stein, reddit",claim,dataset_label,data/raw/pubhealth,32456,Kim LaCapria,en
The gap in UK life expectancies is falling.,Misinformation,PUBHEALTH,health,claim,dataset_label,data/raw/pubhealth,41712,Leo Benedictus,en
Virus death rate still uncertain as mild cases are missed.,Reliable,PUBHEALTH,"AP Top News, Understanding the Outbreak, Health, General News, Flu, China, United Nations, Death rates, Virus Outbreak",claim,dataset_label,data/raw/pubhealth,7529, Lauran Neergaard,en
I lost my health insurance and my doctor because of Obamacare.,Misinformation,PUBHEALTH,"Health Care, Wisconsin, Reid Ribble, ",claim,dataset_label,data/raw/pubhealth,23098,James B. Nelson,en
Automatic texting helps ease stress of chemotherapy in breast cancer patients,Misinformation,PUBHEALTH,breast cancer,claim,dataset_label,data/raw/pubhealth,9365,"Mary Chris Jaklevic,Mandy Stahre, PhD,Joy Victory",en
"Veterans with PTSD, anxiety turn to beekeeping for relief.",Reliable,PUBHEALTH,"New Hampshire, Anxiety, Health, Manchester, General News, Insects, AP Top News, Bees, Iraq, Veterans, U.S. News",claim,dataset_label,data/raw/pubhealth,7579, Michael Casey And Mike Householder,en
Hangover cure is elusive but symptom relief fizzles and flows.,Reliable,PUBHEALTH,Health News,claim,dataset_label,data/raw/pubhealth,2295,Leslie Gevirtz,en
Justice Ginsburg reports she’s on way to ‘well’ after cancer.,Reliable,PUBHEALTH,"Ruth Bader Ginsburg, Supreme courts, Cancer, Pancreatic cancer, General News, Politics, U.S. Supreme Court, Radiation therapy, AP Top News, Courts, Health",claim,dataset_label,data/raw/pubhealth,5551, Jessica Gresko,en
"Miami-Dade is ""the first community in the world to break the cycle of local transmission of the Zika virus.",Reliable,PUBHEALTH,"Public Health, Florida, Carlos Gimenez, ",claim,dataset_label,data/raw/pubhealth,12958,Amy Sherman,en
Venezuela expands quarantine as number of coronavirus cases climbs to 33.,Reliable,PUBHEALTH,Health News,claim,dataset_label,data/raw/pubhealth,8197,"Angus Berwick, Luc Cohen, Mariela Nava",en
The FDA published “conclusive proof” that the DTaP vaccine causes autism in November 2017.,Misinformation,PUBHEALTH,Medical,claim,dataset_label,data/raw/pubhealth,38118,  Rich Buhler & Staff  ,en
Coronavirus prompts Canada to roll out safe drugs for street users.,Reliable,PUBHEALTH,Health News,claim,dataset_label,data/raw/pubhealth,8416,Tessa Vikander,en
"School closures will have little impact on COVID-19 control, review finds.",Reliable,PUBHEALTH,Health News,claim,dataset_label,data/raw/pubhealth,8602,Kate Kelland,en
More infected in fresh wave of China bird flu - WHO.,Reliable,PUBHEALTH,Health News,claim,dataset_label,data/raw/pubhealth,2830,Kate Kelland,en
Italy looks to safeguard biomedical valley leading fight against COVID-19.,Reliable,PUBHEALTH,Health News,claim,dataset_label,data/raw/pubhealth,8645,Stephen Jewkes,en
"Microsoft owns patent ""666,"" which involves inserting microchips into people to mine their activity for cryptocurrency purposes.",Misinformation,PUBHEALTH,"Technology, COVID-19",claim,dataset_label,data/raw/pubhealth,35273,Dan Evon,en
House passes $1.4T government spending bill amid impeachment.,Reliable,PUBHEALTH,"Global trade, AP Top News, Government spending, Mexico, Health, General News, Legislation, Politics, Immigration, Impeachments, Business, Bills, Tobacco industry regulation, Donald Trump",claim,dataset_label,data/raw/pubhealth,3083, Andrew Taylor,en
The seasonal flu kills more people every year in the U.S. than COVID-19 has to date.,Misinformation,PUBHEALTH,"Medical, COVID-19",claim,dataset_label,data/raw/pubhealth,35572,Madison Dapcevich,en
UN demands immediate halt to attacks in Ebola areas in Congo.,Reliable,PUBHEALTH,"Africa, Burundi, Health, United Nations, South Sudan",claim,dataset_label,data/raw/pubhealth,4624, Edith M. Lederer,en
Drug critic slams FDA over antibiotic oversight in meat production.,Reliable,PUBHEALTH,Health News,claim,dataset_label,data/raw/pubhealth,2791,"P.J. Huffstutter, Brian Grow",en
Indonesian barber gears up to groom during coronavirus.,Reliable,PUBHEALTH,Health News,claim,dataset_label,data/raw/pubhealth,8726,Tommy Ardiansyah,en
WVa Senate forms committee dedicated to child welfare issues.,Reliable,PUBHEALTH,"Opioids, Foster care, General News, Legislation, Child welfare, Health, West Virginia, Child abuse, Charleston, Epidemics",claim,dataset_label,data/raw/pubhealth,3260, John Ra,en
Women absorb and retain DNA from every man they have had sex with.,Misinformation,PUBHEALTH,"Medical, dna, newspunch.com, sex",claim,dataset_label,data/raw/pubhealth,31225,Alex Kasprak,en
Children in intensive care recover faster with little to no nutrition,Misinformation,PUBHEALTH,"Academic medical center news release,University news release",claim,dataset_label,data/raw/pubhealth,10075,"Joann Rodgers, MS,Kathleen Fairfield, MD, DrPH,Kathlyn Stone",en
UK’s Johnson pushes his Brexit message as election nears.,Reliable,PUBHEALTH,"Brexit, AP Top News, Health, General News, Elections, International News, Business, London, Boris Johnson, Terrorism, Europe, London Bridge attack",claim,dataset_label,data/raw/pubhealth,3074, Jill Lawless And Danica Kirka,en
"The Centers for Disease Control and Prevention (CDC) has admitted that 98 million Americans were given cancer through polio shots contaminated with SV40, a cancer-causing virus found in monkeys.",Misinformation,PUBHEALTH,Health / Medical,claim,dataset_label,data/raw/pubhealth,38318,  Rich Buhler & Staff  ,en
Judge blocks graphic cigarette warnings.,Reliable,PUBHEALTH,Health News,claim,dataset_label,data/raw/pubhealth,1914,"Alina Selyukh, Jeremy Pelofsky",en
“President Trump has come into contact with a potential coronavirus sufferer!”,Misinformation,PUBHEALTH,"Public Health, Facebook Fact-checks, Coronavirus, Facebook posts, ",claim,dataset_label,data/raw/pubhealth,26716,Tom Kertscher,en
"The Democrat-backed health care reform plan ""will require (Americans) to subsidize abortion with their hard-earned tax dollars.",Misinformation,PUBHEALTH,"Abortion, National, Health Care, Taxes, John Boehner, ",claim,dataset_label,data/raw/pubhealth,24601,Robert Farley,en
Rhode Island’s teen binge drinking rate is double the national average.,Misinformation,PUBHEALTH,"Alcohol, Rhode Island, Children, Crime, Public Health, Public Safety, Physicians Committee for Responsible Medicine, ",claim,dataset_label,data/raw/pubhealth,17569,John Hill,en
"Sun, sand and root canal: Medical tourism booms in Costa Rica.",Reliable,PUBHEALTH,Health News,claim,dataset_label,data/raw/pubhealth,2581,Isabella Cota,en
Sanitizer will do nothing for the coronavirus.,Misinformation,PUBHEALTH,"Public Health, Facebook Fact-checks, Coronavirus, Facebook posts, ",claim,dataset_label,data/raw/pubhealth,26768,Daniel Funke,en
Increasing H7N9 bird flu toll demands constant vigilance.,Reliable,PUBHEALTH,Health News,claim,dataset_label,data/raw/pubhealth,2839,"Kate Kelland, Health, Science Correspondent",en
Baltimore mayor says her $500K book deal was a ‘mistake’.,Reliable,PUBHEALTH,"Health, Childrens books, University of Maryland, Catherine Pugh, Maryland, U.S. News, Baltimore",claim,dataset_label,data/raw/pubhealth,7180, David Mcfadden,en
"Chain message Says ""special military helicopters will spray pesticide against the Corona virus in the skies all over the country.",Misinformation,PUBHEALTH,"Facebook Fact-checks, Coronavirus, Chain message, ",claim,dataset_label,data/raw/pubhealth,26611,Daniel Funke,en
Legionnaires' disease can be contracted from a face mask used repeatedly.,Misinformation,PUBHEALTH,"Medical, COVID-19",claim,dataset_label,data/raw/pubhealth,35554,Madison Dapcevich,en
"Pakistan battles dengue epidemic, with 20 deaths so far.",Reliable,PUBHEALTH,"Pakistan, Dengue fever, Health, Islamabad, General News, Asia, Epidemics, South Asia, Asia Pacific",claim,dataset_label,data/raw/pubhealth,3652, Munir Ahmed,en
Bike sharing offers big fitness benefits for the little commute.,Reliable,PUBHEALTH,Health News,claim,dataset_label,data/raw/pubhealth,2493,Dorene Internicola,en
"Pop culture, wealthy Chinese spur medical tourism in Asia.",Reliable,PUBHEALTH,Health News,claim,dataset_label,data/raw/pubhealth,2661,Jeremy Laurence,en
Chicago teachers’ contract talks about more than money.,Reliable,PUBHEALTH,"Chicago, Health, General News, Strikes, U.S. News, Chicago Schools",claim,dataset_label,data/raw/pubhealth,4895, Don Babwin,en
"Five-Year Follow-Up Study Further Supports Effectiveness and Safety of the Essure® Procedure as a Non-Surgical, Non-Hormonal Option for Permanent Contraception",Misinformation,PUBHEALTH,"Bayer,contraception,Device safety,Essure,pregnancy",claim,dataset_label,data/raw/pubhealth,9293,"Kathlyn Stone,Ranit Mishori, MD, MHS, FAAFP,Kevin Lomangino",en
California’s new governor says ‘God no’ to run for president.,Reliable,PUBHEALTH,"Gavin Newsom, California, Universal health care, Donald Trump",claim,dataset_label,data/raw/pubhealth,7191, Don Thompson,en
Over-the-counter painkiller paracetamol is contaminated with the Machupo virus and should be avoided.,Misinformation,PUBHEALTH,"Medical, acetaminophen, drug warnings, paracetamol",claim,dataset_label,data/raw/pubhealth,31635,Kim LaCapria,en
"Jack Andraka, 15, came up with a “100 percent accurate” cancer-detection method that was “168 times faster, 26,000 times less expensive, and 400 times more sensitive” than current methods.",Misinformation,PUBHEALTH,Medical,claim,dataset_label,data/raw/pubhealth,29129,Alex Kasprak,en
"Nelson Wolff Says uncompensated health care costs absorbed by Texas hospitals are adding $1,800 a year to Texas private insurance rates.",Misinformation,PUBHEALTH,"Health Care, Public Health, State Budget, Texas, Nelson Wolff, ",claim,dataset_label,data/raw/pubhealth,18506,W. Gardner Selby,en
Zinc eaten at levels found in biofortified crops reduces 'wear and tear' on DNA,Misinformation,PUBHEALTH,"UCSF Benioff Children's Hospital Oakland,zinc",claim,dataset_label,data/raw/pubhealth,9210,"Euna Bodner, MS,Kathleen Fairfield, MD, DrPH,Kathlyn Stone",mixed
Boy on hospital floor dominates Britain’s election campaign.,Reliable,PUBHEALTH,"Brexit, England, International News, General News, Elections, Jeremy Corbyn, Campaigns, Health, Business, London, Boris Johnson, Europe",claim,dataset_label,data/raw/pubhealth,5161, Mike Corder And Jill Lawless,en
"Tom Hanks, wife Rita Wilson test positive for coronavirus in Australia.",Reliable,PUBHEALTH,Health News,claim,dataset_label,data/raw/pubhealth,8344,Dan Whitcomb,en
1st federal opioid crisis trial to focus on distribution.,Reliable,PUBHEALTH,"Opioids, Epidemics, Trials, Business, Health, Lawsuits, Cleveland, General News, Ohio, U.S. News",claim,dataset_label,data/raw/pubhealth,3710, Julie Carr Smyth And Geoff Mulvihill,en
Nearly 40 percent of his McAllen-area constituents suffer from obesity.,Reliable,PUBHEALTH,"Poverty, Public Health, Texas, Eddie Lucio, Jr., ",claim,dataset_label,data/raw/pubhealth,17533,Sue Owen,en
"When people enter the service, there’s not a mental health evaluation.",Reliable,PUBHEALTH,"National, Health Care, Military, Michael McCaul, ",claim,dataset_label,data/raw/pubhealth,17169,Steve Contorno,en
"Every day, four North Carolinians die from a medication or drug overdose.",Reliable,PUBHEALTH,"Drugs, Public Health, Public Safety, Science, States, North Carolina, Greg Murphy, ",claim,dataset_label,data/raw/pubhealth,12627,Will Doran,en
"Vaping illness, deaths likely very rare beyond U.S., experts say.",Reliable,PUBHEALTH,Health News,claim,dataset_label,data/raw/pubhealth,565,Kate Kelland,en
China dangles a potentially harmful new threat in trade war.,Reliable,PUBHEALTH,"Beijing, Global trade, AP Top News, International News, General News, Politics, North America, Business, China, Asia Pacific, Health, Technology",claim,dataset_label,data/raw/pubhealth,4604," Paul Wiseman, Frank Bajak And Yanan Wang",en
Hurricane Harvey’s toxic impact deeper than public told.,Reliable,PUBHEALTH,"Houston, AP Top News, Hurricane Harvey, Health, Storms, North America, Environment, Business, Science, Hurricanes, Texas, U.S. News",claim,dataset_label,data/raw/pubhealth,6556, Frank Bajak Of The Associated Press And Lise Olsen Of The Houston Chronicle,en
Britons warned some coronavirus lockdown measures could last months.,Reliable,PUBHEALTH,Health News,claim,dataset_label,data/raw/pubhealth,8241,"Costas Pitas, Kylie Maclellan",en
Gardens at VA Hospital provide recreation and therapy.,Reliable,PUBHEALTH,"Health, Veterans, Alexandria, Gardening",claim,dataset_label,data/raw/pubhealth,3594, Miranda Klein,mixed
"Anxiety, anger and hope as women face childbirth during coronavirus pandemic.",Reliable,PUBHEALTH,Health News,claim,dataset_label,data/raw/pubhealth,8049,"Michael Kahn, Claudia Cristoferi",en
GSK hands back failed muscular dystrophy drug to Prosensa.,Reliable,PUBHEALTH,Health News,claim,dataset_label,data/raw/pubhealth,2881,Ben Hirschler,en
3 win Nobel Prize for showing how cells sense low oxygen.,Reliable,PUBHEALTH,"AP Top News, Cancer, International News, General News, Business, Medical schools, Health, Nobel Prizes, Stockholm, Science, Europe, Anemia",claim,dataset_label,data/raw/pubhealth,5127, Malcolm Ritter And Maria Cheng,en
Trump administration drops Obama-era water protection rule.,Reliable,PUBHEALTH,"Wetlands, AP Top News, Barack Obama, Army, Health, General News, Politics, Environment, Business, Traverse City, United States, Property rights, Pollution",claim,dataset_label,data/raw/pubhealth,5485, John Flesher,en
UN says Ebola in Congo still qualifies as global emergency.,Reliable,PUBHEALTH,"Health, Ebola virus, Africa, Epidemics, United Nations, Europe, General News, International News",claim,dataset_label,data/raw/pubhealth,3711, Maria Cheng,en
A news reporter in Florida was diagnosed with cancer after a viewer spotted a lump in her throat during a broadcast.,Reliable,PUBHEALTH,"Medical, Editor's Picks",claim,dataset_label,data/raw/pubhealth,35372,Madison Dapcevich,en
Ireland to clarify abortion rules after woman's death.,Reliable,PUBHEALTH,Health News,claim,dataset_label,data/raw/pubhealth,2584,"Conor Humphries, Lorraine Turner",en
"The president looks like he was ahead of the curve – as you know, he talks about this all the time – on shutting down travel from China.",Misinformation,PUBHEALTH,"National, Coronavirus, Pennsylvania, Rick Santorum, ",claim,dataset_label,data/raw/pubhealth,26490,Jessica Calefati,en
Doctors and nurses suffered as Iran ignored virus concerns .,Reliable,PUBHEALTH,"AP Top News, Iran, International News, Cairo, Middle East, Health, Virus Outbreak, General News",claim,dataset_label,data/raw/pubhealth,7477, Maggie Michael,en
Toking up while working out: Pair plan gym allowing pot use.,Reliable,PUBHEALTH,"San Francisco, Ricky Williams, California, Medical marijuana, Lifestyle, Novato, Football",claim,dataset_label,data/raw/pubhealth,7127, Haven Daley,en
"Key moments in lead in water crisis in Flint, Michigan.",Reliable,PUBHEALTH,"Health, Trials, Michigan, Legionnaires disease, Detroit, Flint, Disease outbreaks",claim,dataset_label,data/raw/pubhealth,5457, The Associated Press,en
"J&J recalls 33,000 bottles of baby powder as FDA finds asbestos in sample.",Reliable,PUBHEALTH,Health News,claim,dataset_label,data/raw/pubhealth,89,"Julie Steenhuysen, Lisa Girion",en
"Brain scans may help diagnose neurological, psychiatric disorders",Misinformation,PUBHEALTH,"functional connectivity MRI,Washington University School of Medicine",claim,dataset_label,data/raw/pubhealth,9009,"Ann Miller, PhD,Susan Molchan, MD, MA,Kathlyn Stone",tl
"Ban trans fats and cut salt, demands UK health body.",Reliable,PUBHEALTH,Health News,claim,dataset_label,data/raw/pubhealth,2107,Kate Kelland,en
"Scans cut heart attack rates and save lives, major study finds",Misinformation,PUBHEALTH,"heart disease,heart scans,University of Edinburgh'",claim,dataset_label,data/raw/pubhealth,8967,"Michael Joyce, MD,Virginia A. Moyer, MD,Kathlyn Stone",en
Methamphetamine use soars in Iran as lifestyles speed up.,Reliable,PUBHEALTH,Health News,claim,dataset_label,data/raw/pubhealth,1744,Babak Dehghanpisheh,en
Bill Gates has openly admitted that vaccinations are designed so that governments can depopulate the world.,Misinformation,PUBHEALTH,"Medical, bill gates, childhood mortality, gates foundation",claim,dataset_label,data/raw/pubhealth,31622,Alex Kasprak,en
"Twenty-three million Americans suffer from addiction, but only 1 in 10 get treatment.",Reliable,PUBHEALTH,"National, Drugs, Health Care, Public Health, Hillary Clinton, ",claim,dataset_label,data/raw/pubhealth,15183,Louis Jacobson,en
Boston Scientific sees opportunity in rival's setback.,Reliable,PUBHEALTH,Health News,claim,dataset_label,data/raw/pubhealth,2738,Susan Kelly,en
"Under David Dewhurst’s leadership, the Texas ""Senate passed an expansion of in-state tuition and free health care to illegal immigrants.",Misinformation,PUBHEALTH,"Immigration, Education, Health Care, Voting Record, Texas, Dan Patrick, ",claim,dataset_label,data/raw/pubhealth,17011,W. Gardner Selby,en
Depressed? You must like chocolate.,Reliable,PUBHEALTH,Health News,claim,dataset_label,data/raw/pubhealth,2683,Julie Steenhuysen,en
WHO recommends one-hour maximum screen time per day for under-5s.,Reliable,PUBHEALTH,Health News,claim,dataset_label,data/raw/pubhealth,295,Stephanie Nebehay,en
Africa’s booming cities face a severe toilet crisis.,Reliable,PUBHEALTH,"AP Top News, Kampala, International News, General News, Africa, Health, Uganda",claim,dataset_label,data/raw/pubhealth,5425, Rodney Muhumuza,en
U.S. unveils graphic tobacco warnings.,Reliable,PUBHEALTH,Health News,claim,dataset_label,data/raw/pubhealth,2051,"Jon Lentz, Emily Stephenson",en
"Those who purchase hunting and fishing gear at Cabela’s (and other retailers) now have to pay a medical excise tax established under Obamacare, according to social media posts.",Misinformation,PUBHEALTH,"Government, Health / Medical",claim,dataset_label,data/raw/pubhealth,38704,  Rich Buhler & Staff  ,mixed
WHO hails 'triumph' as Merck's Ebola vaccine gets European green light.,Reliable,PUBHEALTH,Health News,claim,dataset_label,data/raw/pubhealth,623,Kate Kelland,en
"After Fukushima, mother fights to get her life back.",Reliable,PUBHEALTH,Health News,claim,dataset_label,data/raw/pubhealth,1943,Antoni Slodkowski,en
Congo Ebola survivor passes college exam taken in isolation.,Reliable,PUBHEALTH,"AP Top News, Health, Ebola virus, Africa, International News, Education, General News",claim,dataset_label,data/raw/pubhealth,5670, Al-Hadji Kudra Maliro,en
UAB Recruiting for Clinical Trial to Determine Therapies for Eradication of Multiple Myeloma –University of Alabama at Birmingham,Misinformation,PUBHEALTH,"Cancer,University news release",claim,dataset_label,data/raw/pubhealth,10642,"Andrew Holtz, MPH,Andrae Vandross, MD,Kathlyn Stone",mixed
China's tobacco monopoly means big risks for e-cigarette startups.,Reliable,PUBHEALTH,Health News,claim,dataset_label,data/raw/pubhealth,78,Josh Horwitz,en
"In Nagoya, scramble for hospital beds shows coronavirus challenge for aging Japan.",Reliable,PUBHEALTH,Health News,claim,dataset_label,data/raw/pubhealth,8211,"Linda Sieg, Rocky Swift",en
Utah banning ‘conversion therapy’ with Mormon church backing.,Reliable,PUBHEALTH,"Religion, Health, General News, Utah, Science, U.S. News, Gary Herbert",claim,dataset_label,data/raw/pubhealth,4917, Brady Mccombs,en
"“Guess what, [children are] not at risk unless they have an underlying medical issue.”",Misinformation,PUBHEALTH,"National, Coronavirus, Pennsylvania, Mike Turzai, ",claim,dataset_label,data/raw/pubhealth,26316,Jessica Calefati,mixed
Players’ mental health becoming major issue in cricket.,Reliable,PUBHEALTH,"Virat Kohli, Cricket, Australia, Mental health, Brisbane, General News, Sports - Asia, India",claim,dataset_label,data/raw/pubhealth,3724, John Pye,en
Talk Therapy Found to Ease Schizophrenia,Reliable,PUBHEALTH,"anti-psychotic drugs,mental illness,schizophrenia,talk therapy",claim,dataset_label,data/raw/pubhealth,9720,"Sally James,Susan Molchan, MD, MA,Kevin Lomangino",en
"John Bel Edwards Says of the coronavirus threat, “there was not a single suggestion by anyone, a doctor, a scientist, a political figure, that we needed to cancel Mardi Gras.”",Reliable,PUBHEALTH,"Public Health, Public Safety, Coronavirus, John Bel Edwards, ",claim,dataset_label,data/raw/pubhealth,26524,Miriam Valverde,en
Cancer-fighting spices offer flavorful way to eat healthy,Misinformation,PUBHEALTH,"Cancer,Diet studies,Fox News",claim,dataset_label,data/raw/pubhealth,9919,Kevin Lomangino,en
Ohio’s stockpile got its start after the attacks of Sept. 11.,Reliable,PUBHEALTH,"Health, General News, Flu, Ohio, Virus Outbreak, Public health",claim,dataset_label,data/raw/pubhealth,7519, Julie Carr Smyth,en
Shortage of drugs and equipment: Brussels hospitals sound the alarm.,Reliable,PUBHEALTH,Health News,claim,dataset_label,data/raw/pubhealth,7978,Marine Strauss,en
"Coronavirus cases top half a million, protective gear lacking: WHO.",Reliable,PUBHEALTH,Health News,claim,dataset_label,data/raw/pubhealth,8037,"Stephanie Nebehay, Kate Kelland",en
Pepsi admitted that their soda contains cancer-causing ingredients.,Misinformation,PUBHEALTH,"Medical, carcinogens, coca-cola, pepsi",claim,dataset_label,data/raw/pubhealth,29256,Alex Kasprak,en
"The Democratic health care bill in the House would ""create 53 new government bureaucracies.",Misinformation,PUBHEALTH,"National, Health Care, Charles Boustany, ",claim,dataset_label,data/raw/pubhealth,24542,Robert Farley,en
"In 2020, two school boys in China died suddenly after wearing face masks during physical exercise.",Reliable,PUBHEALTH,"Medical, COVID-19",claim,dataset_label,data/raw/pubhealth,35449,Dan MacGuill,en
"This email says that in the event of a heart attack when you are by yourself, coughing repeatedly and vigorously can keep the heart beating until help arrives.",Misinformation,PUBHEALTH,Medical,claim,dataset_label,data/raw/pubhealth,40539,  Rich Buhler & Staff  ,en
2020 Dems’ health care battle is decades in the making.,Reliable,PUBHEALTH,"Election 2020, Health care reform, General News, Politics, Health, Medicare, Donald Trump",claim,dataset_label,data/raw/pubhealth,4545, Elana Schor,en
The U.S.'s leading group of pediatricians issued a strong statement condemning tolerance of gender dysphoria in children.,Misinformation,PUBHEALTH,"Medical, american college of pediatricians, gender dysphoria, not actually a study",claim,dataset_label,data/raw/pubhealth,29364,Kim LaCapria,en
"Iowa Legislature back to talk taxes, workers, child care.",Reliable,PUBHEALTH,"Legislature, Iowa, Mental health, Health, General News, Business, Kim Reynolds, Child care",claim,dataset_label,data/raw/pubhealth,3010, David Pitt,en
Babies Should Eat Eggs and Peanuts Early to Avoid Food Allergies,Misinformation,PUBHEALTH,"allergies,diet",claim,dataset_label,data/raw/pubhealth,9565,"Sally James,Edward Ward, MD,Joy Victory",en
Kettlebells swing to a full body workout.,Reliable,PUBHEALTH,Health News,claim,dataset_label,data/raw/pubhealth,2418,Dorene Internicola,en
Congressional candidate Chris Jacobs “voted against paid leave for COVID-19.”,Reliable,PUBHEALTH,"Workers, New York, Coronavirus, Nate McMurray, ",claim,dataset_label,data/raw/pubhealth,26362,Meghan Hall,en
Oklahoma attorney general sues distributors of opioids.,Reliable,PUBHEALTH,"Opioids, Health, Lawsuits, Oklahoma, Business, U.S. News, General News",claim,dataset_label,data/raw/pubhealth,2987, Ken Miller,en
"Democratic 2020 candidates vie for unions, Latinos in Nevada.",Reliable,PUBHEALTH,"Race and ethnicity, Health care reform, General News, Politics, Election 2020, Elizabeth Warren, Medicare, Bernie Sanders, Las Vegas, Nevada, Pete Buttigieg, Amy Klobuchar",claim,dataset_label,data/raw/pubhealth,3062, Michelle L. Price,en
FDA approves AstraZeneca type 2 diabetes drug.,Reliable,PUBHEALTH,Health News,claim,dataset_label,data/raw/pubhealth,2917,Bill Berkrot,en
"Bill Clinton Says Hillary Clinton tripled the number of people with AIDS whose ""lives are being saved .. and it did not cost you any more money.",Reliable,PUBHEALTH,"Global News Service, Foreign Policy, Public Health, Bill Clinton, ",claim,dataset_label,data/raw/pubhealth,13691,Jon Greenberg,en
Hearing concludes in Missouri abortion clinic licensing case.,Reliable,PUBHEALTH,"Michael Brown, Health, General News, Abortion, St. Louis, U.S. News",claim,dataset_label,data/raw/pubhealth,5591, Jim Salter,en
US plans reimagine fighting wildfires amid crews’ virus risk.,Reliable,PUBHEALTH,"Wildfires, General News, Lifestyle, Health, Fires, Science, U.S. News, Idaho",claim,dataset_label,data/raw/pubhealth,7548, Rebecca Boone,en
Evidence shows Zika virus turns fetus brains to liquid.,Misinformation,PUBHEALTH,"Global News Service, Public Health, Bloggers, ",claim,dataset_label,data/raw/pubhealth,14349,Jon Greenberg,en
“People are starting to enter ERs with fungal lung infections from wearing masks!!,Misinformation,PUBHEALTH,"Public Health, Facebook Fact-checks, California, Coronavirus, Facebook posts, ",claim,dataset_label,data/raw/pubhealth,26005,Chris Nichols,en
Bread a culprit in Americans eating too much salt.,Reliable,PUBHEALTH,Health News,claim,dataset_label,data/raw/pubhealth,1883,David Beasley,en
"Tom Petri Says President Barack Obama’s debt commission recommended converting Medicare ""to a system where Medicare participants are given a voucher to purchase insurance in the private market.",Misinformation,PUBHEALTH,"Deficit, Federal Budget, Medicare, Wisconsin, Tom Petri, ",claim,dataset_label,data/raw/pubhealth,22127,Tom Kertscher,en
Gabapentin is now considered the most dangerous drug in America and will surpass opioids as the largest prescription drug killer.,Misinformation,PUBHEALTH,"Medical, drug abuse, drug overdose, gabapentin",claim,dataset_label,data/raw/pubhealth,30696,Alex Kasprak,en
Disney closes controversial fat-fighting exhibit.,Reliable,PUBHEALTH,Health News,claim,dataset_label,data/raw/pubhealth,1872,Barbara Liston,en
Abaloparatide may help prevent fractures in postmenopausal women with osteoporosis,Reliable,PUBHEALTH,"Association/Society news release,Women's health",claim,dataset_label,data/raw/pubhealth,11446,"Joann Rodgers, MS,Harold J. DeMonaco, MS,Kathlyn Stone",mixed
"People vaccinated for seasonal influenza face higher chances of catching SARS-COV-2, which causes COVID-19, or testing positive for the virus when they do not actually have it.",Misinformation,PUBHEALTH,"Politics, COVID-19",claim,dataset_label,data/raw/pubhealth,35678,Jessica Lee,en
"Viral image Says two patients at Valley Regional Medical Center in Brownsville, Texas, “are being looked at” for possible coronavirus infections.",Misinformation,PUBHEALTH,"Texas, Facebook Fact-checks, Coronavirus, Viral image, ",claim,dataset_label,data/raw/pubhealth,26760,Ciara O'Rourke,mixed
Ireland has mostly contained coronavirus outbreak: health chief.,Reliable,PUBHEALTH,Health News,claim,dataset_label,data/raw/pubhealth,8415,Padraic Halpin,en
"Here in Wisconsin, we've put in previous budgets more money into mental health services than any governor has in the last 25 years.",Reliable,PUBHEALTH,"Health Care, Public Health, State Budget, Terrorism, Wisconsin, Scott Walker, ",claim,dataset_label,data/raw/pubhealth,14776,Tom Kertscher,en
"Insurance companies ""have made a fortune with Obamacare.",Misinformation,PUBHEALTH,"National, Health Care, Donald Trump, ",claim,dataset_label,data/raw/pubhealth,11967,Jon Greenberg,en
"As of July 17, 2020, Nueces County in Texas had seen 85 positive COVID-19 tests among children aged under 1 year.",Misinformation,PUBHEALTH,"Medical, COVID-19",claim,dataset_label,data/raw/pubhealth,35521,Dan MacGuill,en
COVID-19 started because we eat animals.,Misinformation,PUBHEALTH,"Food, Food Safety, Facebook Fact-checks, Coronavirus, Instagram posts, ",claim,dataset_label,data/raw/pubhealth,26649,Daniel Funke,en
"Coronavirus death toll jumps to 107 in Italy, all schools shut.",Reliable,PUBHEALTH,Health News,claim,dataset_label,data/raw/pubhealth,8351,"Giuseppe Fonte, Gavin Jones",en
"Fast-food restaurants target U.S. kids, study shows.",Reliable,PUBHEALTH,Health News,claim,dataset_label,data/raw/pubhealth,2052,"Maggie Fox, Health, Science Editor",en
"President Trump intends to nominate Dr. Oz to the Presidential Council on Sport, Fitness and Nutrition.",Reliable,PUBHEALTH,"Politics, Council on Sport Fitness and Nutrition, Dr. Oz, health",claim,dataset_label,data/raw/pubhealth,27326,Alex Kasprak,en
Russian border becomes China's frontline in fight against second virus wave.,Reliable,PUBHEALTH,Health News,claim,dataset_label,data/raw/pubhealth,8515,"Yew Lun Tian, Huizhong Wu",en
"With U.S. hit by virus, China courts Latin America with medical diplomacy.",Reliable,PUBHEALTH,Health News,claim,dataset_label,data/raw/pubhealth,8068,Cassandra Garrison,en
Georgia could be first state to test Trump health proposals.,Reliable,PUBHEALTH,"Georgia, Health care reform, General News, Medicaid, Donald Trump, Barack Obama",claim,dataset_label,data/raw/pubhealth,3402, Sudhin Thanawala,en
Senator McCain would pay for part of his (health care) plan by making drastic cuts in Medicare — $882-billion worth.,Misinformation,PUBHEALTH,"National, Health Care, Barack Obama, ",claim,dataset_label,data/raw/pubhealth,24820,Adriel Bettelheim,en
"Ultrasound jiggles open brain barrier, a step to better care.",Reliable,PUBHEALTH,"Health, Tumors, North America, Ultrasound, Science, U.S. News",claim,dataset_label,data/raw/pubhealth,6877, Lauran Neergaard,en
Lake worshipped by Incans now littered with trash.,Reliable,PUBHEALTH,"AP Top News, International News, South America, Lake Titicaca, Latin America, Lakes, Environment, Health, Science, Peru, Bolivia, Frogs",claim,dataset_label,data/raw/pubhealth,4423, Franklin Briceno,en
"US surgeon general urges caution, not panic, on new virus.",Reliable,PUBHEALTH,"General News, Flu, Connecticut, Virus Outbreak, Michael Pence, Public health",claim,dataset_label,data/raw/pubhealth,7530, Dave Collins,en
Regulator grants license for Britain's first three-parent IVF babies.,Reliable,PUBHEALTH,Health News,claim,dataset_label,data/raw/pubhealth,1382,Kate Kelland,en
Louisiana to name nursing homes where outbreaks happen.,Reliable,PUBHEALTH,"John Bel Edwards, General News, Nursing homes, Virus Outbreak, Louisiana, Public health, Baton Rouge",claim,dataset_label,data/raw/pubhealth,7445, Melinda Deslatte And Kevin Mcgill,en
US begins ‘warp speed’ vaccine push as studies ramp up.,Reliable,PUBHEALTH,"U.S. News, Understanding the Outbreak, Health, General News, Politics, International News, Science, Racing for a Remedy, Virus Outbreak, Donald Trump",claim,dataset_label,data/raw/pubhealth,7355, Lauran Neergaard And Zeke Miller,en
The seeds of certain common household plants can be used as an alternative to LSD.,Misinformation,PUBHEALTH,"Medical, drugs, Hawaiian Baby Woodrose, legal highs",claim,dataset_label,data/raw/pubhealth,29260,Alex Kasprak,en
"Hair-grooming syncope"" is a real fainting disorder that can occur during acts of hair care.",Reliable,PUBHEALTH,Medical,claim,dataset_label,data/raw/pubhealth,27070,Dan Evon,en
Donald Trump Says Joe Biden has “written a letter of apology” for calling Trump’s travel restrictions from China “xenophobic.”,Misinformation,PUBHEALTH,"National, China, Elections, Coronavirus, Donald Trump, ",claim,dataset_label,data/raw/pubhealth,26376,Bill McCarthy,en
Principal who went into coma after bone marrow donation dies.,Reliable,PUBHEALTH,"Willie Nelson, Hackensack, New Jersey, Health, France, North America, U.S. News",claim,dataset_label,data/raw/pubhealth,3316, Kristen De Groot,en
Massachusetts officials rescind ban on vaping product sales .,Reliable,PUBHEALTH,"Health, General News, Legislation, Charlie Baker, Massachusetts, Vaping, Public health, Tobacco industry regulation, Laws",claim,dataset_label,data/raw/pubhealth,3387, Philip Marcelo,en
Cuban doctors head to Italy to battle coronavirus.,Reliable,PUBHEALTH,Health News,claim,dataset_label,data/raw/pubhealth,8014,Nelson Acosta,en
Getting relief from sexual dysfunction and incontinence caused by menopause,Misinformation,PUBHEALTH,"menopausal symptoms,North American Menopause Society,vaginal laser surgery",claim,dataset_label,data/raw/pubhealth,8952,"Michael Joyce, MD,Dan Mayer, MD,Kathlyn Stone",en
Obamacare isn't helping anyone.,Misinformation,PUBHEALTH,"National, Health Care, Carly Fiorina, ",claim,dataset_label,data/raw/pubhealth,14930,Louis Jacobson,en
Israel targets fashion industry over underweight models.,Reliable,PUBHEALTH,Health News,claim,dataset_label,data/raw/pubhealth,1500,Miriam Berger,en
"Doctors, nurses, hospitals, even the pharmaceutical industry, (and) AARP"" say that health reform ""makes sense to do.",Reliable,PUBHEALTH,"National, Health Care, Barack Obama, ",claim,dataset_label,data/raw/pubhealth,24624,Catharine Richert,en
Quebec appeals court upholds C$15 billion tobacco class action ruling.,Reliable,PUBHEALTH,Health News,claim,dataset_label,data/raw/pubhealth,377,"Allison Lampert, Martinne Geller",en
Hunt on for 'patient zero' who spread coronavirus globally from Singapore.,Reliable,PUBHEALTH,Health News,claim,dataset_label,data/raw/pubhealth,8723,"John Geddie, Sangmi Cha, Kate Holton",en
"Getting a coronavirus test in Wuhan: fast, cheap and easy.",Reliable,PUBHEALTH,Health News,claim,dataset_label,data/raw/pubhealth,8495,Brenda Goh,en
Samoa faces coronavirus threat after recovering from deadly measles outbreak.,Reliable,PUBHEALTH,Health News,claim,dataset_label,data/raw/pubhealth,8210,Rudy Bartley,en
An Ohio man died from complications related to the COVID-19 coronavirus disease weeks after he downplayed the virus on social media.,Reliable,PUBHEALTH,"Politics, COVID-19",claim,dataset_label,data/raw/pubhealth,35284,Dan Evon,en
CAR-T therapy makes early inroads in treating brain cancer,Reliable,PUBHEALTH,"brain cancer,immunotherapy",claim,dataset_label,data/raw/pubhealth,9516,"Joann Rodgers, MS,Dan Mayer, MD,Joy Victory",en
West Virginia physician retires after 41 years.,Reliable,PUBHEALTH,"Health, Bluefield, General News, West Virginia",claim,dataset_label,data/raw/pubhealth,7310," Charles Boothe, Bluefield Daily Telegraph",en
"Coronavirus could kill 81,000 in U.S., subside in June - Washington University analysis.",Reliable,PUBHEALTH,Health News,claim,dataset_label,data/raw/pubhealth,8058,Carl O'Donnell,en
First lady calls for end of e-cigarette marketing to youth.,Reliable,PUBHEALTH,"Health, General News, Politics, Business, Vaping, Melania Trump, United States",claim,dataset_label,data/raw/pubhealth,3181, Darlene Superville,en
Poorer countries lack midwives to cut birth deaths: report.,Reliable,PUBHEALTH,Health News,claim,dataset_label,data/raw/pubhealth,2326,Susan Heavey,en
"UK was too slow on coronavirus and 40,000 could die, professor says.",Reliable,PUBHEALTH,Health News,claim,dataset_label,data/raw/pubhealth,8296,"Guy Faulconbridge, Elizabeth Piper, Paul Sandle",en
"As measles returns, U.S. states look to cut vaccine exemptions.",Reliable,PUBHEALTH,Health News,claim,dataset_label,data/raw/pubhealth,1079,Jonathan Allen,en
"Amid tighter race, Clinton and Trump trade barbs over health.",Reliable,PUBHEALTH,"Hillary Clinton, Campaign 2016, James Brown, North Carolina, AP Politics, Pneumonia, Health, Events, Greensboro, Donald Trump",claim,dataset_label,data/raw/pubhealth,4867, Julie Pace And Lisa Lerer,en
US drinking more now than just before Prohibition.,Reliable,PUBHEALTH,"AP Top News, Health, General News, Health statistics, U.S. News, Public health",claim,dataset_label,data/raw/pubhealth,2972, Mike Stobbe,en
Pakistan study blames HIV outbreak in kids on bad healthcare.,Reliable,PUBHEALTH,"Health, Asia Pacific, General News, Medication, Pakistan",claim,dataset_label,data/raw/pubhealth,3355, Kathy Gannon,en
Gaza resumes coronavirus testing amid shortages.,Reliable,PUBHEALTH,Health News,claim,dataset_label,data/raw/pubhealth,8518,Nidal Al-Mughrabi,en
The number of Britons drinking to harmful levels has fallen sharply.,Reliable,PUBHEALTH,health,claim,dataset_label,data/raw/pubhealth,41701,Joël Reland,en
Law enforcement agencies recommend that people wash the handle on shopping carts before using them to avoid potential exposure to fentanyl.,Misinformation,PUBHEALTH,"Medical, drugs, fentanyl, opioids",claim,dataset_label,data/raw/pubhealth,30854,Alex Kasprak,en
"There were 3,700 drug-related deaths in England and Wales last year.",Reliable,PUBHEALTH,health,claim,dataset_label,data/raw/pubhealth,41670,Claire Milne,en
“Why did the state do that with COVID patients in nursing homes? It’s because the state followed President Trump’s CDC guidance.”,Misinformation,PUBHEALTH,"Public Health, New York, Coronavirus, Andrew Cuomo, ",claim,dataset_label,data/raw/pubhealth,26128,Jill Terreri Ramos,en
"Currently, half a million Floridians have Alzheimer’s disease, and in less than 10 years, a 40 percent growth rate means that another 200,000 Floridians will develop this devastating illness.",Reliable,PUBHEALTH,"Disability, Health Care, Retirement, Florida, Rosemary Laird, ",claim,dataset_label,data/raw/pubhealth,12753,Louis Jacobson,en
"New Therapy Delivers Long-Term Relief for Chronic Back, Leg Pain, Study Finds",Misinformation,PUBHEALTH,"Association/Society news release,Conflict of interest,medical devices",claim,dataset_label,data/raw/pubhealth,10862,"Kevin Lomangino,James Rickert, MD,Gary Schwitzer",en
Hallmark greeting cards are made in China.,Misinformation,PUBHEALTH,"Business, COVID-19",claim,dataset_label,data/raw/pubhealth,35329,Dan Evon,en
"Bayer, Novartis clash with UK doctors over use of cheap eye drug.",Reliable,PUBHEALTH,Health News,claim,dataset_label,data/raw/pubhealth,1353,Ben Hirschler,en
"Of the 98 top oxycodone-dispensing doctors who used to live in Florida, ""today, there are none.",Reliable,PUBHEALTH,"Criminal Justice, Drugs, Public Safety, Florida, Pam Bondi, ",claim,dataset_label,data/raw/pubhealth,16469,Joshua Gillin,en
California sues US over home health worker union dues.,Reliable,PUBHEALTH,"California, Health, Lawsuits, Labor unions, Medicaid, Xavier Becerra",claim,dataset_label,data/raw/pubhealth,5044, Adam Beam,en
Botox may prevent irregular heartbeat after bypass surgery,Reliable,PUBHEALTH,"Association/Society news release,cardiovascular disease",claim,dataset_label,data/raw/pubhealth,10900,"Harold J. DeMonaco, MS,Ishani Ganguli, MD, MPH,Kathlyn Stone",tl
Georgia takes step toward legalizing medical marijuana.,Reliable,PUBHEALTH,Health News,claim,dataset_label,data/raw/pubhealth,1714,David Beasley,en
"The National Cancer Institute has ""admitted"" that ""cannabis kills cancer.",Misinformation,PUBHEALTH,"Medical, cancer, cannabis, marijuana",claim,dataset_label,data/raw/pubhealth,30340,Alex Kasprak,en
“Bill Gates told us about the coronavirus in 2015.”,Reliable,PUBHEALTH,"Facebook Fact-checks, Coronavirus, Facebook posts, ",claim,dataset_label,data/raw/pubhealth,26596,Ciara O'Rourke,en
Walker taking gas tax argument to voters at the pumps.,Reliable,PUBHEALTH,"Health, Wisconsin, Scott Walker, Kavanaugh nomination, Elections, Prescription drug costs, Prescription drugs",claim,dataset_label,data/raw/pubhealth,3803, Scott Bauer,mixed
Virus-hit Carnival cruise ship docks in Australia as country's death toll hits 40.,Reliable,PUBHEALTH,Health News,claim,dataset_label,data/raw/pubhealth,8625,"Sonali Paul, Jonathan Barrett",en
U.N. wants better life for world of 7 billion.,Reliable,PUBHEALTH,Health News,claim,dataset_label,data/raw/pubhealth,1925,Avril Ormsby,en
Clamor for GSK shingles shot points to bigger profits.,Reliable,PUBHEALTH,Health News,claim,dataset_label,data/raw/pubhealth,1308,Ben Hirschler,en
"Texas leads ""the country in drunk driving fatalities.",Reliable,PUBHEALTH,"Drugs, Public Safety, Texas, Art Acevedo, ",claim,dataset_label,data/raw/pubhealth,22968,W. Gardner Selby,en
Dr. Anthony Fauci wrote in a 2005 paper published in Virology Journal that hydroxychloroquine was effective in treating SARS.,Misinformation,PUBHEALTH,"Medical, COVID-19, Editor's Picks",claim,dataset_label,data/raw/pubhealth,35560,Dan Evon,en
One in five people are drinking too much alcohol.,Reliable,PUBHEALTH,health,claim,dataset_label,data/raw/pubhealth,41702,Joël Reland,en
If you want out of the individual mandate... all you have to do now is tick off the box that says 'hardship' and you're out.,Misinformation,PUBHEALTH,"Health Care, PunditFact, Charles Krauthammer, ",claim,dataset_label,data/raw/pubhealth,17177,Katie Sanders,en
"Mark Pryor Says Tom Cotton ""voted against preparing America for pandemics like Ebola.",Misinformation,PUBHEALTH,"National, Ebola, Message Machine 2014, Public Health, Voting Record, Mark Pryor, ",claim,dataset_label,data/raw/pubhealth,16552,Lauren Carroll,en
"“The coronavirus is the common cold, folks.”",Misinformation,PUBHEALTH,"Public Health, Pundits, PunditFact, Coronavirus, Rush Limbaugh, ",claim,dataset_label,data/raw/pubhealth,26810,Bill McCarthy,en
Tanzania rejects suspicions that it covered up Ebola cases.,Reliable,PUBHEALTH,"United Nations, Health, General News, East Africa, Africa, International News, Tanzania, Travel, Kenya, Ebola virus",claim,dataset_label,data/raw/pubhealth,5151, Tom Odula,en
"If someone is in a room that has measles and leaves and you walk in two hours later, you could get measles from that person.",Reliable,PUBHEALTH,"Health Care, Public Health, PunditFact, Elizabeth Cohen, ",claim,dataset_label,data/raw/pubhealth,15939,Katie Sanders,en
"U.S. President Barack Obama waited until millions were infected and thousands were dead before declaring a public health emergency concerning swine flu, the H1N1 virus.",Misinformation,PUBHEALTH,"Politics, COVID-19",claim,dataset_label,data/raw/pubhealth,35156,Dan Evon,en
“The coronavirus has made it to Mississippi and the lady that caught it wasn’t around nobody with it which means it is airborne. That means if the wind blows it your direction you’ll have it also.”,Misinformation,PUBHEALTH,"Facebook Fact-checks, Coronavirus, Facebook posts, ",claim,dataset_label,data/raw/pubhealth,26764,Ciara O'Rourke,en
Can blood from coronavirus survivors treat the newly ill?.,Reliable,PUBHEALTH,"AP Top News, International News, Measles, General News, Flu, Health, Science, Racing for a Remedy, Asia Pacific, Virus Outbreak, Europe, Ebola virus, Weekend Reads, U.S. News",claim,dataset_label,data/raw/pubhealth,7496, Lauran Neergaard,en
Warren says getting to ‘Medicare for All’ will take 3 years.,Reliable,PUBHEALTH,"Election 2020, Health, General News, Politics, Health care reform, Elizabeth Warren, Medicare, Business",claim,dataset_label,data/raw/pubhealth,4526, Will Weissert,en
Brain-dead California girl ordered kept on ventilator for week longer.,Reliable,PUBHEALTH,Health News,claim,dataset_label,data/raw/pubhealth,2946,Laila Kearney,en
Video shows President Donald Trump saying COVID-19 is Democrats’ “new hoax.”,Misinformation,PUBHEALTH,"Ad Watch, Coronavirus, Joe Biden, ",claim,dataset_label,data/raw/pubhealth,26675,Daniel Funke,en
India bans export of drug being tested for coronavirus treatment.,Reliable,PUBHEALTH,Health News,claim,dataset_label,data/raw/pubhealth,8101,Neha Dasgupta,en
Study challenges health benefits of moderate drinking.,Reliable,PUBHEALTH,"Health, China, Stroke, Heart attack, AP Top News",claim,dataset_label,data/raw/pubhealth,4978, Maria Cheng,en
"Joaquin Castro Says the director of an anti-abortion group receiving a Texas grant to provide women’s health services ""believes HIV can be spread through the sewer system.",Reliable,PUBHEALTH,"Health Care, Public Health, Texas, Joaquin Castro, ",claim,dataset_label,data/raw/pubhealth,13647,W. Gardner Selby,en
Italy suffers setback to hopes its coronavirus epidemic might be in retreat.,Reliable,PUBHEALTH,Health News,claim,dataset_label,data/raw/pubhealth,8065,"Crispian Balmer, Gavin Jones",en
"Rick Scott ""was forced to resign as the head of a company that pled guilty to massive amounts of systematic fraud, including 14 felonies, leading to a historic $1.7 billion fine.",Reliable,PUBHEALTH,"Candidate Biography, Health Care, Florida, Alex Sink, ",claim,dataset_label,data/raw/pubhealth,23948,Aaron Sharockman,en
Insulin can be purchased at Walmart for $25 a vial.,Reliable,PUBHEALTH,"Politics, pharmaceuticals",claim,dataset_label,data/raw/pubhealth,28052,Bethania Palma,mixed
The Cancer Act of 1939 makes it illegal to cure cancer.,Misinformation,PUBHEALTH,"Medical, big pharma, cancer",claim,dataset_label,data/raw/pubhealth,30259,Alex Kasprak,en
"George Soros owns the WuXi PHARMA LAB located in Wuhan, China where COVID-19 was developed and conveniently Broke Out.",Misinformation,PUBHEALTH,"Facebook Fact-checks, Coronavirus, Facebook posts, ",claim,dataset_label,data/raw/pubhealth,26640,Daniel Funke,en
"Congo’s conflict makes fighting Ebola, sexual violence risky.",Reliable,PUBHEALTH,"Denis Mukwege, International News, Africa, Health, Nobel Prizes, United Nations",claim,dataset_label,data/raw/pubhealth,7046, Cara Anna,en
Several major brands of lipstick contain dangerous levels of cancer-causing lead which can be detected with a gold ring.,Misinformation,PUBHEALTH,"Medical, beauty products, Contaminated Products, cosmetics",claim,dataset_label,data/raw/pubhealth,29603,David Mikkelson,en
Beijing quarantines returning residents as China struggles to pick up economy.,Reliable,PUBHEALTH,Health News,claim,dataset_label,data/raw/pubhealth,8671,Kevin Yao,en
Overweight Americans who pick diet drinks eat more food: study.,Reliable,PUBHEALTH,Health News,claim,dataset_label,data/raw/pubhealth,2846,Susan Heavey,en
"Among 2020 Democrats, a debate over ‘Medicare-for-all’.",Reliable,PUBHEALTH,"Jake Tapper, Health, Universal health care, North America, Health care reform, Medicare, Kamala Harris",claim,dataset_label,data/raw/pubhealth,7189, Ricardo Alonso-Zaldivar,en
"Top Nigerian president aide, state governor test positive for coronavirus.",Reliable,PUBHEALTH,Health News,claim,dataset_label,data/raw/pubhealth,8106,"Paul Carsten, Alexis Akwagyiram",en
Judge tosses $417M award against Johnson & Johnson.,Reliable,PUBHEALTH,"Johnson & Johnson, Los Angeles, Cancer, Health, Ovarian cancer, Business, AP Top News, Courts, U.S. News",claim,dataset_label,data/raw/pubhealth,4252, Robert Jablon,en
Many U.S. kids have chronic health problems: study.,Reliable,PUBHEALTH,Health News,claim,dataset_label,data/raw/pubhealth,2686,Julie Steenhuysen,en
The high-dose Fluzone vaccine caused the deaths of 23 senior citizens during a clinical trial.,Misinformation,PUBHEALTH,Medical,claim,dataset_label,data/raw/pubhealth,34106,Alex Kasprak,en
"UK to use firefighters to deliver food, collect bodies in coronavirus crisis.",Reliable,PUBHEALTH,Health News,claim,dataset_label,data/raw/pubhealth,7879,Michael Holden,en
"The government are putting £34 billion into the NHS, the biggest ever cash injection.",Reliable,PUBHEALTH,health,claim,dataset_label,data/raw/pubhealth,41713,Claire Milne,en
Americans sicker but English die quicker says study.,Reliable,PUBHEALTH,Health News,claim,dataset_label,data/raw/pubhealth,2053,"Kate Kelland, Julie Steenhuysen",en
If you maintain social distancing indoors “there's no reason to have an additional mask on top of that.”,Misinformation,PUBHEALTH,"Florida, Coronavirus, Anthony Sabatini, ",claim,dataset_label,data/raw/pubhealth,25935,Amy Sherman,en
"Donald Trump Says Cory Booker has accepted over $400,000 from the pharmaceutical industry during his political career.",Reliable,PUBHEALTH,"National, Campaign Finance, Health Care, Donald Trump, ",claim,dataset_label,data/raw/pubhealth,27008,Jon Greenberg,en
The sap of the giant hogweed plant can cause severe skin and eye irritation.,Reliable,PUBHEALTH,"Medical, Toxin Du Jour",claim,dataset_label,data/raw/pubhealth,27876,Snopes Staff,en
“We have one of the lowest mortality rates in the world” from COVID-19.,Misinformation,PUBHEALTH,"Public Health, Coronavirus, Donald Trump, ",claim,dataset_label,data/raw/pubhealth,25929,Louis Jacobson,en
UTA researcher patents “roach motel” for cancer,Misinformation,PUBHEALTH,"cancer trap,University of Texas at Arlington",claim,dataset_label,data/raw/pubhealth,9000,"Matt Shipman,Adam Cifu, MD,Kathlyn Stone",en
"Hank Johnson Says ""by reducing chronic health care costs in the State of Georgia, we can reduce the $32.8 billion lost each year due to lack of productivity and economic costs.",Reliable,PUBHEALTH,"Georgia, Economy, Health Care, Hank Johnson, ",claim,dataset_label,data/raw/pubhealth,17808,Eric Stirgus,en
Dr. Fauci says every American should be microchipped.,Misinformation,PUBHEALTH,"Public Health, Technology, Facebook Fact-checks, Coronavirus, Facebook posts, ",claim,dataset_label,data/raw/pubhealth,26285,Madison Czopek,en
Smoking to kill 5.6 million US kids if not stubbed out: report.,Reliable,PUBHEALTH,Health News,claim,dataset_label,data/raw/pubhealth,2835,"Julie Steenhuysen, Susan Heavey",en
"Pandemic-related shutdown orders are unconstitutional, and persons arrested for violating them can collect damages.",Misinformation,PUBHEALTH,"Politics, COVID-19",claim,dataset_label,data/raw/pubhealth,35335,David Mikkelson,en
"Can't exercise? A hot bath may help improve inflammation, metabolism, study suggests",Misinformation,PUBHEALTH,"American Physiological Society,hot baths,obesity",claim,dataset_label,data/raw/pubhealth,8945,"Michael Joyce, MD,Edward Ward, MD,Kathlyn Stone",tl
Europe sees more signs of hope as Italy’s virus curve falls.,Reliable,PUBHEALTH,"Italy, Understanding the Outbreak, International News, General News, Health, Business, Virus Outbreak, Europe, Spain",claim,dataset_label,data/raw/pubhealth,7324, Frances D'Emilio,en
Distinguishing fatal prostate cancer from 'manageable' cancer now possible,Misinformation,PUBHEALTH,"diagnostic test,prostate cancer",claim,dataset_label,data/raw/pubhealth,8950,"Leah Rosenbaum,Richard Hoffman, MD,Kathlyn Stone",en
"If masks prevent coronavirus, governors would have given them to prison inmates instead of releasing them.",Misinformation,PUBHEALTH,"Corrections and Updates, Criminal Justice, Crime, Public Health, Facebook Fact-checks, California, New York, Coronavirus, Facebook posts, ",claim,dataset_label,data/raw/pubhealth,26287,Tom Kertscher,en
"Virus spreads on cruise ship in Japan, U.S. passengers flying home.",Reliable,PUBHEALTH,Health News,claim,dataset_label,data/raw/pubhealth,8922,"Ju-Min Park, Tetsushi Kajimoto",en
Study: Many in Ebola outbreak don’t believe virus is real.,Reliable,PUBHEALTH,"Africa, Health, Senegal, Infectious diseases, International News",claim,dataset_label,data/raw/pubhealth,4116, Krista Larson,en
Study Results Published in JAMA Conclude that 3D MAMMOGRAPHY™ Exams Outperform Conventional Mammography for Women with Both Dense and Nondense Breasts,Misinformation,PUBHEALTH,"Breast cancer,industry/commercial news releases,Screening tests",claim,dataset_label,data/raw/pubhealth,11138,"Mandy Stahre, PhD,Richard Hoffman, MD,Kathlyn Stone",en
Multidrug-resistant malaria spreading in Southeast Asia: study.,Reliable,PUBHEALTH,Health News,claim,dataset_label,data/raw/pubhealth,891,Kate Kelland,en
U.S. panel outlines how doctors should ration care in a pandemic.,Reliable,PUBHEALTH,Health News,claim,dataset_label,data/raw/pubhealth,8007,Julie Steenhuysen,en
"New class of blood pressure meds as effective as old, analysis shows",Reliable,PUBHEALTH,"drug costs,high blood pressure",claim,dataset_label,data/raw/pubhealth,9697,"Earle Holland,Steven J. Atlas, MD, MPH,Kevin Lomangino",en
"Thirty-three Florida labs were busted for ""cooking the books"" or tampering with data after not reporting negative COVID-19 test results between March and July 2020.",Misinformation,PUBHEALTH,"Medical, COVID-19",claim,dataset_label,data/raw/pubhealth,35522,Madison Dapcevich,en
"Cory Gardner Says on contraception, his plan is ""cheaper and easier for you"" than Sen. Mark Udall’s",Misinformation,PUBHEALTH,"National, Health Care, Message Machine 2014, Women, Cory Gardner, ",claim,dataset_label,data/raw/pubhealth,16511,Steve Contorno,en
"Darrell Issa Says Thomas Eric Duncan came into the United States ""with an elevated temperature.",Misinformation,PUBHEALTH,"National, Ebola, Health Care, Public Health, Transportation, Darrell Issa, ",claim,dataset_label,data/raw/pubhealth,16259,Lauren Carroll,en
"Suicide among veterans highest in western US, rural areas.",Reliable,PUBHEALTH,"Access to health care, Health, Politics, North America, Veterans, Veterans affairs",claim,dataset_label,data/raw/pubhealth,5803, Hope Yen,en
"“This virus has a cure. It is called hydroxychloroquine, zinc, and Zithromax. I know you people want to talk about a mask. Hello? You don’t need (a) mask. There is a cure.”",Misinformation,PUBHEALTH,"Public Health, Facebook Fact-checks, Coronavirus, Stella Immanuel, ",claim,dataset_label,data/raw/pubhealth,25886,Daniel Funke,en
Both real and virtual colonoscopies work: report.,Reliable,PUBHEALTH,Health News,claim,dataset_label,data/raw/pubhealth,8744,Gene Emery,en
"Daraprim is still underpriced, relative to its peers.",Misinformation,PUBHEALTH,"Corrections and Updates, Health Care, Public Health, PunditFact, Martin Shkreli, ",claim,dataset_label,data/raw/pubhealth,15122,Linda Qiu,en
March 2020 was the first March without a school shooting in the U.S. since 2002.,Misinformation,PUBHEALTH,"Politics, COVID-19",claim,dataset_label,data/raw/pubhealth,35257,Jessica Lee,en
Italy threatens to ban outdoor exercise as coronavirus deaths surge.,Reliable,PUBHEALTH,Health News,claim,dataset_label,data/raw/pubhealth,8177,"Crispian Balmer, Elvira Pollina",en
"UAE orders overnight curfew for deep clean, Gulf coronavirus cases rise.",Reliable,PUBHEALTH,Health News,claim,dataset_label,data/raw/pubhealth,8066,"Aziz  El Yaakoubi, Yousef Saba",en
States have cumulatively cut over $1.8 billion from their mental health services between 2009 and 2011. This is the largest reduction in state mental health services in half a century.,Reliable,PUBHEALTH,"Ohio, Health Care, Guns, Marcy Kaptur, ",claim,dataset_label,data/raw/pubhealth,18823,Sabrina Eaton,en
UN expert: Zimbabwe hunger ‘shocking’ for country not at war.,Reliable,PUBHEALTH,"Southern Africa, General News, Africa, Health, Zimbabwe, United Nations, International News",claim,dataset_label,data/raw/pubhealth,5471, Farai Mutsaka,mixed
Spain's PM to seek longer but more flexible lockdown.,Reliable,PUBHEALTH,Health News,claim,dataset_label,data/raw/pubhealth,8384,"Joan Faus, Graham Keeley",en
WHO rejects 'China-centric' charge after Trump criticism.,Reliable,PUBHEALTH,Health News,claim,dataset_label,data/raw/pubhealth,8574,Emma Farge,en
Florida researchers developing football helmets to reduce concussions.,Reliable,PUBHEALTH,Health News,claim,dataset_label,data/raw/pubhealth,2915,Barbara Liston,en
The best treatment for laryngeal cancer? This approach helps decide,Reliable,PUBHEALTH,laryngeal cancer,claim,dataset_label,data/raw/pubhealth,9193,"Matt Shipman,Doug Campos-Outcalt, MD, MPA,Kathlyn Stone",en
Obama put a 10 percent tax on tanning.,Reliable,PUBHEALTH,"National, Health Care, Snooki, ",claim,dataset_label,data/raw/pubhealth,23840,Robert Farley,en
Ebola 'no longer incurable' as Congo trial finds drugs boost survival.,Reliable,PUBHEALTH,Health News,claim,dataset_label,data/raw/pubhealth,833,Kate Kelland,en
It’s been proven over and over again Medicaid has the worst outcomes in the industrialized world as far as the quality of health care.,Misinformation,PUBHEALTH,"Medicaid, Florida, Ted Yoho, ",claim,dataset_label,data/raw/pubhealth,12694,Amy Sherman,en
"People on pot ""shoot each other ... stab each other ... strangle each other, drive under the influence, kill families.",Misinformation,PUBHEALTH,"Drugs, Crime, PunditFact, Marijuana, Nancy Grace, ",claim,dataset_label,data/raw/pubhealth,17468,Katie Sanders,en
US proposes new rules to increase organ transplants.,Reliable,PUBHEALTH,"AP Top News, Health, General News, Politics, Medicare, Organ transplants, U.S. News, Seema Verma",claim,dataset_label,data/raw/pubhealth,4552, Lauran Neergaard,en
Massachusetts OKs funds to offset Planned Parenthood losses.,Reliable,PUBHEALTH,"Planned Parenthood, Health, Legislation, Abortion, North America, Charlie Baker, Massachusetts, Womens health",claim,dataset_label,data/raw/pubhealth,7304, Steve Leblanc,en
Puppy love: therapy pooches bring peace of mind at Spanish psychiatric center.,Reliable,PUBHEALTH,Health News,claim,dataset_label,data/raw/pubhealth,1531,Amanda Calvo,mixed
South African union takes government to court over COVID-19 gear shortage.,Reliable,PUBHEALTH,Health News,claim,dataset_label,data/raw/pubhealth,8592,"Wendell Roelf, Alexander Winning",en
Science Says: Too early for forecast on Lyme disease ticks.,Reliable,PUBHEALTH,"Animals, Health, Ticks, Science Says, Lyme disease, New York, Science, U.S. News",claim,dataset_label,data/raw/pubhealth,4065, Mike Stobbe,en
“The mainstream media pretended there was a deadly surge in COVID cases thanks to Wisconsinites voting.”,Misinformation,PUBHEALTH,"Elections, Fake news, Wisconsin, Coronavirus, One America News, ",claim,dataset_label,data/raw/pubhealth,26328,Eric Litke,en
"Searching for any three-digit number followed by ""new cases"" on Google provides evidence that the COVID-19 pandemic was manufactured.",Misinformation,PUBHEALTH,"Politics, COVID-19, Editor's Picks",claim,dataset_label,data/raw/pubhealth,35578,Dan Evon,en
"Cervical cancer in Africa is ""fully preventable with basic education, screening and vaccines.",Reliable,PUBHEALTH,"Global News Service, Health Care, Foreign Policy, Public Health, Joe Biden, ",claim,dataset_label,data/raw/pubhealth,14192,Jon Greenberg,en
Poll shows a partisan split over virus-era religious freedom.,Reliable,PUBHEALTH,"AP Top News, Health, General News, Politics, Lifestyle, Virus Outbreak, Public health, Donald Trump",claim,dataset_label,data/raw/pubhealth,7451, Elana Schor And Emily Swanson,en
The number of people detained under the Mental Health Act has increased by 47% in ten years.,Reliable,PUBHEALTH,mental-health,claim,dataset_label,data/raw/pubhealth,40834,Claire Milne,en
Reverse your diabetes -- and you can stay diabetes-free long-term,Misinformation,PUBHEALTH,"Academic medical center news release,diabetes,University news release,Weight loss",claim,dataset_label,data/raw/pubhealth,11550,"Earle Holland,Steven J. Atlas, MD, MPH,Kathlyn Stone",en
A viral video shows a newborn baby delivered inside an intact amniotic sac.,Reliable,PUBHEALTH,"Medical, caul, childbirth",claim,dataset_label,data/raw/pubhealth,27688,David Emery,en
"“President Trump just announced that the ‘biological’ lab in Wuhan where the COVID-19 virus was created was ‘funded’ by President Barak (sp) Hussein Obama in 2015 to the tune of $3,800,000 American dollars!”",Misinformation,PUBHEALTH,"National, China, Public Health, Science, Facebook Fact-checks, Coronavirus, Bloggers, ",claim,dataset_label,data/raw/pubhealth,26387,Jon Greenberg,en
"The GOP’s health bill will protect people with pre-existing conditions ""every bit as well as Obamacare did.",Misinformation,PUBHEALTH,"Health Care, Government Regulation, Public Health, Wisconsin, Ron Johnson, ",claim,dataset_label,data/raw/pubhealth,12073,Tom Kertscher,en
"Facebook post Says the Asian, Hong Kong, swine and bird flus each “killed more people than coronavirus.”",Misinformation,PUBHEALTH,"Public Health, Facebook Fact-checks, Coronavirus, Facebook posts, ",claim,dataset_label,data/raw/pubhealth,26483,Tom Kertscher,en
"As China builds biotech sector, cash floods U.S. startups.",Reliable,PUBHEALTH,Health News,claim,dataset_label,data/raw/pubhealth,2713,"Robin Respaut, Julie  Zhu",en
Battle ropes become popular go-to fitness tools in U.S. gyms.,Reliable,PUBHEALTH,Health News,claim,dataset_label,data/raw/pubhealth,1667,Dorene Intenicola,en
"2019 coronavirus can live for ""up to 3 hours in the air, up to 4 hours on copper, up to 24 hours on cardboard up to 3 days on plastic and stainless steel.”",Reliable,PUBHEALTH,"Public Health, Facebook Fact-checks, Coronavirus, Facebook posts, ",claim,dataset_label,data/raw/pubhealth,26632,Daniel Funke,en
"NY officials warn of rising flu cases, hospitalizations.",Reliable,PUBHEALTH,"Health, Andrew Cuomo, General News, Flu, New York",claim,dataset_label,data/raw/pubhealth,2999, The Associated Press,en
Anti-gravity treadmills get patients running again after knee surgery,Misinformation,PUBHEALTH,"Anti-gravity treadmills,knee surgery,University of Kent",claim,dataset_label,data/raw/pubhealth,9122,"Sally James,Christopher Labos, MD,Kathlyn Stone",en
Nursing home sues state over banned in-house beauty salon.,Reliable,PUBHEALTH,"Health, General News, Assisted living, North Dakota, Minot, Virus Outbreak, Lawsuits",claim,dataset_label,data/raw/pubhealth,7617,James Macpherson,en
New York City Council votes to add e-cigarettes to smoking ban.,Reliable,PUBHEALTH,Health News,claim,dataset_label,data/raw/pubhealth,2409,Curtis Skinner,en
Officials: New California measles cases involve travelers.,Reliable,PUBHEALTH,"Los Angeles, University of California, Health, Measles, California, California State University, Public health",claim,dataset_label,data/raw/pubhealth,6932, John Rogers,en
A photograph shows an STD-related infection known as 'blue waffle disease.',Misinformation,PUBHEALTH,"Risqué Business, blue waffle disease, Medical Myths, sexually transmitted disease",claim,dataset_label,data/raw/pubhealth,33381,David Mikkelson,en
Black cats in Vietnam are being killed and consumed as a COVID-19 cure.,Misinformation,PUBHEALTH,"Animals, Public Health, Facebook Fact-checks, Coronavirus, South West News Service, ",claim,dataset_label,data/raw/pubhealth,26337,Tom Kertscher,en
Stanford catcher Handley’s backup plan is career in medicine.,Reliable,PUBHEALTH,"Baseball, General News, Medical schools, Sports",claim,dataset_label,data/raw/pubhealth,6330, Janie Mccauley,en
"Innovative triple pill significantly lowers blood pressure, study finds",Misinformation,PUBHEALTH,"George Institute for Global Health,High blood pressure",claim,dataset_label,data/raw/pubhealth,8972,"Michael Joyce, MD,Harold J. DeMonaco, MS,Kathlyn Stone",en
Immunotherapy shows promise in preventing leukemia relapse,Misinformation,PUBHEALTH,"Fred Hutchinson Cancer Research Center,leukemia,T-cell therapy",claim,dataset_label,data/raw/pubhealth,9222,"Andrew Holtz, MPH,Susan Wei, PhD,Kathlyn Stone",en
"Warnings about Powassan Virus, a virus transmitted by ticks that can be deadly or cause permanent neurological symptoms, circulated as summer of 2017 began.",Reliable,PUBHEALTH,"Animals, Health / Medical, Warnings",claim,dataset_label,data/raw/pubhealth,38277,  Rich Buhler & Staff  ,en
Can brain disease explain Aaron Hernandez’s behavior?.,Reliable,PUBHEALTH,"NFL football, Health, Aaron Hernandez, Sports, Science, U.S. News, Football",claim,dataset_label,data/raw/pubhealth,5655, Lindsey Tanner,en
Price tag on gene therapy for rare form of blindness: $850K.,Reliable,PUBHEALTH,"AP Top News, Health, Gene therapy, Genetic Frontiers, North America, Technology, Business",claim,dataset_label,data/raw/pubhealth,7400, Matthew Perrone,en
"“U.S. hospitals are preparing for 96 million coronavirus infections and nearly half a million deaths, leaked documents reveal.”",Misinformation,PUBHEALTH,"Public Health, Facebook Fact-checks, Coronavirus, Facebook posts, ",claim,dataset_label,data/raw/pubhealth,26683,Tom Kertscher,en
"Former Baltimore lawmaker charged with bribery, fraud.",Reliable,PUBHEALTH,"Medical marijuana, General News, Marijuana, Maryland, Baltimore",claim,dataset_label,data/raw/pubhealth,4659, Regina Garcia Cano,en
Allen West Says the coronavirus has a “99.9% recovery rate” in Texas.,Misinformation,PUBHEALTH,"Texas, Coronavirus, Allen West, ",claim,dataset_label,data/raw/pubhealth,25802,Madlin Mekelburg,en
Michael Bloomberg named World Health Organization ambassador.,Reliable,PUBHEALTH,"World Health Organization, New York, Michael Bloomberg, AP Health, Margaret Chan, Health, United Nations, Injuries, Road safety",claim,dataset_label,data/raw/pubhealth,6417, Edith M. Lederer,en
Thailand rolls out cannabis clinic based on traditional medicine.,Reliable,PUBHEALTH,Health News,claim,dataset_label,data/raw/pubhealth,416,Chayut Setboonsarng,en
NUS researchers use AI to successfully treat metastatic cancer patient,Misinformation,PUBHEALTH,"artificial intelligence (AI),cancer treatment,National University of Singapore",claim,dataset_label,data/raw/pubhealth,8965,"Matt Shipman,Andrae Vandross, MD,Kathlyn Stone",en
"U.S. doctors' group says just stop vaping as deaths, illnesses rise.",Reliable,PUBHEALTH,Health News,claim,dataset_label,data/raw/pubhealth,758,Julie Steenhuysen,en
"“Pelosi’s new coronavirus bill allows illegals to receive billions in relief funds in past, current, and future payments.”",Reliable,PUBHEALTH,"Immigration, Economy, Facebook Fact-checks, Coronavirus, Facebook posts, ",claim,dataset_label,data/raw/pubhealth,26292,Miriam Valverde,en
Millions of pigs culled as swine fever spreads through Asia.,Reliable,PUBHEALTH,"Animals, Epidemics, Hong Kong, General News, North Korea, Hanoi, Asia, Health, Business, Vietnam, China, Cambodia, Asia Pacific, Disease outbreaks, Taiwan, International News",claim,dataset_label,data/raw/pubhealth,5445, Hau Dinh And Sam Mcneil,en
Ardern's online messages keep spirits up in New Zealand's coronavirus lockdown.,Reliable,PUBHEALTH,Health News,claim,dataset_label,data/raw/pubhealth,8662,Praveen Menon,en
"Ex-NFL player, doctor are arrested in Georgia opioid case.",Reliable,PUBHEALTH,"Georgia, Opioids, Cartersville, NFL, Arrests, Prescription drugs, Atlanta, General News, Football",claim,dataset_label,data/raw/pubhealth,3839, Jeff Martin,en
"When U.S. President Donald Trump took office, he inherited a “bare” Strategic National Stockpile that lacked an adequate supply of mechanical ventilators that would have aided the nation at the start of the 2020 COVID-19 pandemic.",Misinformation,PUBHEALTH,"Politics Medical, COVID-19",claim,dataset_label,data/raw/pubhealth,35887,Madison Dapcevich,mixed
You don't know if this (the H1N1 vaccine) is gonna cause neurological damage like it did in the 1970s.,Misinformation,PUBHEALTH,"National, Health Care, Pundits, Glenn Beck, ",claim,dataset_label,data/raw/pubhealth,24485,Robert Farley,en
"The Baucus health care bill would require taxes on medical devices such as X-ray machines, female condoms, HIV tests and surgical needles.",Reliable,PUBHEALTH,"National, Health Care, Taxes, Bloggers, ",claim,dataset_label,data/raw/pubhealth,24490,Louis Jacobson,en
"Eroding trust in vaccines leaves populations vulnerable, global study finds.",Reliable,PUBHEALTH,Health News,claim,dataset_label,data/raw/pubhealth,997,Kate Kelland,en
Study finds Americans are eating more - and more often.,Reliable,PUBHEALTH,Health News,claim,dataset_label,data/raw/pubhealth,1972,Ned Barnett,en
"New Mexico OKs more businesses to open, mandates masks.",Reliable,PUBHEALTH,"Michelle Lujan Grisham, Health, General News, New Mexico, Virus Outbreak, Public health",claim,dataset_label,data/raw/pubhealth,7440, Morgan Lee,en
Immunotherapy reduces cardiovascular risk in rheumatoid arthritis,Misinformation,PUBHEALTH,"Association/Society news release,cardiovascular disease",claim,dataset_label,data/raw/pubhealth,10980,"Alan Cassels,Dan Mayer, MD,Kathlyn Stone",en
“Every election year has a disease” ... SARS in 2004; avian flu in 2008; swine flu in 2010; MERS in 2012; Ebola in 2014 and 2018; Zika in 2016 and the coronavirus in 2020.,Misinformation,PUBHEALTH,"National, Elections, Health Care, Facebook Fact-checks, Health Check, Coronavirus, Facebook posts, ",claim,dataset_label,data/raw/pubhealth,26710,Emily Venezky,en
"Sleep apnea patient finds rest with implant device: ""It saved my life",Misinformation,PUBHEALTH,"medical devices,sleep apnea",claim,dataset_label,data/raw/pubhealth,9415,"Matt Shipman,Clarissa Diamantidis, MD, MHS,Joy Victory",en
Your child's brain on math: Don't bother?.,Reliable,PUBHEALTH,Health News,claim,dataset_label,data/raw/pubhealth,2518,Sharon Begley,en
Cancer the latest health woe for resilient Justice Ginsburg.,Reliable,PUBHEALTH,"AP Top News, Supreme courts, Cancer, Health, Politics, North America, U.S. Supreme Court, Ruth Bader Ginsburg, Courts, Donald Trump",claim,dataset_label,data/raw/pubhealth,5556, Mark Sherman,en
Facebook post Says Dr. Anthony Fauci “stands to lose 100 million dollars on Bill Gates ‘vaccine’ for the coronavirus. Because he invested in this vaccine.”,Misinformation,PUBHEALTH,"Ethics, Facebook Fact-checks, Coronavirus, Facebook posts, ",claim,dataset_label,data/raw/pubhealth,26470,Daniel Funke,en
Facebook post Says COVID-19 came to the United States in 2019.,Misinformation,PUBHEALTH,"China, Corrections and Updates, Facebook Fact-checks, Coronavirus, Facebook posts, ",claim,dataset_label,data/raw/pubhealth,26669,Ciara O'Rourke,en
Judge rules EPA failing to curb pollution blowing east.,Reliable,PUBHEALTH,"Clean Air Act, New York, Scott Pruitt, Environment, Connecticut, Air pollution, Smog, U.S. Environmental Protection Agency, Pollution",claim,dataset_label,data/raw/pubhealth,6108, Pat Eaton-Robb,en
The Drug Enforcement Agency (DEA) will be reclassifying marijuana as a Schedule 2 drug in August 2016.,Misinformation,PUBHEALTH,"Politics, DEA, FDA, marijuana",claim,dataset_label,data/raw/pubhealth,32598,Kim LaCapria,en
There is a federal criminal law that says it's a crime to transport dentures across state lines.,Reliable,PUBHEALTH,"Public Health, Virginia, Bob Goodlatte, ",claim,dataset_label,data/raw/pubhealth,14836,Sean Gorman,en
“Florida is doing over five times better” than New Jersey and New York in COVID-19 deaths per million people.,Misinformation,PUBHEALTH,"New Jersey, Public Health, Florida, Facebook Fact-checks, New York, Coronavirus, Facebook posts, ",claim,dataset_label,data/raw/pubhealth,25853,Tom Kertscher,en
"The president's health care proposals will cause ""most Americans to have their premiums increased, not decreased, and hundreds of millions of people lose their current insurance coverage.",Misinformation,PUBHEALTH,"National, Health Care, Pundits, Nancy Pfotenhauer, ",claim,dataset_label,data/raw/pubhealth,24306,Angie Drobnic Holan,en
"“Kids are less likely to get it (COVID-19). You know, they’re less likely to spread. So I think there’s some pretty good data out there that will help alleviate some of the concerns.”",Reliable,PUBHEALTH,"Children, Education, Public Health, Iowa, Coronavirus, Kim Reynolds, ",claim,dataset_label,data/raw/pubhealth,25953,Lyle Muller,en
"Tim Kaine Says ""Donald Trump is a guy who has called for privatization"" of the Veterans Administration.",Misinformation,PUBHEALTH,"National, Health Care, Veterans, Tim Kaine, ",claim,dataset_label,data/raw/pubhealth,13806,Linda Qiu,en
"Louisiana, Mississippi top nation in worst West Nile illness.",Reliable,PUBHEALTH,"Mississippi, Meningitis, Health, Centers for Disease Control and Prevention, West Nile virus, Louisiana",claim,dataset_label,data/raw/pubhealth,5573, Janet Mcconnaughey,en
State high court rules NYC ban on large sodas is illegal.,Reliable,PUBHEALTH,Health News,claim,dataset_label,data/raw/pubhealth,1842,Joseph Ax,en
"Under Obamacare, people who ""have a doctor they’ve been seeing for the last 15 or 20 years, they won’t be able to keep going to that doctor.",Misinformation,PUBHEALTH,"Health Care, Florida, Marco Rubio, ",claim,dataset_label,data/raw/pubhealth,18077,Amy Sherman,en
"Maine lawmakers’ bills focus on solar energy, health care.",Reliable,PUBHEALTH,"Legislature, Access to health care, Health, Marijuana, Gun politics, Bills, Maine",claim,dataset_label,data/raw/pubhealth,5790, Marina Villeneuve,en
Personalized treatment for those in blood pressure 'gray zone',Reliable,PUBHEALTH,"blood pressure,Johns Hopkins Medicine,prehypertension",claim,dataset_label,data/raw/pubhealth,9204,"Mary Chris Jaklevic,Richard Hoffman, MD,Kathlyn Stone",en
Researchers use smart phone to make a faster infection detector,Misinformation,PUBHEALTH,"infectious disease,smartphone apps,Washington State University",claim,dataset_label,data/raw/pubhealth,9007,"Andrew Holtz, MPH,Dan Mayer, MD,Kathlyn Stone",en
"Lipogen Targets PMS/PMDD Relief, Naturally",Misinformation,PUBHEALTH,"industry/commercial news releases,Women's health",claim,dataset_label,data/raw/pubhealth,11506,"Joann Rodgers, MS,Ranit Mishori, MD, MHS, FAAFP,Kathlyn Stone",en
"J&J, U.S. states settle hip implant claims for $120 million.",Reliable,PUBHEALTH,Health News,claim,dataset_label,data/raw/pubhealth,2709,Tina Bellon,en
"U.S. states, cities sue to block Trump 'conscience' rule for healthcare workers.",Reliable,PUBHEALTH,Health News,claim,dataset_label,data/raw/pubhealth,1051,Jonathan Stempel,en
California to require abortion medication at public colleges.,Reliable,PUBHEALTH,"Medication, Health, General News, Abortion, California, Jerry Brown, Gavin Newsom, U.S. News, Laws",claim,dataset_label,data/raw/pubhealth,3928, Kathleen Ronayne And Adam Beam,mixed
New study finds EPA and DHA omega-3s lower risk of coronary heart disease,Misinformation,PUBHEALTH,"coronary artery disease,Global Organization for EPA and DHA Omega-3s,GOED,omega-3s",claim,dataset_label,data/raw/pubhealth,9212,"Matt Shipman,Yoni Freedhoff, MD,Kathlyn Stone",en
"North Carolina is one of four states"" that hasn't opened gyms.",Reliable,PUBHEALTH,"North Carolina, Coronavirus, Dan Forest, ",claim,dataset_label,data/raw/pubhealth,26062,Paul Specht,en
Trapped Thai boys being closely watched for health problems.,Reliable,PUBHEALTH,"Youth soccer, International News, Soccer, Health, Caves, Pneumonia",claim,dataset_label,data/raw/pubhealth,3747, Mike Stobbe,en
"“Clearly, the Obama administration did not leave any kind of game plan for something like this.”",Misinformation,PUBHEALTH,"Corrections and Updates, Health Check, Coronavirus, Mitch McConnell, ",claim,dataset_label,data/raw/pubhealth,26308,Victoria Knight,en
Facebook post Says the CDC now says that the coronavirus can survive on surfaces for up to 17 days.,Misinformation,PUBHEALTH,"Facebook Fact-checks, Coronavirus, Facebook posts, ",claim,dataset_label,data/raw/pubhealth,26588,Samantha Putterman,en
"Drones to deliver vaccines, blood and drugs across Ghana.",Reliable,PUBHEALTH,Health News,claim,dataset_label,data/raw/pubhealth,905,Kate Kelland,en
Republicans hope Trump amenable to food stamp restrictions.,Reliable,PUBHEALTH,"AP Top News, Health, Augusta, Donald Trump, AP Weekend Reads, Maine, U.S. News",claim,dataset_label,data/raw/pubhealth,6491, Marina Villeneuve,en
State sued over involuntary psychiatric boarding.,Reliable,PUBHEALTH,"New Hampshire, American Civil Liberties Union, Concord, Health, Lawsuits, Class action lawsuits",claim,dataset_label,data/raw/pubhealth,3752, Holly Ramer,en
Using toilet paper as a barrier between your derriere and a toilet seat poses more health risks than just sitting down without a barrier.,Misinformation,PUBHEALTH,"Medical, hefty.co, pathogens, toilet",claim,dataset_label,data/raw/pubhealth,31561,Alex Kasprak,en
Quake amputees embody resilience in broken Haiti.,Reliable,PUBHEALTH,Health News,claim,dataset_label,data/raw/pubhealth,2037,Tom Brown,en
A man was arrested after sugar from his Krispy Kreme donuts tested positive for methamphetamine during a traffic stop.,Reliable,PUBHEALTH,"Crime, drug testing, false positives, florida",claim,dataset_label,data/raw/pubhealth,27718,Brooke Binkowski,en
"U.S. woman's altruism starts chain of five kidney swaps, extending lives.",Reliable,PUBHEALTH,Health News,claim,dataset_label,data/raw/pubhealth,2629,Lily Kuo,en
"If you ask Amazon’s Alexa about the origin of the coronavirus pandemic, it says “the government planned” it.",Misinformation,PUBHEALTH,"Technology, Facebook Fact-checks, Coronavirus, Facebook posts, ",claim,dataset_label,data/raw/pubhealth,26466,Patrick Orsagos,en
"Oklahoma top court clears way for Purdue, J&J, Teva to face opioid trial.",Reliable,PUBHEALTH,Health News,claim,dataset_label,data/raw/pubhealth,358,Nate Raymond,en
Melania Trump listens as teens share experiences with vaping.,Reliable,PUBHEALTH,"Health, Vaping, General News, Melania Trump, Tobacco industry regulation",claim,dataset_label,data/raw/pubhealth,3180, Darlene Superville,en
Study finds immune system can cause reaction to cancer drug.,Reliable,PUBHEALTH,Health News,claim,dataset_label,data/raw/pubhealth,8868,"Maggie Fox, Health, Science Editor",en
Magnetic brain stimulation causes weight loss by making gut bacteria healthier,Misinformation,PUBHEALTH,"magnetic brain stimulation,obesity,The Endocrine Society",claim,dataset_label,data/raw/pubhealth,9169,"Allison Dostal, PhD, RD,Kathleen Fairfield, MD, DrPH,Kathlyn Stone",en
Arkansas approves new date for concert shut down by virus.,Reliable,PUBHEALTH,"Nathaniel Smith, Fort Smith, Health, General News, Entertainment, Arkansas, Virus Outbreak",claim,dataset_label,data/raw/pubhealth,7367, Andrew Demillo,en
Blood test that could predict arthritis risk,Misinformation,PUBHEALTH,"Academic medical center news release,Diagnostic tests",claim,dataset_label,data/raw/pubhealth,10543,"Kathlyn Stone,Steven J. Atlas, MD, MPH,Kevin Lomangino",en
New genetic links to same-sex sexual behavior found.,Reliable,PUBHEALTH,"Health, General News, Genetics",claim,dataset_label,data/raw/pubhealth,4447, Lindsey Tanner,en
Men in Uxbridge and South Ruislip live 14 years longer than they do in Stockton North.,Reliable,PUBHEALTH,health,claim,dataset_label,data/raw/pubhealth,41710,Leo Benedictus,en
Study: Millions should stop taking aspirin for heart health.,Reliable,PUBHEALTH,"Heart disease, AP Top News, Health, General News, Heart attack, Heart health, U.S. News",claim,dataset_label,data/raw/pubhealth,4975, Lauran Neergaard,en
"Ted Cruz tried to ban contraception"" five times.",Misinformation,PUBHEALTH,"Abortion, National, Health Care, Hillary Clinton, ",claim,dataset_label,data/raw/pubhealth,14845,Louis Jacobson,en
"Thanks to #ObamaCare, average E.R. wait in California is 5 hours.",Misinformation,PUBHEALTH,"National, Health Care, Reince Priebus, ",claim,dataset_label,data/raw/pubhealth,16805,Louis Jacobson,en
"Amid the COVID-19 outbreak, “Minnesota now has the highest unemployment rate in U.S. history.”",Misinformation,PUBHEALTH,"Jobs, Facebook Fact-checks, Coronavirus, Facebook posts, ",claim,dataset_label,data/raw/pubhealth,26243,Tom Kertscher,en
"Attacks on Planned Parenthood ""come at a time when the poverty rate among women is the highest in nearly two decades and 1 in 5 women under 65 don’t have access to health care.",Reliable,PUBHEALTH,"Ohio, Health Care, Poverty, Women, Tim Ryan, ",claim,dataset_label,data/raw/pubhealth,21167,Peter Krouse,mixed
White House moves toward promoting face masks to fight virus.,Reliable,PUBHEALTH,"AP Top News, Health, Anthony Fauci, General News, Politics, Infectious diseases, Virus Outbreak, Michael Pence",claim,dataset_label,data/raw/pubhealth,7422, Zeke Miller And Mike Stobbe,en
Legal pot sales begin in Uruguay under landmark 2013 law.,Reliable,PUBHEALTH,"Uruguay, International News, South America, Latin America, Caribbean, Health, Business, Montevideo",claim,dataset_label,data/raw/pubhealth,7054, Leonardo Haberkorn,en
"Emergency rooms account for ""2 percent of all health care spending.",Reliable,PUBHEALTH,"National, Health Care, Pundits, Nick Gillespie, ",claim,dataset_label,data/raw/pubhealth,17768,Louis Jacobson,en
Warren’s ‘Medicare for All’ plan reignites health care clash.,Reliable,PUBHEALTH,"Access to health care, Health, General News, Politics, Election 2020, Elizabeth Warren, AP Top News, Medicare, Massachusetts, Business",claim,dataset_label,data/raw/pubhealth,4557, Will Weissert,en
Judge: Treatment of Tennessee inmates with hep C improving.,Reliable,PUBHEALTH,"Prisons, General News, Nashville, Hepatitis, Tennessee, Treatment of prisoners, U.S. News, Antiviral drugs",claim,dataset_label,data/raw/pubhealth,6360, Travis Loller,en
UNC Hearing Loss Experts Lead Clinical Trials of FDA-Approved Hearing Implant,Misinformation,PUBHEALTH,Academic medical center news release,claim,dataset_label,data/raw/pubhealth,9891,"Joann Rodgers, MS,Ishani Ganguli, MD, MPH,Kathlyn Stone",en
US choir outbreak called ‘superspreader event’ in report.,Reliable,PUBHEALTH,"AP Top News, Understanding the Outbreak, Health, General News, Washington, Virus Outbreak, Public health, U.S. News",claim,dataset_label,data/raw/pubhealth,7460, Carla K. Johnson,en
Possible closure of Ohio clinic shows new tactic in U.S. abortion clash.,Reliable,PUBHEALTH,Health News,claim,dataset_label,data/raw/pubhealth,2460,George Tanber,en
New antibody drug helps cells kill blood cancer.,Reliable,PUBHEALTH,Health News,claim,dataset_label,data/raw/pubhealth,8780,Ben Hirschler,en
Facebook post Says Goodwill used the pandemic “to fire all of their employees instead of laying them off.”,Misinformation,PUBHEALTH,"Facebook Fact-checks, Coronavirus, Facebook posts, ",claim,dataset_label,data/raw/pubhealth,26530,Ciara O'Rourke,en
Pakistan court frees ex-PM Sharif for medical treatment.,Reliable,PUBHEALTH,"Pakistan, Nawaz Sharif, Health, General News, Lahore, Asia Pacific",claim,dataset_label,data/raw/pubhealth,4495, Zaheer Babar And Munir Ahmed,en
"New test can detect autism in children, scientists say",Misinformation,PUBHEALTH,"Autism,The Guardian",claim,dataset_label,data/raw/pubhealth,10851,"Michael Joyce, MD,Alan Schroeder, MD,Mary Chris Jaklevic",en
Trump scrambles to broaden coronavirus testing options.,Reliable,PUBHEALTH,"AP Top News, Health, General News, Flu, Politics, Utah Jazz, NBA, Virus Outbreak, Michael Pence, Donald Trump",claim,dataset_label,data/raw/pubhealth,7525, Matthew Perrone,en
"Home for the Holidays? Hold the sugar, please.",Reliable,PUBHEALTH,Health News,claim,dataset_label,data/raw/pubhealth,1607,Luc Cohen,en
"Too fat? Study fingers one ""thrifty gene"" suspect.",Reliable,PUBHEALTH,Health News,claim,dataset_label,data/raw/pubhealth,2044,Julie Steenhuysen,en
Central Park hospital tents housed thousands of abused children released from underground captivity.,Misinformation,PUBHEALTH,"New York, Coronavirus, Facebook posts, ",claim,dataset_label,data/raw/pubhealth,26339,Madison Czopek,en
Death industry reaps grim profit as Japan dies.,Reliable,PUBHEALTH,Health News,claim,dataset_label,data/raw/pubhealth,1942,Tim Kelly,en
“Coronavirus — 22. Clintons — 39.”,Misinformation,PUBHEALTH,"Fake news, Public Health, Facebook Fact-checks, Coronavirus, Facebook posts, ",claim,dataset_label,data/raw/pubhealth,26668,Bill McCarthy,en
"New Stroke Treatment Saves Lives, Improves Recovery",Misinformation,PUBHEALTH,"anecdotes over evidence,medical devices,stent retriever therapy,stroke",claim,dataset_label,data/raw/pubhealth,9652,"William Heisel,Dan Mayer, MD,Kevin Lomangino",en
99-year-old billionaire David Rockefeller has successfully undergone his sixth heart transplant surgery in the last 38 years.,Misinformation,PUBHEALTH,Health / Medical,claim,dataset_label,data/raw/pubhealth,38962,  Rich Buhler & Staff  ,en
Senators draw on own experiences to chastise drug companies.,Reliable,PUBHEALTH,"Johnny Isakson, AP Top News, Health, Legislation, Politics, North America, Business, Medication, Medicare, Medicaid",claim,dataset_label,data/raw/pubhealth,4941, Ricardo Alonso-Zaldivar And Matthew Perrone,en
New research to treat acute malnutrition,Misinformation,PUBHEALTH,"malnutrition,University of Copenhagen",claim,dataset_label,data/raw/pubhealth,9092,"Ann Miller, PhD,Virginia A. Moyer, MD,Kathlyn Stone",en
"In the last ten years no one has died of measles in the U.S., but more than 100 people have died due to the MMR vaccine.",Misinformation,PUBHEALTH,Medical,claim,dataset_label,data/raw/pubhealth,33232,Kim LaCapria,en
American Samoa to begin mass measles vaccination this week.,Reliable,PUBHEALTH,"Health, Measles, General News, American Samoa",claim,dataset_label,data/raw/pubhealth,4001,Associated Press,en
South Dakota plans mass testing in elder care facilities.,Reliable,PUBHEALTH,"Sioux Falls, Health, General News, South Dakota, Assisted living, Nursing homes, Virus Outbreak, Native Americans, Elder care, Kristi Noem",claim,dataset_label,data/raw/pubhealth,7377, Stephen Groves,en
Winona assisted living facility offers housing for students.,Reliable,PUBHEALTH,"Health, Assisted living, Minnesota",claim,dataset_label,data/raw/pubhealth,6750, Peter Cox,en
"All the really great programs in American history, Social Security, was done without Republicans. Medicare was done without Republican support until the last vote where they realized they had to get on board.",Misinformation,PUBHEALTH,"National, Health Care, History, Medicare, Howard Dean, ",claim,dataset_label,data/raw/pubhealth,24566,Catharine Richert,en
Washington state man who traveled to China is first U.S. victim of coronavirus.,Reliable,PUBHEALTH,Health News,claim,dataset_label,data/raw/pubhealth,8919,"Julie Steenhuysen, Dan Whitcomb",en
"Crisis averted, hospital ship leaves LA; treats 77 patients.",Reliable,PUBHEALTH,"Los Angeles, San Diego, Health, General News, New York, Gavin Newsom, Virus Outbreak, Eric Garcetti, New York City",claim,dataset_label,data/raw/pubhealth,7342, Julie Watson And John Antczak,en
U.S. obesity epidemic propels fitness as career.,Reliable,PUBHEALTH,Health News,claim,dataset_label,data/raw/pubhealth,2612,Dorene Internicola,en
"An email claims that the use of antiperspirants is the leading cause of breast cancer. The theory is that toxins are released by sweat, especially under the arms, and antiperspirants are blocking the release of the toxins, allowing them to build up, and the result is cancer. It also claims that nearly all breast cancers are in the upper, outside quadrant of the breast, near the armpits.",Misinformation,PUBHEALTH,"Household, Medical, Warnings",claim,dataset_label,data/raw/pubhealth,40725,  Rich Buhler & Staff  ,en
Moscow restricts Easter week church service as coronavirus cases mount.,Reliable,PUBHEALTH,Health News,claim,dataset_label,data/raw/pubhealth,8524,"Andrey Ostroukh, Dmitry Madorskiy",en
The youngest mother on record was a Peruvian girl who give birth at five years old.,Reliable,PUBHEALTH,Medical,claim,dataset_label,data/raw/pubhealth,27990,David Mikkelson,mixed
Marijuana dealers are using the popular game app Pokémon GO to hook children on drugs.,Misinformation,PUBHEALTH,"Uncategorized, drugs, marijuana, pokemon go",claim,dataset_label,data/raw/pubhealth,32411,Bethania Palma,en
"India's coronavirus cases nears 30, hits major payments firm.",Reliable,PUBHEALTH,Health News,claim,dataset_label,data/raw/pubhealth,8921,Alasdair Pal,en
New Data Shows Irreversible Electroporation Nearly Doubles Overall Survival of Patients with Locally Advanced Pancreatic Cancer When Added to Standard Therapy,Misinformation,PUBHEALTH,"NanoKnife,pancreatic cancer,University of Louisville",claim,dataset_label,data/raw/pubhealth,9299,"Dave Mosher,Doug Campos-Outcalt, MD, MPA,Kevin Lomangino",en
"U. S. House Speaker Nancy Pelosi declared during the COVID-19 pandemic that Congress would be out of session ""unless there is an emergency.",Misinformation,PUBHEALTH,"Politics, COVID-19",claim,dataset_label,data/raw/pubhealth,35276,David Mikkelson,en
"As a result of Roe vs. Wade, ""America’s maternal mortality rate dropped dramatically.",Reliable,PUBHEALTH,"Abortion, National, Public Health, Supreme Court, Women, Hillary Clinton, ",claim,dataset_label,data/raw/pubhealth,13977,Lauren Carroll,en
Lois Kolkhorst Says $500 billion in Medicare cuts are coming.,Misinformation,PUBHEALTH,"Medicare, Texas, Lois Kolkhorst, ",claim,dataset_label,data/raw/pubhealth,21739,W. Gardner Selby,en
Microwave Technique Fights Lung Tumors,Reliable,PUBHEALTH,lung disease,claim,dataset_label,data/raw/pubhealth,9844,"William Heisel,Gary Schwitzer",en
"Missouri ""is leading the country when it comes to improving services for mental and behavioral health. Innovation is happening right here.",Reliable,PUBHEALTH,"Health Care, Missouri, Roy Blunt, ",claim,dataset_label,data/raw/pubhealth,11788,Carolina Vargas,en
"Manuka honey, as a topical treatment, is better than all known antibiotics.",Misinformation,PUBHEALTH,"Medical, antibiotic resistance, honey, manuka honey",claim,dataset_label,data/raw/pubhealth,29286,Alex Kasprak,en
New York tries to keep alive flavored e-cigarette ban.,Reliable,PUBHEALTH,"Health, Marijuana, New York, General News, Vaping, U.S. News, Public health, Tobacco industry regulation",claim,dataset_label,data/raw/pubhealth,3386, Marina Villeneuve,en
"Italy coronavirus deaths jump by almost 800, government shuts most workplaces.",Reliable,PUBHEALTH,Health News,claim,dataset_label,data/raw/pubhealth,8148,Giselda Vagnoni,en
"Earl Blumenauer Says ""Every year air pollution protections are delayed, another 34,000 people will die prematurely.",Reliable,PUBHEALTH,"Environment, Oregon, Government Regulation, Public Health, Earl Blumenauer, ",claim,dataset_label,data/raw/pubhealth,21340,Charles Pope,en
UK campaigners win appeal case over preventative HIV drug.,Reliable,PUBHEALTH,Health News,claim,dataset_label,data/raw/pubhealth,1402,Ben Hirschler,en
"Blogger Says the Chinese Communist Party ""will finally admit that the real source of the coronavirus is from ‘a lab in Wuhan’ linked to its covert biological weapon programs.",Misinformation,PUBHEALTH,"Public Health, Facebook Fact-checks, Coronavirus, Bloggers, ",claim,dataset_label,data/raw/pubhealth,26980,Daniel Funke,en
A Fresno man turned up at a local emergency room carrying a 5-foot-long tapeworm he pulled out of his own intestine.,Reliable,PUBHEALTH,"Medical, Emergency Room, sushi, tapeworms",claim,dataset_label,data/raw/pubhealth,27406,David Emery,mixed
Study sees 'severe and acute' emergency for world in coronavirus pandemic.,Reliable,PUBHEALTH,Health News,claim,dataset_label,data/raw/pubhealth,8067,Kate Kelland,en
Slovakia may force women to get pre-abortion ultrasound.,Reliable,PUBHEALTH,"Health, General News, Abortion, Ultrasound, Slovakia, Europe",claim,dataset_label,data/raw/pubhealth,5493, Maria Cheng,mixed
"Tick, tick, tick: Alaska braces for invading parasites.",Reliable,PUBHEALTH,"Climate, Health, Anchorage, Ticks, Wildlife, Alaska, Environment",claim,dataset_label,data/raw/pubhealth,4046, Dan Joling,en
"Sununu appointments to shape judicial, education policy.",Reliable,PUBHEALTH,"New Hampshire, Environment, Education policy, Environmental policy, Education",claim,dataset_label,data/raw/pubhealth,5636, Kathleen Ronayne,en
Protesting Poles engage in drive for abortion rights.,Reliable,PUBHEALTH,Health News,claim,dataset_label,data/raw/pubhealth,8481,Joanna Plucinska,en
FDA approves TB pill that cures more hard-to-treat patients.,Reliable,PUBHEALTH,"Health, General News, Business, Tuberculosis",claim,dataset_label,data/raw/pubhealth,4336, Linda A. Johnson,en
"California legislators focus on climate, immigration, roads.",Reliable,PUBHEALTH,"Legislature, Climate, Climate change, Health, Legislation, Immigration, Universal health care, Environment, California, Jerry Brown, Donald Trump",claim,dataset_label,data/raw/pubhealth,7210, Jonathan J. Cooper And Don Thompson,en
Testing for more breast cancer genes offers useful information,Reliable,PUBHEALTH,"BRCA,breast cancer,genetic testing",claim,dataset_label,data/raw/pubhealth,9751,"Ranit Mishori, MD, MHS, FAAFP,Deanna Attai, MD, FACS,Kevin Lomangino",en
A Russian woman was embalmed alive due to the intravenous administration of formalin.,Misinformation,PUBHEALTH,Medical,claim,dataset_label,data/raw/pubhealth,29245,Kim LaCapria,en
"Virus delay, early ice melt challenge Arctic science mission.",Reliable,PUBHEALTH,"Climate, AP Top News, Climate change, International News, General News, Lifestyle, Health, Science, Asia Pacific, Europe",claim,dataset_label,data/raw/pubhealth,7546, Frank Jordans,en
"30 years on, AIDS fight may tilt more to treatment.",Reliable,PUBHEALTH,Health News,claim,dataset_label,data/raw/pubhealth,1981,"Julie Steenhuysen, Barbara Lewis",mixed
Paralyzed California man recounts re-learning to walk via computer.,Reliable,PUBHEALTH,Health News,claim,dataset_label,data/raw/pubhealth,1629,Steve Gorman,en
"2nd Ebola vaccine to be used in Congo, as UN efforts slammed.",Reliable,PUBHEALTH,"Matshidiso Moeti, Health, General News, Africa, United Nations, Ebola virus",claim,dataset_label,data/raw/pubhealth,5668, Maria Cheng,en
"Under U.S. President Donald Trump, federal authorities are confiscating orders of personal protective equipment (PPE) from local governments amid the COVID-19 pandemic.",Reliable,PUBHEALTH,"Politics, COVID-19",claim,dataset_label,data/raw/pubhealth,35289,Jessica Lee,en
New genetic links to same-sex sexuality found in huge study.,Reliable,PUBHEALTH,"Health, General News, Genetics, Science",claim,dataset_label,data/raw/pubhealth,4446, Lindsey Tanner,en
US regulators clear path for genetically modified salmon.,Reliable,PUBHEALTH,"Genetics, Health, Fish, Salmon, North America, Technology, Science, U.S. News",claim,dataset_label,data/raw/pubhealth,4459, Candice Choi,en
"Viral image Says 80% of novel coronavirus cases are ""mild.",Reliable,PUBHEALTH,"Facebook Fact-checks, Coronavirus, Viral image, ",claim,dataset_label,data/raw/pubhealth,26678,Paul Specht,en
Roche's schizophrenia drug misses goal in two late-stage trials.,Reliable,PUBHEALTH,Health News,claim,dataset_label,data/raw/pubhealth,2829,Caroline Copley,en
Doctors end protest to demand flu vaccines for migrants.,Reliable,PUBHEALTH,"San Diego, Health, General News, Flu, Latin America, Border patrols, U.S. News",claim,dataset_label,data/raw/pubhealth,3955, Julie Watson,en
Jury finding upends Bayer's Roundup defense strategy: experts.,Reliable,PUBHEALTH,Health News,claim,dataset_label,data/raw/pubhealth,364,Tina Bellon,en
"“While California is dying … Gavin (Newsom) is vacationing in Stevensville, MT!”",Misinformation,PUBHEALTH,"Facebook Fact-checks, California, Coronavirus, Facebook posts, ",claim,dataset_label,data/raw/pubhealth,26248,Bill McCarthy,en
South Korea court strikes down abortion law in landmark ruling.,Reliable,PUBHEALTH,Health News,claim,dataset_label,data/raw/pubhealth,933,"Joyce Lee, Josh Smith",en
"Obamacare ""cuts seniors’ Medicare.",Misinformation,PUBHEALTH,"Health Care, Medicare, Virginia, Ed Gillespie, ",claim,dataset_label,data/raw/pubhealth,16513,Sean Gorman,en
"Novartis hopeful for novel heart drug, despite 'modest' benefit",Reliable,PUBHEALTH,"Canakinumab,cancer,heart attacks,Ilaris",claim,dataset_label,data/raw/pubhealth,9472,"Joann Rodgers, MS,Doug Campos-Outcalt, MD, MPA,Joy Victory",en
"Suicide kills one person every 40 seconds, says WHO.",Reliable,PUBHEALTH,Health News,claim,dataset_label,data/raw/pubhealth,760,Kate Kelland,en
"Hospitals plan for 'COVID cabanas,' conference rooms to house patients.",Reliable,PUBHEALTH,Health News,claim,dataset_label,data/raw/pubhealth,8688,"Deena Beasley, Lisa Baertlein",en
Trump vows 'major' steps to aid U.S. economy amid coronavirus rise.,Reliable,PUBHEALTH,Health News,claim,dataset_label,data/raw/pubhealth,8362,"Steve Holland, Alexandra Alper",en
"Heroin comes in the United States ""from the southern border.",Reliable,PUBHEALTH,"National, Drugs, Donald Trump, ",claim,dataset_label,data/raw/pubhealth,13528,Linda Qiu,en
"Page 92 of the House health care bill ""says specifically that people can't purchase private health insurance after a date certain.",Misinformation,PUBHEALTH,"National, Health Care, Michele Bachmann, ",claim,dataset_label,data/raw/pubhealth,24449,Catharine Richert,en
A few drops of Visine brand eye drops taken internally will induce uncontrollable diarrhea.,Misinformation,PUBHEALTH,"Medical, Medical Myths",claim,dataset_label,data/raw/pubhealth,33288,Snopes Staff,en
"Charlie Crist Says Rick Scott signed ""laws requiring mandatory ultrasounds and restricting access to abortion even in cases of rape or incest.",Reliable,PUBHEALTH,"Abortion, Health Care, Women, Florida, Charlie Crist, ",claim,dataset_label,data/raw/pubhealth,16366,Amy Sherman,en
UN: Nearly a half-billion in Asia-Pacific still going hungry.,Reliable,PUBHEALTH,"Nutrition, Health, General News, Asia, Bangkok, Poverty, United Nations, Asia Pacific",claim,dataset_label,data/raw/pubhealth,3552, Elaine Kurtenbach,en
New York hospital sends some 'borderline' COVID-19 patients home with oxygen monitors.,Reliable,PUBHEALTH,Health News,claim,dataset_label,data/raw/pubhealth,8565,Jonathan Allen,en
Fitness experts separate folklore from fact.,Reliable,PUBHEALTH,Health News,claim,dataset_label,data/raw/pubhealth,7832,Dorene Internicola,en
Expert Panel Reaffirms Need for Colon Cancer Screen Beginning at Age 50,Reliable,PUBHEALTH,"colon cancer,US Preventive Services Task Force",claim,dataset_label,data/raw/pubhealth,9614,"Andrew Holtz, MPH,Steven J. Atlas, MD, MPH,Joy Victory",mixed
A teenage schoolgirl in Texas became pregnant through a flu vaccination.,Misinformation,PUBHEALTH,"Junk News, flu shot, world news daily report",claim,dataset_label,data/raw/pubhealth,30893,Kim LaCapria,en
"The most likely triggering cause of (microcephaly)"" is the ""DTaP shot, a vaccine that had been recently mandated by the Brazilian government to be injected into pregnant women.",Misinformation,PUBHEALTH,"Global News Service, Public Health, Centre for Research on Globalization, ",claim,dataset_label,data/raw/pubhealth,14591,Jon Greenberg,en
CVI: The impairment affecting children whose eyes are fine.,Reliable,PUBHEALTH,"Health, Mississippi, Meningitis",claim,dataset_label,data/raw/pubhealth,5571, Ellen Ciurczak,en
"Leticia Van de Putte ""voted to give illegal immigrants in this country free health care--not emergency health care but total free health care.",Misinformation,PUBHEALTH,"Immigration, Health Care, Public Health, Texas, Dan Patrick, ",claim,dataset_label,data/raw/pubhealth,16390,W. Gardner Selby,en
Marco Rubio thinks that government shouldn't be in the health care business at all.,Misinformation,PUBHEALTH,"Health Care, Florida, Kendrick Meek, ",claim,dataset_label,data/raw/pubhealth,24129,Amy Sherman,mixed
5 convicted in meningitis outbreak case; 1 acquitted.,Reliable,PUBHEALTH,"Meningitis, Health, Boston, North America, Massachusetts",claim,dataset_label,data/raw/pubhealth,5566, Alanna Durkin Richer,en
"“The flu killed 80,000 Americans last year according to the CDC.”",Misinformation,PUBHEALTH,"Economy, Health Care, Public Health, California, Tom McClintock, ",claim,dataset_label,data/raw/pubhealth,26364,Chris Nichols,en
Some grocery store receipts contain chemicals linked to infertility and hormone-related cancers.,Reliable,PUBHEALTH,Medical,claim,dataset_label,data/raw/pubhealth,35389,Madison Dapcevich,en
FDA advisory panel backs Merck's blood clot-preventing drug.,Reliable,PUBHEALTH,Health News,claim,dataset_label,data/raw/pubhealth,2853,Toni Clarke,en
Over a dozen arrests in SC following 4th Poor People’s Rally.,Reliable,PUBHEALTH,"Columbia, Health, Universal health care, Arrests, Medicaid, South Carolina",claim,dataset_label,data/raw/pubhealth,7205, Christina L. Myers,en
"The FDA has updated its warnings for — and recommended limitations on — prescribing a class of antibiotics called fluoroquinolones, citing potentially irreversible side-effects including tendon damage and rupture.",Reliable,PUBHEALTH,"Medical, antibiotics, cipro, fluoroquinolone",claim,dataset_label,data/raw/pubhealth,27567,Alex Kasprak,en
The WHO coronavirus test “was a bad test.”,Misinformation,PUBHEALTH,"National, Coronavirus, Donald Trump, ",claim,dataset_label,data/raw/pubhealth,26657,Jon Greenberg,en
Tougher vaccine rules move forward in California.,Reliable,PUBHEALTH,"Immunizations, Health, Sacramento, North America, California, Public health",claim,dataset_label,data/raw/pubhealth,5748, Don Thompson,en
"Facebook post Says ""there is no"" COVID-19 virus.",Misinformation,PUBHEALTH,"Facebook Fact-checks, Coronavirus, Facebook posts, ",claim,dataset_label,data/raw/pubhealth,26635,Daniel Funke,en
"Drug Policy Alliance Says Debbie Wasserman Schultz ""voted repeatedly to send terminally ill patients to prison.",Misinformation,PUBHEALTH,"Florida, Marijuana, Drug Policy Alliance, ",claim,dataset_label,data/raw/pubhealth,15867,Amy Sherman,en
French breast implant boss arrested.,Reliable,PUBHEALTH,Health News,claim,dataset_label,data/raw/pubhealth,2654,Jean-Fran&Ccedil,en
'Female Viagra' gets mixed reviews,Misinformation,PUBHEALTH,"drug costs,female sexual dysfunction,flibanserin,sprout pharmaceuticals",claim,dataset_label,data/raw/pubhealth,9673,"Alan Cassels,Karen Carlson, MD,Kevin Lomangino",en
U.S. coronavirus supply spree sparks outrage among allies.,Reliable,PUBHEALTH,Health News,claim,dataset_label,data/raw/pubhealth,8642,"Richard Lough, Andreas Rinke",en
Facebook post Says businesses will give you free baby formula during the coronavirus outbreak.,Misinformation,PUBHEALTH,"Facebook Fact-checks, Coronavirus, Facebook posts, ",claim,dataset_label,data/raw/pubhealth,26614,Samantha Putterman,en
"The IRS is going to be ""in charge"" of ""a huge national database"" on health care that will include Americans’ ""personal, intimate, most close-to-the-vest-secrets.",Misinformation,PUBHEALTH,"National, Health Care, Taxes, Privacy Issues, Michele Bachmann, ",claim,dataset_label,data/raw/pubhealth,18361,Louis Jacobson,en
"After Massachusetts passed a mandatory health insurance law ""their mortality rate went down...it saved lives.",Reliable,PUBHEALTH,"Health Care, Medicaid, Virginia, Dave Marsden, ",claim,dataset_label,data/raw/pubhealth,16846,Sean Gorman,en
"Humira Provides Effective, Non-Steroid Alternative for Eye Inflammation",Reliable,PUBHEALTH,Academic medical center news release,claim,dataset_label,data/raw/pubhealth,10748,"Dave Mosher,Susan Molchan, MD, MA,Kathlyn Stone",en
Blood test may identify gestational diabetes risk in first trimester,Reliable,PUBHEALTH,"blood test,gestational diabetes,National Institutes of Health (NIH)",claim,dataset_label,data/raw/pubhealth,8970,"Joann Rodgers, MS,Virginia A. Moyer, MD,Kathlyn Stone",mixed
U.S. ‘wasted’ months before preparing for virus pandemic.,Reliable,PUBHEALTH,"AP Top News, Understanding the Outbreak, Technology, General News, Politics, Health, Business, China, Pandemics, Virus Outbreak, U.S. News",claim,dataset_label,data/raw/pubhealth,7318, Michael Biesecker,en
Wyeth Wins U.S. OK to Sell Pristiq for Depression.,Reliable,PUBHEALTH,Health News,claim,dataset_label,data/raw/pubhealth,8894,Ransdell Pierson,en
Jury clears J&J of liability in New Jersey talc cancer case.,Reliable,PUBHEALTH,Health News,claim,dataset_label,data/raw/pubhealth,7656,Tina Bellon,en
"An ""abortion procedure is actually safer than a vasectomy.",Reliable,PUBHEALTH,"Abortion, Corrections and Updates, Health Care, Texas, Mary González, ",claim,dataset_label,data/raw/pubhealth,12493,W. Gardner Selby,en
"States look to lower drug costs, consider Canadian imports.",Reliable,PUBHEALTH,"Vermont, Health, Utah, Prescription drug costs, Prescription drugs, U.S. News, Canada, United States",claim,dataset_label,data/raw/pubhealth,3810, Wilson Ring,en
Biogen's secret campaign to bring its Alzheimer's drug back from the ashes.,Reliable,PUBHEALTH,Health News,claim,dataset_label,data/raw/pubhealth,104,Julie Steenhuysen,en
Officials worry about Nebraska children’s health care fund.,Reliable,PUBHEALTH,"Legislature, Pete Ricketts, Health, General News, Nebraska, Government programs",claim,dataset_label,data/raw/pubhealth,3852, Grant Schulte,en
"Regarding the surgery that saved Jimmy Kimmel's son, ""Medicaid has stopped providing this kind of service.",Misinformation,PUBHEALTH,"Children, Health Care, PunditFact, Margaret Hoover, ",claim,dataset_label,data/raw/pubhealth,12552,Louis Jacobson,en
"Johns Hopkins Hospital issued a ""cancer update"" detailing how cancer spreads and recommending methods for treating the disease.",Misinformation,PUBHEALTH,"Medical, Disease",claim,dataset_label,data/raw/pubhealth,33747,David Mikkelson,en
Japan defends cautious approach on coronavirus testing amid concerns.,Reliable,PUBHEALTH,Health News,claim,dataset_label,data/raw/pubhealth,8733,"Linda Sieg, Sakura Murakami",en
Claims of virgin births in U.S. near 1 percent: study.,Reliable,PUBHEALTH,Health News,claim,dataset_label,data/raw/pubhealth,2410,Sharon Begley,en
Mobile clinics seen as way to cut U.S. health bill.,Reliable,PUBHEALTH,Health News,claim,dataset_label,data/raw/pubhealth,2084,Scott Malone,en
"New nonprofit tackles COVID-19 in Native, rural communities.",Reliable,PUBHEALTH,"Health, General News, Montana, Virus Outbreak, Public health, Steve Bullock",claim,dataset_label,data/raw/pubhealth,7438, Holly Michels,en
New drugs show rare promise against advanced breast cancer.,Reliable,PUBHEALTH,"AP Top News, Cancer, Health, General News, Breast cancer, San Antonio, Business, Chemotherapy, U.S. News, Tumors",claim,dataset_label,data/raw/pubhealth,4241, Marilynn Marchione,en
House protects pizza as a vegetable.,Reliable,PUBHEALTH,Health News,claim,dataset_label,data/raw/pubhealth,1907,"Lisa Baertlein, Charles Abbott",en
Penn study: Pay patients to take their pills,Reliable,PUBHEALTH,"behavior,cholesterol,pills,public health,rewards,statins",claim,dataset_label,data/raw/pubhealth,9712,"Sally James,Ishani Ganguli, MD, MPH,Kevin Lomangino",en
"The Affordable Care Act says that ""at age 76 when you most need it most, you are not eligible for cancer treatment. … Cancer hospital will ration care according to the patient's age.",Misinformation,PUBHEALTH,"National, Health Care, Chain email, ",claim,dataset_label,data/raw/pubhealth,16286,Lauren Burns,mixed
"‘Critical moment’ for firms amid retirements, opioid crisis.",Reliable,PUBHEALTH,"Health, Baby Boomers, Generations, Johnstown",claim,dataset_label,data/raw/pubhealth,5542," David Hurst And John Finnerty, The (Johnstown) Tribune-Democrat",en
Eating more fish could prevent Parkinson's disease,Misinformation,PUBHEALTH,"Chalmers University of Technology,fish diet,Parkinson's disease",claim,dataset_label,data/raw/pubhealth,9008,"Michael Joyce, MD,Harold J. DeMonaco, MS,Kathlyn Stone",en
The coronavirus has seen a “big surge in New Zealand. It's terrible. We don't want that.,Misinformation,PUBHEALTH,"National, Public Health, Coronavirus, Donald Trump, ",claim,dataset_label,data/raw/pubhealth,25743,Bill McCarthy,en
"Shows a waitress saying, ""I lost my job. But I'll sleep better knowing” that the coronavirus relief bill included funding for the Kennedy Center, refugee resettlement, PBS, and congressional salaries: “Thanks, Democrats”",Misinformation,PUBHEALTH,"Federal Budget, Jobs, Public Health, Workers, Coronavirus, Facebook posts, ",claim,dataset_label,data/raw/pubhealth,26572,Louis Jacobson,en
Robotic surgeries costlier but safer: study,Reliable,PUBHEALTH,surgery,claim,dataset_label,data/raw/pubhealth,9785,"Gary Schwitzer,Harold J. DeMonaco, MS",en
There is no good data showing secondhand smoke kills people.,Misinformation,PUBHEALTH,"Public Health, Science, PunditFact, John Stossel, ",claim,dataset_label,data/raw/pubhealth,16104,Katie Sanders,en
Testosterone gel linked to heart problems.,Reliable,PUBHEALTH,Health News,claim,dataset_label,data/raw/pubhealth,2100,Gene Emery,en
Missouri faces vaccination hesitancy amid measles case.,Reliable,PUBHEALTH,"Columbia, Health, Measles, Infectious diseases, Missouri",claim,dataset_label,data/raw/pubhealth,4113, Kasey Baiter,en
Democrats push new $3T coronavirus relief bill through House.,Reliable,PUBHEALTH,"Bills, AP Top News, Health, General News, Elections, Politics, Virus Outbreak, Economy",claim,dataset_label,data/raw/pubhealth,7357, Andrew Taylor And Alan Fram,en
This Blood Test Could Help Predict If A Pregnancy Is At Risk For Premature Labor,Reliable,PUBHEALTH,"Pregnancy,premature babies",claim,dataset_label,data/raw/pubhealth,9364,"Dave Mosher,Karen Carlson, MD,Joy Victory",mixed
Planned Parenthood funding in Texas at stake in hearing.,Reliable,PUBHEALTH,"Planned Parenthood, North America, Health, Medicaid, Courts, U.S. News, Louisiana, Texas",claim,dataset_label,data/raw/pubhealth,7299, Kevin Mcgill,mixed
VA will provide in-home care for Iraq veteran.,Reliable,PUBHEALTH,"Iraq, Health, Lou Gehrigs disease, Lawsuits, U.S. Department of Veterans Affairs, Michael Williamson, Veterans, Veterans affairs, Springfield, Eugene",claim,dataset_label,data/raw/pubhealth,4638,Maxine Bernstein,en
French foie gras makers worry as bird flu spreads in Europe.,Reliable,PUBHEALTH,Health News,claim,dataset_label,data/raw/pubhealth,1549,Sybille De La Hamaide,en
"Half of all adults have a pre-existing condition"" that could affect their health care coverage.",Reliable,PUBHEALTH,"National, Health Care, Jan Schakowsky, ",claim,dataset_label,data/raw/pubhealth,18069,Jon Greenberg,en
"An increase in documented cases of people ""scromiting"" (screaming while vomiting) is linked to chronic heavy marijuana use.",Reliable,PUBHEALTH,"Medical, Cannabinoid Hyperemesis Syndrome, cannabis, drugs",claim,dataset_label,data/raw/pubhealth,28126,Alex Kasprak,en
Authorities in Kenya warned of a new outbreak of HPV that spreads through kissing and is deadlier than HIV/Aids.,Misinformation,PUBHEALTH,"Medical, Africa, africa check, aids",claim,dataset_label,data/raw/pubhealth,30817,Dan MacGuill,en
FDA launching major anti-tobacco campaign aimed at youth.,Reliable,PUBHEALTH,Health News,claim,dataset_label,data/raw/pubhealth,2741,Toni Clarke,tl
There's a promising new HIV vaccine candidate in the pipeline,Reliable,PUBHEALTH,"HIV/AIDS,vaccines",claim,dataset_label,data/raw/pubhealth,9486,"Alan Cassels,Kevin Lomangino,Joy Victory",en
Statins tied to lower risk of fatal prostate cancer,Reliable,PUBHEALTH,"prostate cancer,statins",claim,dataset_label,data/raw/pubhealth,9831,"Gary Schwitzer,William Heisel",en
"The Baucus health care bill ""could be used to ban guns in home self-defense.",Misinformation,PUBHEALTH,"National, Health Care, Guns, Gun Owners of America, ",claim,dataset_label,data/raw/pubhealth,24475,Louis Jacobson,en
"As a student at Occidental College in Los Angeles from 1979 to 1981, ""there were days where folks couldn't go outside. … because of all the pollution in the air.",Reliable,PUBHEALTH,"Environment, National, History, Public Health, Barack Obama, ",claim,dataset_label,data/raw/pubhealth,18217,Louis Jacobson,mixed
Planned Parenthood is the biggest abortion provider in the country.,Reliable,PUBHEALTH,"Abortion, Corrections and Updates, Health Care, Public Health, Women, Wisconsin, Glenn Grothman, ",claim,dataset_label,data/raw/pubhealth,12507,Dave Umhoefer,en
Cancer risk seen with J&J foot gel: FDA.,Reliable,PUBHEALTH,Health News,claim,dataset_label,data/raw/pubhealth,8850,Susan Heavey,en
The New England Journal of Medicine released a survey the week that President Obama signed Obamacare stating that over 30 percent of American physicians would leave the profession if the government took over health care.,Misinformation,PUBHEALTH,"National, Health Care, Michele Bachmann, ",claim,dataset_label,data/raw/pubhealth,24117,Robert Farley,en
China heads into Lunar New Year on shutdown as virus spreads to Europe.,Reliable,PUBHEALTH,Health News,claim,dataset_label,data/raw/pubhealth,8913,"Judy Hua, Cate Cadell",en
"Once a woman enters into the sex trade, her average life expectancy is seven years.",Misinformation,PUBHEALTH,"Rhode Island, Children, Crime, Public Health, Public Safety, Recreation, Sexuality, Women, Workers, Rebecca Quigley, ",claim,dataset_label,data/raw/pubhealth,15550,C. Eugene Emery Jr.,en
A warning about a chemical called benzene that is linked to cancer such as leukemia . The warning says that benzene can build up inside parked automobiles and suggests that drivers roll down their windows to ventilate the car’s interior prior to switching on the air conditioner.,Misinformation,PUBHEALTH,"Medical, Warnings",claim,dataset_label,data/raw/pubhealth,40445,  Rich Buhler & Staff  ,en
"World must prepare for inevitable next flu pandemic, WHO says.",Reliable,PUBHEALTH,Health News,claim,dataset_label,data/raw/pubhealth,7684,Kate Kelland,en
"300,000 Floridians have lost their health insurance"" as a result of Obamacare.",Misinformation,PUBHEALTH,"Health Care, Florida, Americans for Prosperity, ",claim,dataset_label,data/raw/pubhealth,13495,Louis Jacobson,en
Today’s marijuana is 300 percent to 800 percent more potent than the pot of yesteryear.,Reliable,PUBHEALTH,"Rhode Island, Drugs, Recreation, Science, Marijuana, Heidi Heilman, ",claim,dataset_label,data/raw/pubhealth,17205,C. Eugene Emery Jr.,en
Burundi kicks out top WHO official in country ahead of vote.,Reliable,PUBHEALTH,"Matshidiso Moeti, Kigali, Health, General News, Elections, East Africa, Africa, International News, Rwanda, United Nations, Burundi, Virus Outbreak, Presidential elections",claim,dataset_label,data/raw/pubhealth,7383, Ignatius Ssuuna,en
"Cavs’ Love discloses bouts with panic attacks, mental health.",Reliable,PUBHEALTH,"NBA basketball, Anxiety, Mental health, Health, Basketball, North America, Sports, Kevin Love, Cleveland",claim,dataset_label,data/raw/pubhealth,7592, Tom Withers,en
Colorado pot campaigner seeks 'sanctuary' status for mountain town.,Reliable,PUBHEALTH,Health News,claim,dataset_label,data/raw/pubhealth,1695,Daniel Wallis,en
Geron shares fall after cancer drug study update.,Reliable,PUBHEALTH,Health News,claim,dataset_label,data/raw/pubhealth,2797,Vrinda Manocha,en
"Taiwan's carrot-and-stick approach to virus fight wins praise, but strains showing.",Reliable,PUBHEALTH,Health News,claim,dataset_label,data/raw/pubhealth,8057,Yimou Lee,en
U.S. McDonald's to put calorie counts in lights.,Reliable,PUBHEALTH,Health News,claim,dataset_label,data/raw/pubhealth,2611,Lisa Baertlein,en
"Choose Omega-3s from fish over flax for cancer prevention, study finds",Misinformation,PUBHEALTH,"cancer prevention,omega-3,University of Guelph",claim,dataset_label,data/raw/pubhealth,9039,"Mary Chris Jaklevic,Edward Ward, MD,Kathlyn Stone",en
China's blood donations dry up as coronavirus outbreak quells giving.,Reliable,PUBHEALTH,Health News,claim,dataset_label,data/raw/pubhealth,8358,Alexandra Harney,en
Wisconsin woman to celebrate 100th birthday.,Reliable,PUBHEALTH,"Wisconsin, Chicago, Health, Beloit, Birthdays, Occasions",claim,dataset_label,data/raw/pubhealth,5805, Hillary Gavan,en
“The CDC may have to stop calling COVID-19 an ‘epidemic’ due to a remarkably low death rate.”,Misinformation,PUBHEALTH,"Public Health, Facebook Fact-checks, Coronavirus, Facebook posts, ",claim,dataset_label,data/raw/pubhealth,25971,Tom Kertscher,mixed
Medicare 5-year cancer bill tops $21.1 bln: study.,Reliable,PUBHEALTH,Health News,claim,dataset_label,data/raw/pubhealth,8815,Julie Steenhuysen,en
Hospital closings hit hard on the edge of the Rust Belt.,Reliable,PUBHEALTH,"Health, General News, Martins Ferry, Ohio, Wheeling, Donald Trump",claim,dataset_label,data/raw/pubhealth,4709, John Ra,en
"Phyllis Schlafly Says broken compact fluorescent light bulbs ""allegedly cause migraines and epilepsy attacks.",Misinformation,PUBHEALTH,"Environment, Consumer Safety, Public Health, Texas, Phyllis Schlafly, ",claim,dataset_label,data/raw/pubhealth,22480,W. Gardner Selby,en
Rhode Island law aims to prevent suicides at public colleges.,Reliable,PUBHEALTH,"Rhode Island, Mental health, Health, Gina Raimondo, Suicide prevention, Higher education, Education, University of Rhode Island",claim,dataset_label,data/raw/pubhealth,6151, Jennifer Mcdermott,mixed
“Four kids who took the coronavirus vaccine died immediately.”,Misinformation,PUBHEALTH,"Public Health, Facebook Fact-checks, Coronavirus, Viral image, ",claim,dataset_label,data/raw/pubhealth,26027,Madison Czopek,en
"In the House Republican health care bill, ""we’re expanding women’s access to health services by redirecting Planned Parenthood dollars to community health centers, which vastly outnumber Planned Parenthood clinics.",Misinformation,PUBHEALTH,"Abortion, Georgia, Corrections and Updates, Health Care, Women, Barry Loudermilk, ",claim,dataset_label,data/raw/pubhealth,12523,Louis Jacobson,en
"After discovering a doomsday asteroid was approaching Earth, world leaders created the COVID-19 pandemic in an effort to distract the world population and force everyone to spend time with their families during Earth's final days.",Misinformation,PUBHEALTH,"Politics, COVID-19",claim,dataset_label,data/raw/pubhealth,35061,Dan Evon,en
Brain-dead Canadian woman kept on life support to save fetus.,Reliable,PUBHEALTH,Health News,claim,dataset_label,data/raw/pubhealth,2739,Julie Gordon,en
"During the 2005 fight over Social Security, ""there were noisy demonstrations — but they were outside the events,"" and opponents were ""not disruptive — crowds booed lines they didn’t like, but that was about it.",Misinformation,PUBHEALTH,"National, Health Care, Pundits, Paul Krugman, ",claim,dataset_label,data/raw/pubhealth,24603,Louis Jacobson,en
Erdogan says Turkey will overcome coronavirus in two-three weeks; school closures extended.,Reliable,PUBHEALTH,Health News,claim,dataset_label,data/raw/pubhealth,8079,"Tuvan Gumrukcu, Ezgi Erkoyun",en
Trump backs Fla. plan to import lower-cost meds from abroad.,Reliable,PUBHEALTH,"Global trade, Health, Florida, Politics, North America, Prescription drug costs, Business, Prescription drugs, Donald Trump",claim,dataset_label,data/raw/pubhealth,3794, Ricardo Alonso-Zaldivar And Curt Anderson,en
Airlines rush to boost demand as coronavirus shreds playbook for crisis management.,Reliable,PUBHEALTH,Health News,claim,dataset_label,data/raw/pubhealth,8380,"Tracy Rucinski, Jamie Freed",en
'What choice do I have?' Lock-down strands millions in China's Wuhan.,Reliable,PUBHEALTH,Health News,claim,dataset_label,data/raw/pubhealth,8912,"David Stanway, Martin Pollard",en
New study: The flu vaccine is 'significantly associated' with an increased risk of coronavirus,Misinformation,PUBHEALTH,"Public Health, Facebook Fact-checks, Coronavirus, Facebook posts, ",claim,dataset_label,data/raw/pubhealth,25950,Emily Venezky,en
UK Supreme Court hears attempt to change Northern Ireland abortion law.,Reliable,PUBHEALTH,Health News,claim,dataset_label,data/raw/pubhealth,1355,Estelle Shirbon,en
"Releasing inmates, screening staff: U.S. jails and prisons rush to limit virus risks.",Reliable,PUBHEALTH,Health News,claim,dataset_label,data/raw/pubhealth,8138,"Peter Eisler, Ned Parker, Grant Smith",en
Human virus linked to mountain gorilla deaths.,Reliable,PUBHEALTH,Health News,claim,dataset_label,data/raw/pubhealth,2666,Kezio-Musoke David,en
"The 1866 ""Ex parte Milligan"" precludes states from enforcing regulations that prevent residents from freely traveling or earning a living.",Misinformation,PUBHEALTH,"Politics, COVID-19",claim,dataset_label,data/raw/pubhealth,35305,David Mikkelson,en
North Dakota governor says controlling hotspot is weeks away.,Reliable,PUBHEALTH,"Health, General News, North Dakota, Fargo, Virus Outbreak",claim,dataset_label,data/raw/pubhealth,7363, Dave Kolpack,en
Researcher Judy Mikovits was arrested without a warrant and jailed without charges for making a controversial scientific discovery.,Misinformation,PUBHEALTH,"Politics, COVID-19",claim,dataset_label,data/raw/pubhealth,35336,David Mikkelson,en
The novel coronavirus was “man-made.”,Misinformation,PUBHEALTH,"Illinois, Coronavirus, Kimberly Lightford, ",claim,dataset_label,data/raw/pubhealth,26265,Kiannah Sepeda-Miller,en
High ambitions: Uruguay cannabis firm targets booming global market for medical marijuana.,Reliable,PUBHEALTH,Health News,claim,dataset_label,data/raw/pubhealth,1445,Fabian Werner,en
Cristina Higgins authored a personal account about the spread of COVID-19 in Italy.,Reliable,PUBHEALTH,"Medical, COVID-19",claim,dataset_label,data/raw/pubhealth,35186,Dan Evon,en
Facebook post Says series of 11 photos are “from the 1918 flu pandemic.”,Misinformation,PUBHEALTH,"Health Care, Public Health, Facebook Fact-checks, Coronavirus, Facebook posts, ",claim,dataset_label,data/raw/pubhealth,25787,Madison Czopek,en
New hearts forge new friendship for transplant recipients.,Reliable,PUBHEALTH,"AP Top News, Chicago, Health, Michigan, North America, Organ transplants, Friendships, U.S. News",claim,dataset_label,data/raw/pubhealth,5265, Amanda Seitz,en
Planned Parenthood: States should oppose Trump ‘gag rule’.,Reliable,PUBHEALTH,"Access to health care, U.S. News, Supreme courts, Planned Parenthood, Health, Abortion, North America, U.S. Supreme Court, Courts, Womens health, U.S. News, Baltimore",claim,dataset_label,data/raw/pubhealth,5783, Brian Witte,en
Virginia has “lagged behind other states when it comes to (covid-19) testing.”,Reliable,PUBHEALTH,"Coronavirus, Virginia, Levar Stoney, ",claim,dataset_label,data/raw/pubhealth,26434,Warren Fiske,en
An inaudible sonic weapon adequately explains the range of symptoms experienced by diplomats suffering from “health attacks” in Cuba.,Misinformation,PUBHEALTH,"Science, concussion, cuba, health attacks",claim,dataset_label,data/raw/pubhealth,30970,Alex Kasprak,en
We know that President Obama stole over $500 billion out of Medicare to switch it over to Obamacare.,Misinformation,PUBHEALTH,"National, Federal Budget, Health Care, Medicare, Michele Bachmann, ",claim,dataset_label,data/raw/pubhealth,21437,Angie Drobnic Holan,en
Stay-at-home orders “actually are the law of these states.”,Reliable,PUBHEALTH,"Legal Issues, Public Health, Public Safety, States, Coronavirus, Jay Inslee, ",claim,dataset_label,data/raw/pubhealth,26446,Louis Jacobson,mixed
"African-Americans don't use drugs at a higher level than whites but ""wind up going to prison six times more.",Reliable,PUBHEALTH,"Criminal Justice, Drugs, History, Human Rights, Legal Issues, Crime, Public Safety, PunditFact, Van Jones, ",claim,dataset_label,data/raw/pubhealth,13894,C. Eugene Emery Jr.,mixed
Coca-Cola is an effective contraceptive.,Misinformation,PUBHEALTH,"Cokelore, pregnancy",claim,dataset_label,data/raw/pubhealth,33838,Snopes Staff,en
"New Ebola case in Congo, days before outbreak’s expected end.",Reliable,PUBHEALTH,"Matshidiso Moeti, Health, General News, Public health, Africa, International News, United Nations, Virus Outbreak, Ebola virus",claim,dataset_label,data/raw/pubhealth,7495, Al-Hadji Kudra Maliro And Maria Cheng,en
US regulators OK updated version of decades-old antibiotic.,Reliable,PUBHEALTH,"Health, Business, North America, Pneumonia, Antibiotics",claim,dataset_label,data/raw/pubhealth,3744, Linda A. Johnson,en
O’Rourke offers blue vision for red Texas during Nelson show.,Reliable,PUBHEALTH,"Willie Nelson, Ted Cruz, Entertainment, Universal health care, Politics, Music, North America, Austin, Texas, Donald Trump",claim,dataset_label,data/raw/pubhealth,3317, Will Weissert,en
Cannabis Derivative Cannabidiol Reduces Seizures in Severe Epilepsy Disorder,Reliable,PUBHEALTH,"cannabidiol,epilepsy seizures,NYU Langone Medical Center",claim,dataset_label,data/raw/pubhealth,9142,"Earle Holland,Adam Cifu, MD,Kathlyn Stone",en
Indonesian doctor's death exposes heartbreaking risks of coronavirus battle.,Reliable,PUBHEALTH,Health News,claim,dataset_label,data/raw/pubhealth,8536,"Kate Lamb, Wahyuwidi Cinthya",en
Minnesota bets fiscal future on osteopathic medical school.,Reliable,PUBHEALTH,"Minnesota, Medical schools",claim,dataset_label,data/raw/pubhealth,6324, Gregg Aamot Of Minnpost,en
A woman became pregnant from being struck by a bullet that had passed through the scrotum of a Civil War soldier.,Misinformation,PUBHEALTH,Medical,claim,dataset_label,data/raw/pubhealth,33842,David Mikkelson,en
Event 201 “gave out stuffed souvenir coronavirus toys” to “commemorate” Novel coronavirus outbreak,Misinformation,PUBHEALTH,"Public Health, Coronavirus, Facebook posts, ",claim,dataset_label,data/raw/pubhealth,26961,Emily Venezky,en
"Health officials have seen a surge in the number of people using ""bug spray"" to get high.",Misinformation,PUBHEALTH,"Medical, bug spray, daily mail, drug trends",claim,dataset_label,data/raw/pubhealth,29250,Alex Kasprak,en
"For a full-body workout, drumming is the novelty to beat.",Reliable,PUBHEALTH,Health News,claim,dataset_label,data/raw/pubhealth,2591,Dorene Internicola,en
"The GOP health bill ""would once again allow being a rape or domestic violence victim to be a pre-existing condition.",Misinformation,PUBHEALTH,"Congress, Health Care, Legal Issues, Crime, Public Health, Public Safety, Women, California, Judy Chu, ",claim,dataset_label,data/raw/pubhealth,12525,Chris Nichols,en
"Within the three miles surrounding the University Circle area, infant mortality exceeds some Third World countries.",Reliable,PUBHEALTH,"Ohio, Health Care, Public Health, Michele Walsh, ",claim,dataset_label,data/raw/pubhealth,18531,Tom Feran,en
"“The flu killed 80,000 people in the U.S. last year”",Misinformation,PUBHEALTH,"Facebook Fact-checks, Coronavirus, Facebook posts, ",claim,dataset_label,data/raw/pubhealth,26363,Amy Sherman,en
"Oregon Health Authority Says that in 2007, ""Oregon ranked 25th -- or 7th from the bottom -- in percentage of children with untreated decay compared to 32 other states with similar data.",Misinformation,PUBHEALTH,"Oregon, Children, Public Health, Oregon Health Authority, ",claim,dataset_label,data/raw/pubhealth,18440,Janie Har,en
"Alissa Keny-Guyer Says ""in Oregon only 41 percent of adults have ever been tested"" for HIV.",Reliable,PUBHEALTH,"Oregon, Public Health, Alissa Keny-Guyer, ",claim,dataset_label,data/raw/pubhealth,20580,Ian K. Kullgren,en
"Utah home-birth rate is double the US average, report says.",Reliable,PUBHEALTH,"Health, Salt Lake City, Utah, Birth rates",claim,dataset_label,data/raw/pubhealth,6135, Lindsay Whitehurst,en
California rejects unique intersex surgery ban for some kids.,Reliable,PUBHEALTH,"U.S. News, San Francisco, Scott Wiener, Health, General News, Gender identity, California, Bills",claim,dataset_label,data/raw/pubhealth,3003, Adam Beam,en
"According to (Barack) Obama’s newest unconstitutionally enacted law, health care professionals are now required to violate HIPAA privacy laws and submit medical data to the government,"" which is ""then used as justification for gun confiscation.",Misinformation,PUBHEALTH,"National, Health Care, Privacy Issues, Guns, Mr. Conservative, ",claim,dataset_label,data/raw/pubhealth,17405,Louis Jacobson,en
"Facebook post Says Anthony Fauci, Bill Gates, George Soros and Jeffrey Epstein are connected with Moderna, Inc., and its efforts to create the coronavirus vaccine.",Misinformation,PUBHEALTH,"Drugs, Health Care, Facebook Fact-checks, Coronavirus, Facebook posts, ",claim,dataset_label,data/raw/pubhealth,25776,Patrick Orsagos,en
"Studies have demonstrated that cooking with aluminum foil can result in the ingestion of aluminum, which is a risk factor for Alzheimer's disease.",Misinformation,PUBHEALTH,"Medical, aluminum, aluminum foil, alzheimer's",claim,dataset_label,data/raw/pubhealth,29335,Alex Kasprak,en
Drug for refractory psoriatic arthritis shows promise in clinical trial,Reliable,PUBHEALTH,"ixekuzumab,psoriatic arthritis,Stanford Medicine",claim,dataset_label,data/raw/pubhealth,9141,"Alan Cassels,Andrae Vandross, MD,Kathlyn Stone",en
Lawmakers ready for ‘fast and furious’ session.,Reliable,PUBHEALTH,"Legislature, Sioux Falls, Mental health, Health, South Dakota, Kristi Noem, Bills, General News, Laws",claim,dataset_label,data/raw/pubhealth,3020, Stephen Groves,en
Zambia says new cases dropping in deadly cholera outbreak.,Reliable,PUBHEALTH,"Southern Africa, Cholera, Zambia, Africa, Health, Lusaka",claim,dataset_label,data/raw/pubhealth,7263, Christopher Torchia,en
"Turkey will hire more medics, stop exporting face masks: minister.",Reliable,PUBHEALTH,Health News,claim,dataset_label,data/raw/pubhealth,8126,"Tuvan Gumrukcu, Ali Kucukgocmen",en
"Global spa, wellness industry estimated at $3.4 trillion: report.",Reliable,PUBHEALTH,Health News,claim,dataset_label,data/raw/pubhealth,2300,Patricia Reaney,tl
"US experts reviewing low-carb, other diets for guidelines.",Reliable,PUBHEALTH,"Nutrition, AP Top News, Health, North America, U.S. News, Healthy eating",claim,dataset_label,data/raw/pubhealth,3562, Candice Choi,en
United States health care facilities face an intravenous bag shortage because of the devastation wreaked by Hurricane Maria in September 2017.,Reliable,PUBHEALTH,"Medical, Health Care, hospitals, hurricane maria",claim,dataset_label,data/raw/pubhealth,27427,Arturo Garcia,en
"Wisconsin bill ""grants drug companies and medical device manufacturers immunity from injuries and deaths caused by their products.",Reliable,PUBHEALTH,"Civil Rights, Consumer Safety, Corporations, Health Care, Legal Issues, Government Regulation, Public Health, Wisconsin, Robert Kraig, ",claim,dataset_label,data/raw/pubhealth,21275,Tom Kertscher,en
“Only 6% of the people actually died from COVID.” The others “died from other reasons.”,Misinformation,PUBHEALTH,"National, Coronavirus, Donald Trump, ",claim,dataset_label,data/raw/pubhealth,25641,Daniel Funke,en
Facebook post Says a warning label on a box of disposable masks shows that they are ineffective at protecting against the spread of COVID-19.,Misinformation,PUBHEALTH,"Public Health, Facebook Fact-checks, Coronavirus, Facebook posts, ",claim,dataset_label,data/raw/pubhealth,26263,Samantha Putterman,mixed
Spanking kids can cause long-term harm: Canada study.,Reliable,PUBHEALTH,Health News,claim,dataset_label,data/raw/pubhealth,1885,Cameron French,en
"“On February 7, the WHO warned about the limited stock of PPE. That same day, the Trump administration announced it was sending 18 tons of masks, gowns and respirators to China.”",Reliable,PUBHEALTH,"National, China, Health Care, Public Health, Facebook Fact-checks, Coronavirus, Facebook posts, ",claim,dataset_label,data/raw/pubhealth,26560,Bill McCarthy,en
NFL suspends Patriots’ Gordon for substance abuse violation.,Reliable,PUBHEALTH,"Josh Gordon, Health, NFL, North America, Sports, Football",claim,dataset_label,data/raw/pubhealth,6014, Kyle Hightower,en
New adult behavioral health unit opens in northern Arkansas.,Reliable,PUBHEALTH,"Mountain Home, Mental health, Health, Arkansas, Jack Nicholson",claim,dataset_label,data/raw/pubhealth,5953, Helen Mansfield,en
California lawmakers want to repeal HIV criminalization laws.,Reliable,PUBHEALTH,"U.S. News, San Francisco, Scott Wiener, Health, California, Bills",claim,dataset_label,data/raw/pubhealth,3754, Sophia Bollag,en
"More (people) die from indoor air pollution than from malaria, HIV/AIDS and TB combined.",Reliable,PUBHEALTH,"Global News Service, Energy, Public Health, James Rockall, ",claim,dataset_label,data/raw/pubhealth,12490,Smitha Rajan,en
Disability rights advocates sue Montana over Medicaid cuts.,Reliable,PUBHEALTH,"Health, Lawsuits, Helena, Montana, Medicaid, Health care services",claim,dataset_label,data/raw/pubhealth,3868, Amy Beth Hanson,en
"Foster care, mental health, guns on DeWine’s 2020 agenda.",Reliable,PUBHEALTH,"Mike DeWine, Mental health, Opioids, Health, Foster care, Ohio",claim,dataset_label,data/raw/pubhealth,3897, Julie Carr Smyth,en
11-year-old shares her story battling cancer with classmates.,Reliable,PUBHEALTH,"Health, Leukemia, Cancer",claim,dataset_label,data/raw/pubhealth,6524, Chris Schultz,en
"The Swedish parliament rejected seven proposals in May 2017 establishing a mandatory vaccination program, enacting a ban on the practice.",Misinformation,PUBHEALTH,"Politics, Age of Autism, anti-vaccine, antivaxxer",claim,dataset_label,data/raw/pubhealth,29249,Arturo Garcia,mixed
"Crossroads GPS Says Joe Sestak ""voted to gut Medicare ... reducing benefits for 854,489 seniors"" and jeopardizing ""access to care for millions.",Misinformation,PUBHEALTH,"National, Health Care, Medicare, Message Machine 2010, Crossroads GPS, ",claim,dataset_label,data/raw/pubhealth,23307,Louis Jacobson,en
The senate voted 51-48 to repeal the Affordable Care Act on 12 January 2017.,Misinformation,PUBHEALTH,"Uncategorized, aca, affordable care act, Health Care",claim,dataset_label,data/raw/pubhealth,29380,Dan Evon,en
UK authorities release confiscated cannabis after boy hospitalized.,Reliable,PUBHEALTH,Health News,claim,dataset_label,data/raw/pubhealth,2254,Estelle Shirbon,en
Development of a wearable medical device for type 2 diabetes,Misinformation,PUBHEALTH,"Kumamoto University,medical device",claim,dataset_label,data/raw/pubhealth,9229,"Edward Ward, MD,Harold J. DeMonaco, MS,Kathlyn Stone",en
India allows limited exports of anti-malaria drug after Trump warns of retaliation.,Reliable,PUBHEALTH,Health News,claim,dataset_label,data/raw/pubhealth,8339,"Neha Dasgupta, Sanjeev Miglani",en
“if your child gets this virus their going to hospital alone in a van with people they don’t know...to be with people they don’t know… you will be at home without them in their time of need.”,Misinformation,PUBHEALTH,"Children, Health Care, Public Health, Facebook Fact-checks, Coronavirus, Viral image, ",claim,dataset_label,data/raw/pubhealth,26563,Emily Venezky,mixed
"Rick Perry Says he ""got lobbied"" by a woman with late-stage cancer about vaccinating Texas girls against a virus that can cause cervical cancer.",Misinformation,PUBHEALTH,"Health Care, Public Health, Texas, Rick Perry, ",claim,dataset_label,data/raw/pubhealth,21381,W. Gardner Selby,en
Greece quarantines second migrant camp after COVID-19 case confirmed.,Reliable,PUBHEALTH,Health News,claim,dataset_label,data/raw/pubhealth,8327,Renee Maltezou,en
A photograph shows Dr. Anthony Fauci at a baseball game with his mask lowered below his mouth.,Reliable,PUBHEALTH,"Politics, COVID-19",claim,dataset_label,data/raw/pubhealth,35373,Dan Evon,mixed
"Canada faces 'critical week' in coronavirus crisis, death toll jumps.",Reliable,PUBHEALTH,Health News,claim,dataset_label,data/raw/pubhealth,7961,David Ljunggren,en
Arkansas Colleges of Health Education celebrates 5 years.,Reliable,PUBHEALTH,"Health education, Fort Smith, Health, Arkansas, Education",claim,dataset_label,data/raw/pubhealth,5829, Jadyn Watson-Fisher,en
"Recipe winners dine on brussels sprouts, smoothies at White House.",Reliable,PUBHEALTH,Health News,claim,dataset_label,data/raw/pubhealth,1646,Megan Cassella,tl
Jury clears J&J of liability in California talc cancer case.,Reliable,PUBHEALTH,Health News,claim,dataset_label,data/raw/pubhealth,2267,Tina Bellon,en
"No vaping ban U-turn, says Indian official, as protests fizzle.",Reliable,PUBHEALTH,Health News,claim,dataset_label,data/raw/pubhealth,151,"Aditya Kalra, Manas Mishra",en
U.S. men less likely to heed health warnings as coronavirus death toll mounts: Reuters Poll.,Reliable,PUBHEALTH,Health News,claim,dataset_label,data/raw/pubhealth,8045,Chris Kahn,en
Washington state deals blow to plan for coal export terminal.,Reliable,PUBHEALTH,"Longview, Washington, Wyoming, North America, Environment, Environmental concerns, Montana, Science, Water quality, Air quality, Pollution",claim,dataset_label,data/raw/pubhealth,6464, Rachel La Corte,en
A report of a 7-year-old girl who got breast implants has stirred controversy.,Misinformation,PUBHEALTH,Health / Medical,claim,dataset_label,data/raw/pubhealth,38349,  Rich Buhler & Staff  ,en
"Images shared in March 2020 showed a convoy of military trucks transporting bodies away from an over-subscribed crematorium in Bergamo, Italy.",Reliable,PUBHEALTH,Medical,claim,dataset_label,data/raw/pubhealth,35051,Dan MacGuill,en
Complacency a concern as AIDS treatment improves in Africa.,Reliable,PUBHEALTH,"Uganda, Health, General News, East Africa, Africa, Epidemics, United Nations, International News",claim,dataset_label,data/raw/pubhealth,3704, Rodney Muhumuza,en
Data suggests opioid-related overdose deaths in Alaska down.,Reliable,PUBHEALTH,"Health, Legislature, Bill Walker, Alaska",claim,dataset_label,data/raw/pubhealth,5259, Becky Bohrer,en
"Lose weight with skin cream? Fat chance, says U.S. govt.",Reliable,PUBHEALTH,Health News,claim,dataset_label,data/raw/pubhealth,2396,Diane Bartz,en
Hal Turner Radio Show Says the coronavirus is “a MILITARY BIO-WEAPON Developed by China's Army.”,Misinformation,PUBHEALTH,"Public Health, Facebook Fact-checks, Coronavirus, Hal Turner Radio Show, ",claim,dataset_label,data/raw/pubhealth,26907,Daniel Funke,en
Gene test could spare women from unnecessary radiation,Reliable,PUBHEALTH,"Cancer,USA Today,women's health",claim,dataset_label,data/raw/pubhealth,9838,"Andrew Holtz, MPH,Karen Carlson, MD,Gary Schwitzer",en
"Utah bans abortions after 18 weeks, teeing up legal showdown.",Reliable,PUBHEALTH,"Planned Parenthood, Health, Utah, Politics, North America, U.S. News, Gary Herbert",claim,dataset_label,data/raw/pubhealth,4927, Lindsay Whitehurst,en
A form of strep infection is capable of affecting the nasal cavity and face.,Reliable,PUBHEALTH,Medical,claim,dataset_label,data/raw/pubhealth,27128,Alex Kasprak,en
"Chris Sununu Says drug dealers have ""overdosed on purpose"" to avoid prosecution.",Misinformation,PUBHEALTH,"New Hampshire, Drugs, Legal Issues, Crime, Chris Sununu, ",claim,dataset_label,data/raw/pubhealth,13223,Ella Nilsen,en
The Obama administration left Trump with a “stockpile with a cupboard that was bare.”,Misinformation,PUBHEALTH,"Federal Budget, Natural Disasters, Coronavirus, Donald Trump, ",claim,dataset_label,data/raw/pubhealth,26527,Amy Sherman,en
"The federal government is “preparing to mobilize the national guard,” “dispatch them across the US with military” and “announce a nationwide 1 week quarantine for all citizens.”",Misinformation,PUBHEALTH,"Facebook Fact-checks, Coronavirus, Chain message, ",claim,dataset_label,data/raw/pubhealth,26626,Daniel Funke,en
Wikileaks documents reveal Hillary Clinton was gravely injured in a plane crash during a secret mission to Iran in 2012.,Misinformation,PUBHEALTH,"Politics Ballot Box, clinton health, conspiracy theories, election 2016",claim,dataset_label,data/raw/pubhealth,32261,Kim LaCapria,en
Stem Cell Injection May Soon Reverse Vision Loss Caused By Age-Related Macular Degeneration,Misinformation,PUBHEALTH,"Academic medical center news release,Animal research",claim,dataset_label,data/raw/pubhealth,10762,"Earle Holland,Joann Rodgers, MS,Gary Schwitzer",mixed
Facebook post Says news stories referencing 322 and COVID-19 are proof cases are being “synchronized”,Misinformation,PUBHEALTH,"Facebook Fact-checks, Wisconsin, Coronavirus, Facebook posts, ",claim,dataset_label,data/raw/pubhealth,26113,Eric Litke,en
"The reaction between metallic mercury and aluminum, which produces a dramatic chain reaction popular on YouTube science channels, is evidence that vaccines are not safe.",Misinformation,PUBHEALTH,"Medical, aluminum, anti-vaccine, mercury",claim,dataset_label,data/raw/pubhealth,31025,Alex Kasprak,en
Study Finds More Isn't Better for Roche Breast Cancer Drug,Reliable,PUBHEALTH,breast cancer,claim,dataset_label,data/raw/pubhealth,9369,"Jill U. Adams,Kevin Lomangino,Joy Victory",en
Mainland China sees rise in new coronavirus cases.,Reliable,PUBHEALTH,Health News,claim,dataset_label,data/raw/pubhealth,8632,"Yilei Sun, Se Young Lee",en
Preventive care does not save the government money.,Reliable,PUBHEALTH,"National, Health Care, Pundits, David Brooks, ",claim,dataset_label,data/raw/pubhealth,24588,Catharine Richert,en
"Spain overtakes Italy in coronavirus cases, death rate slows.",Reliable,PUBHEALTH,Health News,claim,dataset_label,data/raw/pubhealth,7959,"Inti Landauro, Clara-Laeila Laudette",en
Brazil's mothers left to raise microcephaly babies alone.,Reliable,PUBHEALTH,Health News,claim,dataset_label,data/raw/pubhealth,1592,Stephen Eisenhammer,en
Alabama Sen. Doug Jones calls new abortion ban ‘shameful’.,Reliable,PUBHEALTH,"Kay Ivey, AP Top News, Supreme courts, Health, Legislation, Abortion, Courts, Doug Jones, Alabama, U.S. News",claim,dataset_label,data/raw/pubhealth,5683, Kim Chandler And Blake Paterson,en
"Warnings that Mcafee or Norton has identified the most destructive computer virus ever disguised as a Hallmark postcard email with the subject line “A Card for You,” “Virtual Card for You,” “Postcard” or a “Postcard from Hallmark” have been circulating for years.",Misinformation,PUBHEALTH,"Computers, Viruses, Warnings",claim,dataset_label,data/raw/pubhealth,39585,  Rich Buhler & Staff  ,en
Hyperbaric oxygen: The mysterious therapy that saved a cancer survivor from radiation side effects,Reliable,PUBHEALTH,"cancer,radiation therapy",claim,dataset_label,data/raw/pubhealth,9344,"Mandy Stahre, PhD,Steven J. Atlas, MD, MPH,Joy Victory",en
Reducing Radiation Successfully Treats HPV-Positive Oropharynx Cancers and Minimizes Side Effects,Misinformation,PUBHEALTH,"Academic medical center news release,Cancer",claim,dataset_label,data/raw/pubhealth,10992,"Sally James,A'ndrea Elyse Messer, MS, PhD,Kathlyn Stone",en
China toddler fights fat in land of little emperors.,Reliable,PUBHEALTH,Health News,claim,dataset_label,data/raw/pubhealth,2006,"Gary Ling, Stefanie Mcintyre",en
"Facebook post Says Italian Prime Minister Giuseppe Conte said, “We have lost control, we have killed the epidemic physically and mentally. Can’t understand what more we can do, all solutions are exhausted on ground. Our only hope remains up in the Sky, God rescue your people.”",Misinformation,PUBHEALTH,"Facebook Fact-checks, Coronavirus, Facebook posts, ",claim,dataset_label,data/raw/pubhealth,26569,Miriam Valverde,en
The death from influenza of eight mostly vaccinated people over 65 in California's Santa Barbara County during the 2017-2018 flu season proves that you shouldn’t get the flu shot.,Misinformation,PUBHEALTH,"Medical, antivax, antivaxer, erin elizabeth",claim,dataset_label,data/raw/pubhealth,30705,Alex Kasprak,en
"Facebook post Says the governors of Michigan, New York and Nevada “have issued orders banning the prescription of hydroxychloroquine to patients with COVID-19.”",Misinformation,PUBHEALTH,"Public Health, Facebook Fact-checks, Coronavirus, Facebook posts, ",claim,dataset_label,data/raw/pubhealth,26558,Daniel Funke,en
Ruling leaves Ohio ban on Down syndrome abortions on hold.,Reliable,PUBHEALTH,"John Kasich, Health, General News, Courts, Ohio, Laws",claim,dataset_label,data/raw/pubhealth,5332, Kantele Franko And Julie Carr Smyth,en
"As millions vape, e-cigarette researchers count puffs, scour Facebook.",Reliable,PUBHEALTH,Health News,claim,dataset_label,data/raw/pubhealth,1833,Sharon Begley,en
The test that reveals cancer sooner,Misinformation,PUBHEALTH,"Cancer,Disease mongering,industry/commercial news releases,Screening tests",claim,dataset_label,data/raw/pubhealth,9959,"Andrew Holtz, MPH,Harold J. DeMonaco, MS,Kathlyn Stone",en
"Walmart, Amazon, Kroger, Target and Costco “have not had any reported (coronavirus) cases in the news.”",Misinformation,PUBHEALTH,"Facebook Fact-checks, Coronavirus, Viral image, ",claim,dataset_label,data/raw/pubhealth,26380,Ciara O'Rourke,en
Scramble for masks as Italian region orders coronavirus cover-up.,Reliable,PUBHEALTH,Health News,claim,dataset_label,data/raw/pubhealth,8612,Alex Fraser,en
Trump’s cuts to Medicare hospital payments trigger an outcry.,Reliable,PUBHEALTH,"Seniors, Health, Politics, North America, Prescription drug costs, Medicare, Medicaid, Nancy Pelosi, Donald Trump",claim,dataset_label,data/raw/pubhealth,3797, Ricardo Alonso-Zaldivar And Catherine Lucey,en
"Hundreds of Americans flown home from cruise ship, 14 with coronavirus.",Reliable,PUBHEALTH,Health News,claim,dataset_label,data/raw/pubhealth,8735,"Stephen Lam, Stephanie Nebehay",en
"In July 2020, U.S. Education Secretary Betsy DeVos said ""only"" .02% of the country's K-12 school students — totaling 14,740 children and teens — are likely to die from COVID-19 when and if schools fully reopen.",Misinformation,PUBHEALTH,"Politics Education, COVID-19",claim,dataset_label,data/raw/pubhealth,35599,Jessica Lee,en
GSK builds oncology pipeline as drug shown to help myeloma patients.,Reliable,PUBHEALTH,Health News,claim,dataset_label,data/raw/pubhealth,185,"Ludwig Burger, Pushkala Aripaka",en
Final trial results confirm Ebola vaccine provides high protection against disease,Reliable,PUBHEALTH,"Ebola vaccine,The Lancert",claim,dataset_label,data/raw/pubhealth,9216,"Kim Walsh-Childers, PhD,Dan Mayer, MD,Kathlyn Stone",en
Pelosi offers Medicare negotiation plan to curb drug prices.,Reliable,PUBHEALTH,"Seniors, AP Top News, Health care industry, Health, General News, Politics, Business, Inflation, Medicare, Prices, Prescription drugs, Nancy Pelosi",claim,dataset_label,data/raw/pubhealth,3838, Ricardo Alonso-Zaldivar,en
"A viral social media post in January 2020 represented an authentic, accurate ""health bulletin"" about the new coronavirus outbreak from an official public health authority.",Misinformation,PUBHEALTH,Medical,claim,dataset_label,data/raw/pubhealth,35011,Dan MacGuill,en
Officials release edited coronavirus reopening guidance.,Reliable,PUBHEALTH,"AP Top News, Religion, Understanding the Outbreak, Health, General News, Business, Virus Outbreak, U.S. News",claim,dataset_label,data/raw/pubhealth,7376, Mike Stobbe And Jason Dearen,en
President Donald Trump “immediately discontinued” an aid program to Central America.,Misinformation,PUBHEALTH," childhood poverty, climate change, employment, health care, Illegal immigration, Tax Cuts and Jobs Act, universal background checks, ",claim,dataset_label,data/raw/pubhealth,41731,Eugene Kiely,en
Coronavirus forces U.S. churches to offer Easter Sunday services unlike any before.,Reliable,PUBHEALTH,Health News,claim,dataset_label,data/raw/pubhealth,8310,Rich Mckay,en
Ebola Vaccines Show Promise in New Study,Reliable,PUBHEALTH,"Ebola,vaccine",claim,dataset_label,data/raw/pubhealth,9450,"Earle Holland,Preeti N. Malani, MD, MSJ,Joy Victory",en
EPA watchdog: Health monitoring after Harvey was lacking.,Reliable,PUBHEALTH,"Houston, Hurricane Harvey, General News, Storms, Public health, Environment, Hurricanes, U.S. News, Air quality, Texas",claim,dataset_label,data/raw/pubhealth,3156, Paul J. Weber,en
West Virginia women have chance for sweep in US House races.,Reliable,PUBHEALTH,"Evan Jenkins, Health care reform, Elections, David McKinley, West Virginia, Alex Mooney",claim,dataset_label,data/raw/pubhealth,4800, John Ra,en
"Italy “went against the WHO's ‘law’” against COVID-19 autopsies and “discovered covid is not a virus, but a bacterium” that “clots the blood and reduces the oxygen saturation.”",Misinformation,PUBHEALTH,"Public Health, Facebook Fact-checks, Coronavirus, Facebook posts, ",claim,dataset_label,data/raw/pubhealth,26225,Emily Venezky,en
California bill would create health care price controls.,Reliable,PUBHEALTH,"Health care costs, Health care industry, Health, Sacramento, Legislation, Politics, North America, Health care reform, California, Health care services",claim,dataset_label,data/raw/pubhealth,3869, Jonathan J. Cooper,en
'Universal' blood test for earlier diagnosis of cancer moves closer to market,Misinformation,PUBHEALTH,cancer screening,claim,dataset_label,data/raw/pubhealth,8951,"Sharon Dunwoody, PhD,Andrae Vandross, MD,Joy Victory",en
"Edith Jones, who integrated southern medical schools, dies.",Reliable,PUBHEALTH,"Race and ethnicity, General News, Medical schools, Arkansas, U.S. News",claim,dataset_label,data/raw/pubhealth,6322, Hannah Grabenstein,en
Italy's coronavirus deaths surge as Lombardy seeks tougher curbs.,Reliable,PUBHEALTH,Health News,claim,dataset_label,data/raw/pubhealth,8681,"Angelo Amante, Gavin Jones",en
"While the smoking rate nationally has fallen, more than 18 percent of Georgians still light up.",Reliable,PUBHEALTH,"Georgia, Public Health, Atlanta Mayor Kasim Reed's Office, ",claim,dataset_label,data/raw/pubhealth,14857,Nancy Badertscher,en
"Bill Gates is quoted in the February 1997 issue of George magazine as saying an ""over-populated planet"" would be ""choked to extinction by a lung-attacking virus.",Misinformation,PUBHEALTH,"Questionable Quotes, COVID-19",claim,dataset_label,data/raw/pubhealth,35351,Dan Evon,en
North Carolina ultrasound abortion law ruled illegal by judge.,Reliable,PUBHEALTH,Health News,claim,dataset_label,data/raw/pubhealth,2834,David Adams,en
There’s a “direct correlation” between North Carolina’s mask requirement and COVID-19 stabilization.,Reliable,PUBHEALTH,"North Carolina, Coronavirus, Mandy Cohen, ",claim,dataset_label,data/raw/pubhealth,25824,Paul Specht,en
"$3 trillion for federal coronavirus stimulus packages is ""being borrowed basically from China.",Misinformation,PUBHEALTH,"China, Debt, Economy, Coronavirus, Rand Paul, ",claim,dataset_label,data/raw/pubhealth,26314,Tom Kertscher,en
Counterfeit masks reaching frontline health workers in US.,Reliable,PUBHEALTH,"Los Angeles, Understanding the Outbreak, Health, General News, Politics, Business, AP Top News, Asia Pacific, Virus Outbreak",claim,dataset_label,data/raw/pubhealth,7475, Juliet Linderman And Martha Mendoza,en
Facebook post Says truck drivers are being turned away from fast-food restaurants during the COVID-19 pandemic.,Reliable,PUBHEALTH,"Facebook Fact-checks, Coronavirus, Facebook posts, ",claim,dataset_label,data/raw/pubhealth,26589,Samantha Putterman,en
"Georgia deploys 3D printers, Guard units in testing scramble.",Reliable,PUBHEALTH,"Georgia, Health, General News, Augusta, Science, Virus Outbreak, Technology, U.S. News",claim,dataset_label,data/raw/pubhealth,7562, Jeffrey Collins And Russ Num,en
Patients push limits for clues to chronic fatigue syndrome.,Reliable,PUBHEALTH,"Chronic fatigue syndrome, AP Top News, Health, General News, Science, U.S. News, Weekend Reads",claim,dataset_label,data/raw/pubhealth,3030, Lauran Neergaard,en
"Boy, 9, is 1st French death from likely COVID-linked illness.",Reliable,PUBHEALTH,"Marseille, Understanding the Outbreak, Health, General News, France, Lifestyle, Virus Outbreak, Europe",claim,dataset_label,data/raw/pubhealth,7344, John Leicester,en
Under the Obama plan . . . all the health care in this country is eventually going to be run by the government.,Misinformation,PUBHEALTH,"National, Health Care, Tom Coburn, ",claim,dataset_label,data/raw/pubhealth,24766,Angie Drobnic Holan,en
"Spain's coronavirus deaths rise above 10,000, yet there is 'glimpse of hope'.",Reliable,PUBHEALTH,Health News,claim,dataset_label,data/raw/pubhealth,7876,"Emma Pinedo, Inti Landauro",en
Pre and Post Testing Show Reversal of Memory Loss From Alzheimer’s Disease in Ten Patients,Misinformation,PUBHEALTH,Alzheimer's disease,claim,dataset_label,data/raw/pubhealth,11229,"Mary Chris Jaklevic,Doug Campos-Outcalt, MD, MPA,Kathlyn Stone",en
GOP senators blink on a big chance to repeal ‘Obamacare’.,Reliable,PUBHEALTH,"U.S. News, AP Top News, Health Care Upheaval , Health, Rand Paul, Legislation, Politics, North America, Business, Laws, Donald Trump, Bills, Barack Obama",claim,dataset_label,data/raw/pubhealth,5195, Erica Werner And Alan Fram,en
It’s common around Christmas time for people to warn one another about the alleged toxicity of poinsettias.,Misinformation,PUBHEALTH,"Animals, Medical, Warnings",claim,dataset_label,data/raw/pubhealth,40590,  Rich Buhler & Staff  ,en
Congo’s Ebola outbreak poses challenges for bush meat.,Reliable,PUBHEALTH,"AP Top News, Animals, Health, Ebola virus, Congo River, Africa, Bats, Monkeys",claim,dataset_label,data/raw/pubhealth,3642, Sam Mednick,en
Donald Trump owned stock in Thermo-Fisher Scientific at a time when his presidential administration was advocating for a COVID-19 test that uses Thermo-Fisher equipment.,Misinformation,PUBHEALTH,"Politics, COVID-19",claim,dataset_label,data/raw/pubhealth,35142,Alex Kasprak,mixed
‘Hippie’ island off Seattle sees shift in low vaccine rate.,Reliable,PUBHEALTH,"AP Top News, Immunizations, Health, Washington, North America, Lifestyle, Science, Seattle, U.S. News",claim,dataset_label,data/raw/pubhealth,5749, Sally Ho,en
Two-thirds of the top-rated hospitals in Florida were our hospitals.,Reliable,PUBHEALTH,"Health Care, Message Machine 2010, Florida, Rick Scott, ",claim,dataset_label,data/raw/pubhealth,23913,Aaron Sharockman,en
Death toll from acute encephalitis in east Indian town rises to 129 children.,Reliable,PUBHEALTH,Health News,claim,dataset_label,data/raw/pubhealth,986,Mayank Bhardwaj,en
"Drinking untreated spring water, marketed as ""raw water,"" provides health benefits because they are ""probiotic.",Misinformation,PUBHEALTH,"Medical, alternative health, bottled water, health fad",claim,dataset_label,data/raw/pubhealth,30711,Alex Kasprak,en
Special Report: Italy and South Korea virus outbreaks reveal disparity in deaths and tactics.,Reliable,PUBHEALTH,Health News,claim,dataset_label,data/raw/pubhealth,7913,"Emilio Parodi, Stephen Jewkes, Sangmi Cha, Ju-Min Park",en
"JUULing, or use of a JUUL e-cigarette, has caused cancer in four students.",Misinformation,PUBHEALTH,"Medical, cancer, juul, juuling",claim,dataset_label,data/raw/pubhealth,30541,Kim LaCapria,en
Researchers Develop Simple Paper Test That Quickly Diagnoses Illnesses by Changing Colour,Misinformation,PUBHEALTH,"Academic medical center news release,Diagnostic tests",claim,dataset_label,data/raw/pubhealth,11332,"A'ndrea Elyse Messer, MS, PhD,Matt Shipman,Kathlyn Stone",en
"A Johns Hopkins scientist issued a ""blistering report"" on flu vaccine dangers in the British Medical Journal.",Misinformation,PUBHEALTH,"Medical, Disease",claim,dataset_label,data/raw/pubhealth,29305,David Mikkelson,en
U.S. doctors on coronavirus frontline seek protection from malpractice suits.,Reliable,PUBHEALTH,Health News,claim,dataset_label,data/raw/pubhealth,7968,Tom Hals,en
Afghan capital’s air pollution may be even deadlier than war.,Reliable,PUBHEALTH,"Afghanistan, AP Top News, International News, General News, Air pollution, Kabul, Health, Science, Asia Pacific, Pollution",claim,dataset_label,data/raw/pubhealth,3356, Rahim Faiez,mixed
Biogen multiple sclerosis drug Tecfidera wins European approval.,Reliable,PUBHEALTH,Health News,claim,dataset_label,data/raw/pubhealth,2750,Bill Berkrot,en
Blogger Says the Vatican reports that Pope Francis tested negative for the coronavirus before a second test came back positive.,Misinformation,PUBHEALTH,"Facebook Fact-checks, Coronavirus, Bloggers, ",claim,dataset_label,data/raw/pubhealth,26748,Samantha Putterman,en
Landmark clinical trial shows gene-targeted drug can treat prostate cancer,Misinformation,PUBHEALTH,"Academic medical center news release,Prostate cancer",claim,dataset_label,data/raw/pubhealth,10620,"Alan Cassels,Doug Campos-Outcalt, MD, MPA,Kathlyn Stone",en
Most U.S. doctors fail to discuss alcohol with patients: study.,Reliable,PUBHEALTH,Health News,claim,dataset_label,data/raw/pubhealth,2923,David Beasley,en
"A video shows a piece of 5G equipment with ""COV-19"" inscribed on it.",Misinformation,PUBHEALTH,"Technology, COVID-19",claim,dataset_label,data/raw/pubhealth,35674,Dan Evon,en
"Wichita man to bike 1,000 miles to honor daughter’s death.",Reliable,PUBHEALTH,"Anxiety, Health, Kansas, Wichita, Anorexia nervosa, Eating disorders, United States",claim,dataset_label,data/raw/pubhealth,7584, Amy Geiszler-Jones,en
"A Facebook post is correct in saying N95 masks, surgical masks, and cloth masks can be dangerous and/or ineffective in protecting against the spread of COVID-19 based on CDC and U.S. Occupational Safety and Health Administration (OSHA) guidelines.",Misinformation,PUBHEALTH,"Medical, COVID-19",claim,dataset_label,data/raw/pubhealth,35531,Nur Ibrahim,en
"U.S. President Donald Trump tweeted in November 2009 that ""Obama's handling of this whole pandemic has been terrible!"" and that he ""would never let thousands of Americans die from a pandemic while in office.",Misinformation,PUBHEALTH,"Politics, COVID-19",claim,dataset_label,data/raw/pubhealth,35245,Dan Evon,en
South Korea expands poultry cull on bird flu fears.,Reliable,PUBHEALTH,Health News,claim,dataset_label,data/raw/pubhealth,2799,Jane Chung,en
What's in a name? Losing Asperger's label not such a big change.,Reliable,PUBHEALTH,Health News,claim,dataset_label,data/raw/pubhealth,2562,Julie Steenhuysen,en
Missouri Votes to Let Employers Fire People Who Use Birth Control.,Misinformation,PUBHEALTH,"Health Care, Legal Issues, Women, Workers, Missouri, Feministing, ",claim,dataset_label,data/raw/pubhealth,12063,Emma Diltz,en
"Mammograms Cut Risk of Breast Cancer Death by Half, Study Finds",Misinformation,PUBHEALTH,"Cancer,HealthDay,Screening,women's health",claim,dataset_label,data/raw/pubhealth,10849,"Suzanne Hicks, MSW,Gary Schwitzer",en
"Measles outbreak kills more than 1,200 in Madagascar.",Reliable,PUBHEALTH,"Madagascar, AP Top News, International News, Measles, Africa, Health",claim,dataset_label,data/raw/pubhealth,6781, Laetitia Bezain,en
The common allergy drug Benadryl can be used to treat rattlesnake bites.,Misinformation,PUBHEALTH,"Critter Country, health",claim,dataset_label,data/raw/pubhealth,35602,Madison Dapcevich,en
2007 mass shooting survivor copes with 300 pellets of lead.,Reliable,PUBHEALTH,"Lead poisoning, General News, Utah, Health, Salt Lake City, Gun politics, Poisoning, U.S. News",claim,dataset_label,data/raw/pubhealth,4035, Lindsay Whitehurst,en
“Fish tank additive may treat coronavirus.”,Misinformation,PUBHEALTH,"Public Health, Pundits, PunditFact, Coronavirus, Bloggers, ",claim,dataset_label,data/raw/pubhealth,26603,Bill McCarthy,tl
"Autism has now been included among the known side effects of the DTaP (Diphtheria, Tetanus, and acellular Pertussis) vaccine.",Misinformation,PUBHEALTH,"Junk News, autism, dtap, vaccine misinformation",claim,dataset_label,data/raw/pubhealth,32864,Kim LaCapria,en
US troops get freeze-dried plasma for battlefield bloodshed.,Reliable,PUBHEALTH,"AP Top News, Las Vegas mass shooting, Army, Health, Politics, North America, U.S. News, Land mines, U.S. News",claim,dataset_label,data/raw/pubhealth,5509, Emery P. Dalesio,en
"Republicans “have shown themselves willing to cut millions off their health insurance and eliminate preexisting condition protections for millions more, even in the middle of this public health crisis.",Reliable,PUBHEALTH,"Health Care, Public Health, Health Check, Coronavirus, Barack Obama, ",claim,dataset_label,data/raw/pubhealth,26465,Shefali Luthra,en
"Women with Stage 4 breast cancer survive longer if they have surgery, study shows",Reliable,PUBHEALTH,"breast cancer,surgery",claim,dataset_label,data/raw/pubhealth,9702,"Euna Bodner, MS,Steven J. Atlas, MD, MPH,Kevin Lomangino",en
Photographs show a homeless shelter with painted social-distancing boxes in a Las Vegas parking lot.,Reliable,PUBHEALTH,"Fauxtography, COVID-19",claim,dataset_label,data/raw/pubhealth,35213,David Mikkelson,en
UN agency: Tanzania not sharing details on Ebola-like cases.,Reliable,PUBHEALTH,"International News, Ebola virus, East Africa, Africa, Health, Tanzania, General News",claim,dataset_label,data/raw/pubhealth,5152, Cara Anna,en
Laser-Based Dermatological Procedures Could Be Revolutionized with New Techniqu,Misinformation,PUBHEALTH,"medical devices,University news release",claim,dataset_label,data/raw/pubhealth,11220,"Andrew Holtz, MPH,Saurabh Jha, MBBS,Kathlyn Stone",en
"New law would let Uruguayans grow marijuana at home, in clubs.",Reliable,PUBHEALTH,Health News,claim,dataset_label,data/raw/pubhealth,2585,Malena Castaldi,mixed
Chinese leukemia patient livestreams to pay for treatment.,Reliable,PUBHEALTH,"Beijing, Cancer, International News, Leukemia, Health, Business, China, Asia Pacific, Harbin",claim,dataset_label,data/raw/pubhealth,6528, Yanan Wang,en
Chemistry Nobel for using evolution to create new proteins.,Reliable,PUBHEALTH,"Biology, AP Top News, Health, Business, Europe, International News, Nobel Prizes, Medication, California, Science, Technology, Chemistry, University of Missouri, Stockholm",claim,dataset_label,data/raw/pubhealth,5381," Malcolm Ritter, Jim Heintz And Christopher  Chester",en
UN sees bird flu changes but calls risk of people spread low.,Reliable,PUBHEALTH,"World Health Organization, Health, Flu, International News, Bird flu, China, Science, Europe, Pandemics",claim,dataset_label,data/raw/pubhealth,6170, Maria Cheng,en
Discovery offers prospect of shorter treatment and cure for chronic myelogenous leukemia,Misinformation,PUBHEALTH,"chronic myelogenous leukemia (CML),Dana-Farber Cancer Institute,imatinib,mice studies",claim,dataset_label,data/raw/pubhealth,9253,"Dave Mosher,Susan Molchan, MD, MA,Kathlyn Stone",en
A law in Japan makes it illegal for citizens of that country to be fat.,Misinformation,PUBHEALTH,"Medical, japan, obesity",claim,dataset_label,data/raw/pubhealth,29370,Kim LaCapria,en
"US births hit a 30-year low, despite good economy.",Reliable,PUBHEALTH,"AP Top News, Health, Immigration, Birth rates, U.S. News, Economy",claim,dataset_label,data/raw/pubhealth,6131, Mike Stobbe,en
Bodycad Announces First Use of Its Unicompartmental Knee System in Patients,Misinformation,PUBHEALTH,"Bodycad,knee surgery",claim,dataset_label,data/raw/pubhealth,9089,"A'ndrea Elyse Messer, MS, PhD,James Rickert, MD,Kathlyn Stone",en
"Sanofi ends research in diabetes, narrows units to spur profit.",Reliable,PUBHEALTH,Health News,claim,dataset_label,data/raw/pubhealth,37,Matthias Blamont,en
Eye surgery law sparks unusually public dispute in Arkansas.,Reliable,PUBHEALTH,"Legislature, AP Top News, Lobbying, General News, Health, Arkansas, Little Rock, U.S. News, Laws",claim,dataset_label,data/raw/pubhealth,3483, Andrew Demillo,en
"Two-fifths of U.S. adults care for sick, elderly relatives.",Reliable,PUBHEALTH,Health News,claim,dataset_label,data/raw/pubhealth,2494,Yasmeen Abutaleb,en
“Does the #DemConvention know @NYGovCuomo forced nursing homes across NY to take in COVID positive patients and planted the seeds of infection that killed thousands of grandmothers and grandfathers?”,Misinformation,PUBHEALTH,"Public Health, Health Check, New York, Coronavirus, Michael Caputo, ",claim,dataset_label,data/raw/pubhealth,25711,Michelle Andrews,en
On-and-off fasting helps fight obesity,Misinformation,PUBHEALTH,"fasting,obesity,Springer",claim,dataset_label,data/raw/pubhealth,9077,"Sally James,Yoni Freedhoff, MD,Kathlyn Stone",en
"Over 1,000 quarantined in measles scare at LA universities.",Reliable,PUBHEALTH,"Los Angeles, University of California, Health, Measles, North America, AP Top News, California, Science, California State University, U.S. News, Public health",claim,dataset_label,data/raw/pubhealth,6935, John Rogers,mixed
U.N. says Saudi deportations of Ethiopian migrants risks spreading coronavirus.,Reliable,PUBHEALTH,Health News,claim,dataset_label,data/raw/pubhealth,8501,"Dawit Endeshaw, Giulia Paravicini",en
U.S. bishop may have exposed Catholics to hepatitis during Communion.,Reliable,PUBHEALTH,Health News,claim,dataset_label,data/raw/pubhealth,2430,Kevin Murphy,mixed
FACT CHECK: Trump pitches drug not approved for coronavirus.,Reliable,PUBHEALTH,"AP Top News, Malaria, Health, General News, AP Fact Check, Politics, Latin America, Impeachments, Trump impeachment, Donald Trump, Virus Outbreak, Michael Pence, Pandemics",claim,dataset_label,data/raw/pubhealth,7490," Hope Yen, Eric Tucker And Calvin Woodward",en
The legalization of marijuana will force police departments to euthanize their drug sniffing dogs.,Misinformation,PUBHEALTH,"Politics, cannabis, dogs, drug sniffing dogs",claim,dataset_label,data/raw/pubhealth,30405,Alex Kasprak,en
"“If you look at the one (hydroxychloroquine) survey, the only bad survey, they were giving it to people that were in very bad shape. They were very old. Almost dead.”",Misinformation,PUBHEALTH,"National, Coronavirus, Donald Trump, ",claim,dataset_label,data/raw/pubhealth,26274,Jon Greenberg,mixed
Pelosi sets Medicare showdown on drug costs and new benefits.,Reliable,PUBHEALTH,"Seniors, Frank Pallone, Health, General News, Politics, Bobby Scott, Richard Neal, Medicare, Prices, Business, Bills, Nancy Pelosi",claim,dataset_label,data/raw/pubhealth,4554, Ricardo Alonso-Zaldivar,en
Are You At Risk? 5 Different Types of Prostate Cancer Found,Misinformation,PUBHEALTH,"Cancer,Physician/practice news release",claim,dataset_label,data/raw/pubhealth,10497,"Kathlyn Stone,Richard Hoffman, MD,Kevin Lomangino",mixed
"Under last year’s health care reform, ""a bunch of bureaucrats decide whether you get care, such as continuing on dialysis or cancer chemotherapy.",Misinformation,PUBHEALTH,"Georgia, Health Care, Phil Gingrey, ",claim,dataset_label,data/raw/pubhealth,21649,Willoughby Mariano,en
The existence of a canine coronavirus vaccine casts doubt on statements that there isn’t one for humans.,Misinformation,PUBHEALTH,"Animals, Public Health, Facebook Fact-checks, Coronavirus, Facebook posts, ",claim,dataset_label,data/raw/pubhealth,26382,Samantha Putterman,en
"“Since the reopening of (Georgia), we’ve seen our COVID rate skyrocket by 40%.”",Misinformation,PUBHEALTH,"National, Coronavirus, Stacey Abrams, ",claim,dataset_label,data/raw/pubhealth,26307,Jon Greenberg,en
"Rudy Giuliani correctly tweeted that a research lab in Wuhan, China, got a $3.7 million grant from the U.S. in 2017 despite a ban on such funding.",Misinformation,PUBHEALTH,"Politics, COVID-19",claim,dataset_label,data/raw/pubhealth,35538,David Mikkelson,en
"The health care reform plan would set limits similar to the ""socialized"" system in Britain, where people are allowed to die if their treatment would cost more than $22,000.",Misinformation,PUBHEALTH,"National, Health Care, Club for Growth, ",claim,dataset_label,data/raw/pubhealth,24605,Catharine Richert,en
Indonesia doctor hits the streets to curb coronavirus.,Reliable,PUBHEALTH,Health News,claim,dataset_label,data/raw/pubhealth,8047,"Heru Asprihanto, Adi Kurniawan",en
Malawi becomes 1st nation to immunize kids against malaria.,Reliable,PUBHEALTH,"Malaria, Health, Africa, International News, GlaxoSmithKline, Europe, Malawi",claim,dataset_label,data/raw/pubhealth,4289, Maria Cheng,en
“In ‘Resident Evil’ the Umbrella Corporation releases a virus that infects the people of Raccoon City. A biological research lab with the exact same logo as the Umbrella Corporation can be found in the city where the coronavirus outbreak originated.”,Misinformation,PUBHEALTH,"China, Public Health, Facebook Fact-checks, Coronavirus, Facebook posts, ",claim,dataset_label,data/raw/pubhealth,26766,Bill McCarthy,en
HIV/AIDS among women is skyrocketing in Austin.,Misinformation,PUBHEALTH,"City Budget, City Government, Health Care, Public Health, Women, Texas, Ora Houston, ",claim,dataset_label,data/raw/pubhealth,15085,Mary Ann Roser,en
Facebook post Says researchers found a “fabric that kills coronaviruses”,Reliable,PUBHEALTH,"Public Health, Wisconsin, Coronavirus, Facebook posts, ",claim,dataset_label,data/raw/pubhealth,26210,Eric Litke,en
"Chinese officials are seeking approval to start the mass killing of 20,000 people in order to stop the spread of new coronavirus.",Misinformation,PUBHEALTH,Medical,claim,dataset_label,data/raw/pubhealth,35030,Dan Evon,en
Joe Diffie’s death was labeled “as a COVID-19 death and it wasn’t!”,Misinformation,PUBHEALTH,"Facebook Fact-checks, Coronavirus, Facebook posts, ",claim,dataset_label,data/raw/pubhealth,26437,Ciara O'Rourke,en
Boy with rare disease gets brand new skin with gene therapy.,Reliable,PUBHEALTH,"AP Top News, Health, Gene therapy, Genetic Frontiers, Germany, Science",claim,dataset_label,data/raw/pubhealth,7402, Maria Cheng,en
Washington state cannabis retailer opens in defiance of county ban.,Reliable,PUBHEALTH,Health News,claim,dataset_label,data/raw/pubhealth,1708,Eric M. Johnson,en
Blogger Says Nancy Pelosi was “caught trying to include abortion funding in bill to combat coronavirus.”,Misinformation,PUBHEALTH,"Abortion, Congress, Coronavirus, Bloggers, ",claim,dataset_label,data/raw/pubhealth,26672,Samantha Putterman,en
Rio urges Carnival visitors to stick to urban areas.,Reliable,PUBHEALTH,"Brazil, Rio de Janeiro, Health, Latin America, Carnivals, Travel, Waterfalls, Sightseeing",claim,dataset_label,data/raw/pubhealth,4819, Mauricio Savarese,en
"WHO says e-cigarettes, 'smoke-free' products do not help reduce cancer.",Reliable,PUBHEALTH,Health News,claim,dataset_label,data/raw/pubhealth,238,Tom Miles,en
Chicago’s mayor says top cop drinking before incident in car.,Reliable,PUBHEALTH,"Medication, Police, Chicago, Health, General News, Eddie Johnson, Lori Lightfoot, U.S. News",claim,dataset_label,data/raw/pubhealth,3927, Don Babwin,en
Quotes Sen. Lindsey Graham as saying President Trump “probably knows more about medicine and specifically viruses than any of the so-called scientists at the NIH and CDC.”,Misinformation,PUBHEALTH,"Fake news, Facebook Fact-checks, Coronavirus, Facebook posts, ",claim,dataset_label,data/raw/pubhealth,26749,Samantha Putterman,mixed
Government officials in Thailand have warned that an unidentified militant group contaminated canned foods with HIV.,Misinformation,PUBHEALTH,Health / Medical,claim,dataset_label,data/raw/pubhealth,38397,  Rich Buhler & Staff  ,en
"Reports of e-cigarette injury jump amid rising popularity, U.S. data show.",Reliable,PUBHEALTH,Health News,claim,dataset_label,data/raw/pubhealth,2358,Toni Clarke,en
A 26-year-old man named Alex Smith of Minneapolis died because he had aged out of his mother's health insurance and couldn't afford insulin.,Reliable,PUBHEALTH,"Politics, big pharma, diabetes, health insurance",claim,dataset_label,data/raw/pubhealth,27241,David Emery,en
"Alex Sink wants to ""cut Medicare.",Misinformation,PUBHEALTH,"Health Care, Medicare, Florida, Rick Scott, ",claim,dataset_label,data/raw/pubhealth,23466,Aaron Sharockman,en
Health experts back treatment for kids with peanut allergy.,Reliable,PUBHEALTH,"Medication, Health, Allergies, General News, AP Top News, U.S. News",claim,dataset_label,data/raw/pubhealth,3933, Matthew Perrone,en
'Do we really want to close schools?' U.S. authorities resist coronavirus closures.,Reliable,PUBHEALTH,Health News,claim,dataset_label,data/raw/pubhealth,8259,"Andrew Hay, Brendan O'Brien",en
"The COVID-19 pandemic was planned by the Rockefeller Foundation in ""Operation Lockstep.",Misinformation,PUBHEALTH,"Medical, COVID-19",claim,dataset_label,data/raw/pubhealth,35583,Dan Evon,en
"Donald Trump Says Hillary Clinton ""wants to go to a single-payer plan"" for health care",Misinformation,PUBHEALTH,"National, Health Care, Donald Trump, ",claim,dataset_label,data/raw/pubhealth,13363,C. Eugene Emery Jr.,en
"Fight against malaria could be set back 20 years, WHO warns.",Reliable,PUBHEALTH,"Matshidiso Moeti, Understanding the Outbreak, Malaria, Health, Cape Town, Ebola virus, Africa, International News, South Africa, United Nations, Virus Outbreak, General News",claim,dataset_label,data/raw/pubhealth,7484, Gerald Imray,en
Isles’ Lehner thrives after confronting mental health issues.,Reliable,PUBHEALTH,"Mental health, New York, NHL, Hockey, Bipolar disorder, North America, New York Islanders, Health, Thomas Greiss, Robin Lehner",claim,dataset_label,data/raw/pubhealth,5250, Stephen Whyno,en
EU suspends delivery of 10 million masks over quality issues.,Reliable,PUBHEALTH,"Understanding the Outbreak, Health, Poland, Virus Outbreak, Europe, General News",claim,dataset_label,data/raw/pubhealth,7468, Samuel Petrequin,en
Research finds talc doesn’t cause cancer; juries disagree.,Reliable,PUBHEALTH,"Trenton, CA State Wire, Cancer, MO State Wire, Lawsuits, Ovarian cancer, AP Business, Health, Trials, AL State Wire, NJ State Wire, U.S. News, Juries",claim,dataset_label,data/raw/pubhealth,4260, Linda A. Johnson,en
Literally lousy: Parasite plagues world salmon industry.,Reliable,PUBHEALTH,"AP Top News, Health, Canada, Scotland, North America, New Brunswick, Science, Chile, U.S. News, Norway",claim,dataset_label,data/raw/pubhealth,6726, Patrick Whittle,en
Pakistan psychologists issue conflict health warning.,Reliable,PUBHEALTH,Health News,claim,dataset_label,data/raw/pubhealth,2125,Michael Georgy,en
Tumor-free flounder: Study underscores Boston Harbor rebirth.,Reliable,PUBHEALTH,"Health, Boston, Fish, North America, Science, Tumors, Harbors, Massachusetts",claim,dataset_label,data/raw/pubhealth,4768, Philip Marcelo,en
Montana joins other states with vaping product bans .,Reliable,PUBHEALTH,"General News, Marijuana, Montana, Vaping, Public health, Tobacco industry regulation",claim,dataset_label,data/raw/pubhealth,3379, Matt Volz,en
The proportion of Rhode Islanders entering substance abuse treatment primarily due to marijuana use has reached its highest point in 20 years.,Misinformation,PUBHEALTH,"Rhode Island, Consumer Safety, Crime, Criminal Justice, Drugs, Economy, Government Regulation, History, Marijuana, Public Health, Public Safety, Recreation, Regulation, Small Business, Taxes, Kathleen Sullivan, ",claim,dataset_label,data/raw/pubhealth,15592,Mark Reynolds,en
A Harvard study proved that “unvaccinated children pose no risk” to other kids.,Misinformation,PUBHEALTH,"Medical, anti-vax, neon nettle",claim,dataset_label,data/raw/pubhealth,29204,Alex Kasprak,en
Measles is one of the most common causes of child blindness worldwide.,Reliable,PUBHEALTH,"Health Care, Public Health, PunditFact, Celine Gounder, ",claim,dataset_label,data/raw/pubhealth,15940,Katie Sanders,en
A recent invasion of New Guinea Flatworms in Florida poses a significant risk to human health and a sighting of this non-native animal should be reported to authorities by calling 911.,Misinformation,PUBHEALTH,"Medical, ecosystem, florida, goodfullness",claim,dataset_label,data/raw/pubhealth,29356,Alex Kasprak,en
"In clinical trial, cream reduces squamous cell carcinoma risk",Reliable,PUBHEALTH,"Brown University,fluorouacil,skin cancer",claim,dataset_label,data/raw/pubhealth,9049,"Earle Holland,Dan Mayer, MD,Kathlyn Stone",en
"Timely use of Novartis' Entresto could prevent or postpone over 28,000 US deaths per year among HFrEF patients, according to an expert analysis in JAMA Cardiology",Reliable,PUBHEALTH,"cardiovascular disease,industry/commercial news releases",claim,dataset_label,data/raw/pubhealth,10665,"Sally James,A'ndrea Elyse Messer, MS, PhD,Kathlyn Stone",en
"The Massachusetts health care plan is ""wildly unpopular"" among state residents.",Misinformation,PUBHEALTH,"National, Health Care, Polls and Public Opinion, Pundits, Laura Ingraham, ",claim,dataset_label,data/raw/pubhealth,22092,Louis Jacobson,en
WHO to reconsider declaring global emergency as China virus evacuations begin.,Reliable,PUBHEALTH,Health News,claim,dataset_label,data/raw/pubhealth,8927,"Se Young Lee, Stephanie Nebehay",en
Scientists have determined a date in January is statistically the most depressing day of the year.,Misinformation,PUBHEALTH,"Medical, Medical Myths",claim,dataset_label,data/raw/pubhealth,31828,Snopes Staff,en
3 economists who study poverty win Nobel Prize.,Reliable,PUBHEALTH,"AP Top News, Science, International News, Elinor Ostrom, General News, Business, Africa, Health, Nobel Prizes, Poverty, Massachusetts, Asia Pacific, Education, Europe, Stockholm",claim,dataset_label,data/raw/pubhealth,3471," Paul Wiseman, Aleksandar Ljubojevic And Steve Leblanc",en
Beloved Mote Marine sea turtle gets new Broward County home.,Reliable,PUBHEALTH,"Environmental education, Environment, Turtles",claim,dataset_label,data/raw/pubhealth,4438, Elizabeth Djinis,en
Judge weighs whether NC schools conspired to depress wages.,Reliable,PUBHEALTH,"Health, Lawsuits, North Carolina, North America, Durham, Apple Inc, University of North Carolina, Conspiracy, Greensboro, Duke University",claim,dataset_label,data/raw/pubhealth,7122, Emery P. Dalesio,en
"The Obama administration ... would impose on every Catholic institution, every Jewish institution, every Protestant institution the Obamacare standard of what you have to buy as insurance.",Misinformation,PUBHEALTH,"Abortion, National, Health Care, Religion, States, Newt Gingrich, ",claim,dataset_label,data/raw/pubhealth,20707,Becky Bowers,en
The artificial sweetener Splenda was inadequately tested and is unsafe for human consumption.,Misinformation,PUBHEALTH,"Medical, mercola, Toxin Du Jour",claim,dataset_label,data/raw/pubhealth,33331,David Mikkelson,en
"When U.S. President Donald Trump was asked what he'd say to people who lost family members to COVID-19, he replied, ""I would say this didn't hurt anyone as much as it hurt me.",Misinformation,PUBHEALTH,"Politics, COVID-19",claim,dataset_label,data/raw/pubhealth,35340,David Mikkelson,en
Blogger Says Vicks VapoRub caused a child’s death.,Misinformation,PUBHEALTH,"Global News Service, Children, Fake news, Health Care, Bloggers, ",claim,dataset_label,data/raw/pubhealth,13012,Jon Greenberg,en
"Obamacare ""will provide insurance to all non-U.S. residents, even if they are here illegally.",Misinformation,PUBHEALTH,"Immigration, Health Care, Florida, Chain email, ",claim,dataset_label,data/raw/pubhealth,18176,Katie Sanders,en
Post-war Liberians are demanding better mental health care.,Reliable,PUBHEALTH,"Liberia, Mental health, Health, General News, George Weah, Africa, Monrovia, West Africa, War crimes, International News",claim,dataset_label,data/raw/pubhealth,5944, Jonathan Paye-Layleh,en
Study shows therapy improves quality of life in people who have sleep apnea.,Misinformation,PUBHEALTH,"American Academy of Sleep Medicine,positive airway pressure (PAP) therapy,Sleep apnea",claim,dataset_label,data/raw/pubhealth,9064,"Leah Rosenbaum,Dan Mayer, MD,Kathlyn Stone",en
Some Cubans choose dose of private medicine despite price.,Reliable,PUBHEALTH,"Havana, Cuba, Health, Latin America, International News, AP Latino",claim,dataset_label,data/raw/pubhealth,7050, Andrea Rodriguez,en
"In Africa, a child dies every minute because of (malaria).",Reliable,PUBHEALTH,"Global News Service, Foreign Policy, Public Health, Tim Ziemer, ",claim,dataset_label,data/raw/pubhealth,14244,Jon Greenberg,en
Trampolines add bounce to group fitness classes.,Reliable,PUBHEALTH,Health News,claim,dataset_label,data/raw/pubhealth,2456,Dorene Internicola,en
The Baseball Diet Is Proving To Be A Heavy Favorite For Shedding Pounds In 2015,Misinformation,PUBHEALTH,"baseball,diets,lou pinella,weight loss",claim,dataset_label,data/raw/pubhealth,9303,"Andrew Holtz, MPH,Gary Schwitzer",en
Second man arrested in probe of Mac Miller’s overdose death.,Reliable,PUBHEALTH,"Arizona, Opioids, Music, General News, Entertainment, Mac Miller, Arrests, AP Top News, Prescription drugs, Celebrities, Cameron James Pettit, U.S. News, Prince",claim,dataset_label,data/raw/pubhealth,3835, Andrew Dalton,en
Facebook post says Joe Biden has said 150 million Americans died from guns and another 120 million from COVID-19,Reliable,PUBHEALTH,"Guns, Wisconsin, Coronavirus, Facebook posts, ",claim,dataset_label,data/raw/pubhealth,25931,Nusaiba Mizan,en
Fiancee sues over principal’s death in bone marrow procedure.,Reliable,PUBHEALTH,"Hackensack, New Jersey, Health, General News, U.S. News, Lawsuits",claim,dataset_label,data/raw/pubhealth,5230, David Porter,en
"Every day, ""about 100 people will be arrested for possession of marijuana in Georgia.",Misinformation,PUBHEALTH,"Georgia, Criminal Justice, Drugs, Marijuana, James Bell, ",claim,dataset_label,data/raw/pubhealth,18596,Janel Davis,en
"Routine ""recess"" a hit at White House obesity summit.",Reliable,PUBHEALTH,Health News,claim,dataset_label,data/raw/pubhealth,2132,Joanne Allen,tl
"North Korea to launch medical tourism, targeting visitors from China.",Reliable,PUBHEALTH,Health News,claim,dataset_label,data/raw/pubhealth,511,Hyonhee Shin,en
U.S. 'gag rule' linked to 40% jump in abortions in parts of Africa.,Reliable,PUBHEALTH,Health News,claim,dataset_label,data/raw/pubhealth,975,Kate Kelland,en
"Fish Oil Pills During Pregnancy Might Mean Stronger, Healthier Kids",Reliable,PUBHEALTH,"fish oil,Pregnancy",claim,dataset_label,data/raw/pubhealth,9336,"Earle Holland,Karen Carlson, MD,Joy Victory",en
Clusters of illness linked to CBD vapes share 2nd connection.,Reliable,PUBHEALTH,"Synthetic marijuana, AP Top News, Health, General News, Entertainment, Marijuana, Business, Science, Salt Lake City, U.S. News, Europe",claim,dataset_label,data/raw/pubhealth,6808, Holbrook Mohr,en
HIV in America: Studies zero in on trouble spots.,Reliable,PUBHEALTH,Health News,claim,dataset_label,data/raw/pubhealth,1957,Julie Steenhuysen,en
Sanofi to cut U.S. insulin costs for some patients to $99 per month.,Reliable,PUBHEALTH,Health News,claim,dataset_label,data/raw/pubhealth,2182,Michael Erman,en
"New Breast Reconstruction Technique Provides Better Outcomes, Less Discomfort for Women Recovering From Breast Cancer",Misinformation,PUBHEALTH,"Breast cancer,industry/commercial news releases",claim,dataset_label,data/raw/pubhealth,10352,"Dave Mosher,Deanna Attai, MD, FACS,Kathlyn Stone",en
U.S. President Donald Trump golfed several times and held a number of rallies after learning about the threat of the coronavirus.,Reliable,PUBHEALTH,"Politics, COVID-19",claim,dataset_label,data/raw/pubhealth,35211,Dan Evon,en
Same-day hip replacements get patients back on their feet,Misinformation,PUBHEALTH,"hip replacement,marketing,surgery",claim,dataset_label,data/raw/pubhealth,9637,"Andrew Holtz, MPH,Steven J. Atlas, MD, MPH,Joy Victory",en
New transplant research aims to salvage infected donated organs.,Reliable,PUBHEALTH,Health News,claim,dataset_label,data/raw/pubhealth,642,"Caroline Copley, Canice Leung",en
"NASA twins study explores space, the final genetic frontier.",Reliable,PUBHEALTH,"Genomics, Genetics, Health, Science, Mars, U.S. News",claim,dataset_label,data/raw/pubhealth,4454, Lauran Neergaard,en
“Boil some orange peels wit cayenne pepper in it stand over the pot breathe in the steam so all that mucus can release from yo nasal… MUCUS is the problem its where THE VIRUS LIVES!!!”,Misinformation,PUBHEALTH,"Public Health, Facebook Fact-checks, Coronavirus, Facebook posts, ",claim,dataset_label,data/raw/pubhealth,26599,Emily Venezky,en
New psoriasis drug is more effective than current treatment,Misinformation,PUBHEALTH,"Academic medical center news release,psoriasis",claim,dataset_label,data/raw/pubhealth,10772,"Matt Shipman,Harold J. DeMonaco, MS,Andrew Holtz, MPH",en
Researchers produce first widely protective vaccine against chlamydia,Misinformation,PUBHEALTH,"Academic medical center news release,Animal research",claim,dataset_label,data/raw/pubhealth,10461,"William Heisel,Richard Hoffman, MD,Kathlyn Stone",en
Christmas miracle for Florida dog whose heart stopped.,Reliable,PUBHEALTH,"Animals, Health, Florida, General News, Gainesville, Veterinary medicine, Dogs",claim,dataset_label,data/raw/pubhealth,3295,Associated Press,en
Gene-editing Chinese scientist kept much of his work secret.,Reliable,PUBHEALTH,"AP Top News, Health, Genetic Frontiers, Medical ethics, China, Science",claim,dataset_label,data/raw/pubhealth,7394, Christina Larson,en
